#YY  MM DD hh mm WDIR WSPD GST  WVHT   DPD   APD MWD   PRES  ATMP  WTMP  DEWP  VIS  TIDE
#yr  mo dy hr mn degT m/s  m/s     m   sec   sec degT   hPa  degC  degC  degC   mi    ft
2016 12 31 23 50 999 99.0 99.0  1.19 11.43  6.33 213 9999.0 999.0 999.0 999.0 99.0 99.00
2017 01 01 00 50 999 99.0 99.0  1.30 12.12  6.83 209 9999.0 999.0 999.0 999.0 99.0 99.00
2017 01 01 01 50 999 99.0 99.0  1.18 12.12  5.98 222 9999.0 999.0 999.0 999.0 99.0 99.00
2017 01 01 02 50 999 99.0 99.0  1.17 11.43  6.02 212 9999.0 999.0 999.0 999.0 99.0 99.00
2017 01 01 03 50 999 99.0 99.0  1.15 14.81  5.83 344 9999.0 999.0 999.0 999.0 99.0 99.00
2017 01 01 04 50 999 99.0 99.0  1.27 11.43  6.20 214 9999.0 999.0 999.0 999.0 99.0 99.00
2017 01 01 05 50 999 99.0 99.0  1.23 10.81  5.62 214 9999.0 999.0 999.0 999.0 99.0 99.00
2017 01 01 06 50 999 99.0 99.0  1.31 11.43  5.91 220 9999.0 999.0 999.0 999.0 99.0 99.00
2017 01 01 07 50 999 99.0 99.0  1.29 11.43  5.36 231 9999.0 999.0 999.0 999.0 99.0 99.00
2017 01 01 08 50 999 99.0 99.0  1.32 10.81  5.26 218 9999.0 999.0 999.0 999.0 99.0 99.00
2017 01 01 09 50 999 99.0 99.0  1.31 10.81  5.38 226 9999.0 999.0 999.0 999.0 99.0 99.00
2017 01 01 10 50 999 99.0 99.0  1.40 11.43  5.54 218 9999.0 999.0 999.0 999.0 99.0 99.00
2017 01 01 11 50 999 99.0 99.0  1.28 10.81  5.31 216 9999.0 999.0 999.0 999.0 99.0 99.00
2017 01 01 12 50 999 99.0 99.0  1.30 11.43  5.39 215 9999.0 999.0 999.0 999.0 99.0 99.00
2017 01 01 13 50 999 99.0 99.0  1.29 11.43  5.10 214 9999.0 999.0 999.0 999.0 99.0 99.00
2017 01 01 14 50 999 99.0 99.0  1.33  4.76  5.19 117 9999.0 999.0 999.0 999.0 99.0 99.00
2017 01 01 15 50 999 99.0 99.0  1.23  4.76  5.29 102 9999.0 999.0 999.0 999.0 99.0 99.00
2017 01 01 16 50 999 99.0 99.0  1.29 10.81  5.63 218 9999.0 999.0 999.0 999.0 99.0 99.00
2017 01 01 17 50 999 99.0 99.0  1.29 10.81  5.29 211 9999.0 999.0 999.0 999.0 99.0 99.00
2017 01 01 18 50 999 99.0 99.0  1.38 10.81  5.44 222 9999.0 999.0 999.0 999.0 99.0 99.00
2017 01 01 19 50 999 99.0 99.0  1.45 19.05  5.39 296 9999.0 999.0 999.0 999.0 99.0 99.00
2017 01 01 20 50 999 99.0 99.0  1.30  5.26  5.27 116 9999.0 999.0 999.0 999.0 99.0 99.00
2017 01 01 21 50 999 99.0 99.0  1.38  5.26  5.51 133 9999.0 999.0 999.0 999.0 99.0 99.00
2017 01 01 22 50 999 99.0 99.0  1.48 19.05  5.83 343 9999.0 999.0 999.0 999.0 99.0 99.00
2017 01 01 23 50 999 99.0 99.0  1.39 19.05  5.71 309 9999.0 999.0 999.0 999.0 99.0 99.00
2017 01 02 00 50 999 99.0 99.0  1.34 19.05  5.77 311 9999.0 999.0 999.0 999.0 99.0 99.00
2017 01 02 01 50 999 99.0 99.0  1.30 19.05  5.84 288 9999.0 999.0 999.0 999.0 99.0 99.00
2017 01 02 02 50 999 99.0 99.0  1.26 19.05  5.66 300 9999.0 999.0 999.0 999.0 99.0 99.00
2017 01 02 03 50 999 99.0 99.0  1.38 19.05  5.66 320 9999.0 999.0 999.0 999.0 99.0 99.00
2017 01 02 04 50 999 99.0 99.0  1.25 19.05  5.55 359 9999.0 999.0 999.0 999.0 99.0 99.00
2017 01 02 05 50 999 99.0 99.0  1.37 17.39  5.62 281 9999.0 999.0 999.0 999.0 99.0 99.00
2017 01 02 06 50 999 99.0 99.0  1.52 17.39  5.50 323 9999.0 999.0 999.0 999.0 99.0 99.00
2017 01 02 07 50 999 99.0 99.0  1.37 17.39  5.31 321 9999.0 999.0 999.0 999.0 99.0 99.00
2017 01 02 08 50 999 99.0 99.0  1.53 19.05  5.90 312 9999.0 999.0 999.0 999.0 99.0 99.00
2017 01 02 09 50 999 99.0 99.0  1.56 17.39  5.42 295 9999.0 999.0 999.0 999.0 99.0 99.00
2017 01 02 10 50 999 99.0 99.0  1.46  5.26  5.43 139 9999.0 999.0 999.0 999.0 99.0 99.00
2017 01 02 11 50 999 99.0 99.0  1.50 17.39  5.77 300 9999.0 999.0 999.0 999.0 99.0 99.00
2017 01 02 12 50 999 99.0 99.0  1.40 10.00  5.37 214 9999.0 999.0 999.0 999.0 99.0 99.00
2017 01 02 13 50 999 99.0 99.0  1.39 17.39  5.69 333 9999.0 999.0 999.0 999.0 99.0 99.00
2017 01 02 14 50 999 99.0 99.0  1.26  5.88  5.22 142 9999.0 999.0 999.0 999.0 99.0 99.00
2017 01 02 15 50 999 99.0 99.0  1.47 17.39  5.60 309 9999.0 999.0 999.0 999.0 99.0 99.00
2017 01 02 16 50 999 99.0 99.0  1.38 17.39  5.44 312 9999.0 999.0 999.0 999.0 99.0 99.00
2017 01 02 17 50 999 99.0 99.0  1.37 10.00  5.18 214 9999.0 999.0 999.0 999.0 99.0 99.00
2017 01 02 18 50 999 99.0 99.0  1.43 10.00  5.47 224 9999.0 999.0 999.0 999.0 99.0 99.00
2017 01 02 19 50 999 99.0 99.0  1.50 17.39  5.36 320 9999.0 999.0 999.0 999.0 99.0 99.00
2017 01 02 20 50 999 99.0 99.0  1.41 17.39  5.44 295 9999.0 999.0 999.0 999.0 99.0 99.00
2017 01 02 21 50 999 99.0 99.0  1.48 17.39  5.42 277 9999.0 999.0 999.0 999.0 99.0 99.00
2017 01 02 22 50 999 99.0 99.0  1.46 17.39  5.68 312 9999.0 999.0 999.0 999.0 99.0 99.00
2017 01 02 23 50 999 99.0 99.0  1.55  5.88  5.46 142 9999.0 999.0 999.0 999.0 99.0 99.00
2017 01 03 00 50 999 99.0 99.0  1.47 10.00  5.39 212 9999.0 999.0 999.0 999.0 99.0 99.00
2017 01 03 01 50 999 99.0 99.0  1.53 17.39  5.53 307 9999.0 999.0 999.0 999.0 99.0 99.00
2017 01 03 02 50 999 99.0 99.0  1.42 17.39  5.45 318 9999.0 999.0 999.0 999.0 99.0 99.00
2017 01 03 03 50 999 99.0 99.0  1.43 16.00  5.40 330 9999.0 999.0 999.0 999.0 99.0 99.00
2017 01 03 04 50 999 99.0 99.0  1.48 16.00  5.54 296 9999.0 999.0 999.0 999.0 99.0 99.00
2017 01 03 05 50 999 99.0 99.0  1.49 16.00  5.70 295 9999.0 999.0 999.0 999.0 99.0 99.00
2017 01 03 06 50 999 99.0 99.0  1.54  6.67  5.59 155 9999.0 999.0 999.0 999.0 99.0 99.00
2017 01 03 07 50 999 99.0 99.0  1.49 17.39  5.48 304 9999.0 999.0 999.0 999.0 99.0 99.00
2017 01 03 08 50 999 99.0 99.0  1.46  6.25  5.43 149 9999.0 999.0 999.0 999.0 99.0 99.00
2017 01 03 09 50 999 99.0 99.0  1.59  5.26  5.21 126 9999.0 999.0 999.0 999.0 99.0 99.00
2017 01 03 10 50 999 99.0 99.0  1.78  6.25  5.35 146 9999.0 999.0 999.0 999.0 99.0 99.00
2017 01 03 11 50 999 99.0 99.0  1.86  6.25  5.51 147 9999.0 999.0 999.0 999.0 99.0 99.00
2017 01 03 12 50 999 99.0 99.0  1.90  5.88  5.49 136 9999.0 999.0 999.0 999.0 99.0 99.00
2017 01 03 13 50 999 99.0 99.0  1.83  6.67  5.37 150 9999.0 999.0 999.0 999.0 99.0 99.00
2017 01 03 14 50 999 99.0 99.0  1.82 17.39  5.60 158 9999.0 999.0 999.0 999.0 99.0 99.00
2017 01 03 15 50 999 99.0 99.0  1.70  6.67  5.42 152 9999.0 999.0 999.0 999.0 99.0 99.00
2017 01 03 16 50 999 99.0 99.0  1.71  7.14  5.58 161 9999.0 999.0 999.0 999.0 99.0 99.00
2017 01 03 17 50 999 99.0 99.0  1.67 19.05  5.59 191 9999.0 999.0 999.0 999.0 99.0 99.00
2017 01 03 18 50 999 99.0 99.0  1.87 19.05  5.93 200 9999.0 999.0 999.0 999.0 99.0 99.00
2017 01 03 19 50 999 99.0 99.0  1.91 17.39  5.85 255 9999.0 999.0 999.0 999.0 99.0 99.00
2017 01 03 20 50 999 99.0 99.0  2.05 17.39  6.11 219 9999.0 999.0 999.0 999.0 99.0 99.00
2017 01 03 21 50 999 99.0 99.0  2.13 17.39  6.10 201 9999.0 999.0 999.0 999.0 99.0 99.00
2017 01 03 22 50 999 99.0 99.0  2.08 17.39  5.88 229 9999.0 999.0 999.0 999.0 99.0 99.00
2017 01 03 23 50 999 99.0 99.0  2.01  6.67  5.96 136 9999.0 999.0 999.0 999.0 99.0 99.00
2017 01 04 00 50 999 99.0 99.0  2.14 17.39  6.08 260 9999.0 999.0 999.0 999.0 99.0 99.00
2017 01 04 01 50 999 99.0 99.0  2.18 17.39  6.06 218 9999.0 999.0 999.0 999.0 99.0 99.00
2017 01 04 02 50 999 99.0 99.0  2.07 17.39  5.91 216 9999.0 999.0 999.0 999.0 99.0 99.00
2017 01 04 03 50 999 99.0 99.0  2.14 17.39  5.91 251 9999.0 999.0 999.0 999.0 99.0 99.00
2017 01 04 04 50 999 99.0 99.0  2.11 17.39  5.87 212 9999.0 999.0 999.0 999.0 99.0 99.00
2017 01 04 05 50 999 99.0 99.0  2.00 17.39  6.00 254 9999.0 999.0 999.0 999.0 99.0 99.00
2017 01 04 06 50 999 99.0 99.0  2.17 17.39  6.01 224 9999.0 999.0 999.0 999.0 99.0 99.00
2017 01 04 07 50 999 99.0 99.0  2.13 16.00  5.82 223 9999.0 999.0 999.0 999.0 99.0 99.00
2017 01 04 08 50 999 99.0 99.0  2.05  7.69  5.88 150 9999.0 999.0 999.0 999.0 99.0 99.00
2017 01 04 09 50 999 99.0 99.0  2.09  7.69  5.92 150 9999.0 999.0 999.0 999.0 99.0 99.00
2017 01 04 10 50 999 99.0 99.0  2.34  5.88  6.14 131 9999.0 999.0 999.0 999.0 99.0 99.00
2017 01 04 11 50 999 99.0 99.0  2.39 17.39  6.33 243 9999.0 999.0 999.0 999.0 99.0 99.00
2017 01 04 12 50 999 99.0 99.0  2.38 17.39  6.52 241 9999.0 999.0 999.0 999.0 99.0 99.00
2017 01 04 13 50 999 99.0 99.0  2.48 16.00  6.58 247 9999.0 999.0 999.0 999.0 99.0 99.00
2017 01 04 14 50 999 99.0 99.0  2.51 16.00  6.68 223 9999.0 999.0 999.0 999.0 99.0 99.00
2017 01 04 15 50 999 99.0 99.0  2.38  9.09  6.38 155 9999.0 999.0 999.0 999.0 99.0 99.00
2017 01 04 16 50 999 99.0 99.0  2.39 16.00  6.65 236 9999.0 999.0 999.0 999.0 99.0 99.00
2017 01 04 17 50 999 99.0 99.0  2.42 16.00  6.58 229 9999.0 999.0 999.0 999.0 99.0 99.00
2017 01 04 18 50 999 99.0 99.0  2.33  8.33  6.51 146 9999.0 999.0 999.0 999.0 99.0 99.00
2017 01 04 19 50 999 99.0 99.0  2.38 16.00  6.53 220 9999.0 999.0 999.0 999.0 99.0 99.00
2017 01 04 20 50 999 99.0 99.0  2.31  8.33  6.35 155 9999.0 999.0 999.0 999.0 99.0 99.00
2017 01 04 21 50 999 99.0 99.0  2.64 16.00  6.75 233 9999.0 999.0 999.0 999.0 99.0 99.00
2017 01 04 22 50 999 99.0 99.0  2.21  8.33  6.43 164 9999.0 999.0 999.0 999.0 99.0 99.00
2017 01 04 23 50 999 99.0 99.0  2.53  7.69  6.56 146 9999.0 999.0 999.0 999.0 99.0 99.00
2017 01 05 00 50 999 99.0 99.0  2.38  7.69  6.40 149 9999.0 999.0 999.0 999.0 99.0 99.00
2017 01 05 01 50 999 99.0 99.0  2.50  7.69  6.28 151 9999.0 999.0 999.0 999.0 99.0 99.00
2017 01 05 02 50 999 99.0 99.0  2.49  8.33  6.33 157 9999.0 999.0 999.0 999.0 99.0 99.00
2017 01 05 03 50 999 99.0 99.0  2.43  9.09  6.48 163 9999.0 999.0 999.0 999.0 99.0 99.00
2017 01 05 04 50 999 99.0 99.0  2.46  8.33  6.53 160 9999.0 999.0 999.0 999.0 99.0 99.00
2017 01 05 05 50 999 99.0 99.0  2.45  8.33  6.68 156 9999.0 999.0 999.0 999.0 99.0 99.00
2017 01 05 06 50 999 99.0 99.0  2.38  8.33  6.77 165 9999.0 999.0 999.0 999.0 99.0 99.00
2017 01 05 07 50 999 99.0 99.0  2.48 10.00  6.97 184 9999.0 999.0 999.0 999.0 99.0 99.00
2017 01 05 08 50 999 99.0 99.0  2.52  8.33  6.79 153 9999.0 999.0 999.0 999.0 99.0 99.00
2017 01 05 09 50 999 99.0 99.0  2.48  9.09  6.85 144 9999.0 999.0 999.0 999.0 99.0 99.00
2017 01 05 10 50 999 99.0 99.0  2.44  9.09  6.53 160 9999.0 999.0 999.0 999.0 99.0 99.00
2017 01 05 11 50 999 99.0 99.0  2.52  9.09  6.71 156 9999.0 999.0 999.0 999.0 99.0 99.00
2017 01 05 12 50 999 99.0 99.0  2.55 10.00  6.92 158 9999.0 999.0 999.0 999.0 99.0 99.00
2017 01 05 13 50 999 99.0 99.0  2.57 10.00  6.88 172 9999.0 999.0 999.0 999.0 99.0 99.00
2017 01 05 14 50 999 99.0 99.0  2.55  9.09  6.66 156 9999.0 999.0 999.0 999.0 99.0 99.00
2017 01 05 15 50 999 99.0 99.0  2.40 10.00  6.77 178 9999.0 999.0 999.0 999.0 99.0 99.00
2017 01 05 16 50 999 99.0 99.0  2.39  8.33  6.79 161 9999.0 999.0 999.0 999.0 99.0 99.00
2017 01 05 17 50 999 99.0 99.0  2.47 10.00  6.71 185 9999.0 999.0 999.0 999.0 99.0 99.00
2017 01 05 18 50 999 99.0 99.0  2.47 10.00  7.06 184 9999.0 999.0 999.0 999.0 99.0 99.00
2017 01 05 19 50 999 99.0 99.0  2.38  9.09  6.75 165 9999.0 999.0 999.0 999.0 99.0 99.00
2017 01 05 20 50 999 99.0 99.0  2.38  9.09  6.80 162 9999.0 999.0 999.0 999.0 99.0 99.00
2017 01 05 21 50 999 99.0 99.0  2.70  9.09  6.99 154 9999.0 999.0 999.0 999.0 99.0 99.00
2017 01 05 22 50 999 99.0 99.0  2.52  9.09  6.94 158 9999.0 999.0 999.0 999.0 99.0 99.00
2017 01 05 23 50 999 99.0 99.0  2.52  9.09  6.79 175 9999.0 999.0 999.0 999.0 99.0 99.00
2017 01 06 00 50 999 99.0 99.0  2.56 10.00  6.84 158 9999.0 999.0 999.0 999.0 99.0 99.00
2017 01 06 01 50 999 99.0 99.0  2.51  9.09  6.63 164 9999.0 999.0 999.0 999.0 99.0 99.00
2017 01 06 02 50 999 99.0 99.0  2.49 10.00  6.83 149 9999.0 999.0 999.0 999.0 99.0 99.00
2017 01 06 03 50 999 99.0 99.0  2.59  9.09  6.80 159 9999.0 999.0 999.0 999.0 99.0 99.00
2017 01 06 04 50 999 99.0 99.0  2.31  9.09  6.58 160 9999.0 999.0 999.0 999.0 99.0 99.00
2017 01 06 05 50 999 99.0 99.0  2.38 10.00  6.94 162 9999.0 999.0 999.0 999.0 99.0 99.00
2017 01 06 06 50 999 99.0 99.0  2.35  9.09  6.62 143 9999.0 999.0 999.0 999.0 99.0 99.00
2017 01 06 07 50 999 99.0 99.0  2.46 10.00  6.92 168 9999.0 999.0 999.0 999.0 99.0 99.00
2017 01 06 08 50 999 99.0 99.0  2.36  9.09  6.77 149 9999.0 999.0 999.0 999.0 99.0 99.00
2017 01 06 09 50 999 99.0 99.0  2.33 10.00  6.82 177 9999.0 999.0 999.0 999.0 99.0 99.00
2017 01 06 10 50 999 99.0 99.0  2.18 10.00  6.67 159 9999.0 999.0 999.0 999.0 99.0 99.00
2017 01 06 11 50 999 99.0 99.0  2.30 10.00  6.63 160 9999.0 999.0 999.0 999.0 99.0 99.00
2017 01 06 12 50 999 99.0 99.0  2.34 10.00  6.74 158 9999.0 999.0 999.0 999.0 99.0 99.00
2017 01 06 13 50 999 99.0 99.0  2.42  9.09  6.90 156 9999.0 999.0 999.0 999.0 99.0 99.00
2017 01 06 14 50 999 99.0 99.0  2.34 10.00  6.62 174 9999.0 999.0 999.0 999.0 99.0 99.00
2017 01 06 15 50 999 99.0 99.0  2.54 10.00  6.96 166 9999.0 999.0 999.0 999.0 99.0 99.00
2017 01 06 16 50 999 99.0 99.0  2.04  8.33  6.38 155 9999.0 999.0 999.0 999.0 99.0 99.00
2017 01 06 17 50 999 99.0 99.0  2.00 10.81  6.38 173 9999.0 999.0 999.0 999.0 99.0 99.00
2017 01 06 18 50 999 99.0 99.0  2.06  9.09  6.29 162 9999.0 999.0 999.0 999.0 99.0 99.00
2017 01 06 19 50 999 99.0 99.0  2.14  9.09  6.65 146 9999.0 999.0 999.0 999.0 99.0 99.00
2017 01 06 20 50 999 99.0 99.0  2.01 10.00  6.50 178 9999.0 999.0 999.0 999.0 99.0 99.00
2017 01 06 21 50 999 99.0 99.0  2.18 17.39  6.64 202 9999.0 999.0 999.0 999.0 99.0 99.00
2017 01 06 22 50 999 99.0 99.0  2.07 17.39  6.67 236 9999.0 999.0 999.0 999.0 99.0 99.00
2017 01 06 23 50 999 99.0 99.0  2.30 10.00  6.90 161 9999.0 999.0 999.0 999.0 99.0 99.00
2017 01 07 00 50 999 99.0 99.0  2.50 10.00  7.13 163 9999.0 999.0 999.0 999.0 99.0 99.00
2017 01 07 01 50 999 99.0 99.0  2.05 10.00  6.53 172 9999.0 999.0 999.0 999.0 99.0 99.00
2017 01 07 02 50 999 99.0 99.0  2.10 10.00  6.39 177 9999.0 999.0 999.0 999.0 99.0 99.00
2017 01 07 03 50 999 99.0 99.0  2.03 10.00  6.34 189 9999.0 999.0 999.0 999.0 99.0 99.00
2017 01 07 04 50 999 99.0 99.0  2.20 16.00  6.80 224 9999.0 999.0 999.0 999.0 99.0 99.00
2017 01 07 05 50 999 99.0 99.0  2.00 16.00  6.67 243 9999.0 999.0 999.0 999.0 99.0 99.00
2017 01 07 06 50 999 99.0 99.0  2.14 16.00  7.02 225 9999.0 999.0 999.0 999.0 99.0 99.00
2017 01 07 07 50 999 99.0 99.0  2.19 16.00  7.14 223 9999.0 999.0 999.0 999.0 99.0 99.00
2017 01 07 08 50 999 99.0 99.0  2.10 16.00  6.96 240 9999.0 999.0 999.0 999.0 99.0 99.00
2017 01 07 09 50 999 99.0 99.0  2.21 16.00  6.98 234 9999.0 999.0 999.0 999.0 99.0 99.00
2017 01 07 10 50 999 99.0 99.0  2.08 16.00  7.36 217 9999.0 999.0 999.0 999.0 99.0 99.00
2017 01 07 11 50 999 99.0 99.0  1.93 16.00  6.73 226 9999.0 999.0 999.0 999.0 99.0 99.00
2017 01 07 12 50 999 99.0 99.0  1.92 14.81  6.36 202 9999.0 999.0 999.0 999.0 99.0 99.00
2017 01 07 13 50 999 99.0 99.0  2.05 14.81  6.86 234 9999.0 999.0 999.0 999.0 99.0 99.00
2017 01 07 14 50 999 99.0 99.0  1.96 14.81  6.68 219 9999.0 999.0 999.0 999.0 99.0 99.00
2017 01 07 15 50 999 99.0 99.0  2.11 14.81  6.95 241 9999.0 999.0 999.0 999.0 99.0 99.00
2017 01 07 16 50 999 99.0 99.0  1.92 14.81  6.40 227 9999.0 999.0 999.0 999.0 99.0 99.00
2017 01 07 17 50 999 99.0 99.0  1.91 14.81  6.58 218 9999.0 999.0 999.0 999.0 99.0 99.00
2017 01 07 18 50 999 99.0 99.0  1.92 13.79  6.49 232 9999.0 999.0 999.0 999.0 99.0 99.00
2017 01 07 19 50 999 99.0 99.0  1.83 14.81  6.61 231 9999.0 999.0 999.0 999.0 99.0 99.00
2017 01 07 20 50 999 99.0 99.0  1.79 14.81  6.31 229 9999.0 999.0 999.0 999.0 99.0 99.00
2017 01 07 21 50 999 99.0 99.0  1.84 13.79  6.74 226 9999.0 999.0 999.0 999.0 99.0 99.00
2017 01 07 22 50 999 99.0 99.0  1.95 13.79  7.16 229 9999.0 999.0 999.0 999.0 99.0 99.00
2017 01 07 23 50 999 99.0 99.0  1.77 13.79  6.49 216 9999.0 999.0 999.0 999.0 99.0 99.00
2017 01 08 00 50 999 99.0 99.0  1.79 12.90  6.40 218 9999.0 999.0 999.0 999.0 99.0 99.00
2017 01 08 01 50 999 99.0 99.0  1.68 13.79  6.14 212 9999.0 999.0 999.0 999.0 99.0 99.00
2017 01 08 02 50 999 99.0 99.0  1.71 13.79  6.05 236 9999.0 999.0 999.0 999.0 99.0 99.00
2017 01 08 03 50 999 99.0 99.0  1.74 13.79  6.13 216 9999.0 999.0 999.0 999.0 99.0 99.00
2017 01 08 04 50 999 99.0 99.0  1.71 13.79  6.11 232 9999.0 999.0 999.0 999.0 99.0 99.00
2017 01 08 05 50 999 99.0 99.0  1.80 12.90  6.43 224 9999.0 999.0 999.0 999.0 99.0 99.00
2017 01 08 06 50 999 99.0 99.0  1.72 13.79  6.43 225 9999.0 999.0 999.0 999.0 99.0 99.00
2017 01 08 07 50 999 99.0 99.0  1.64 13.79  6.07 228 9999.0 999.0 999.0 999.0 99.0 99.00
2017 01 08 08 50 999 99.0 99.0  1.72 12.90  6.15 222 9999.0 999.0 999.0 999.0 99.0 99.00
2017 01 08 09 50 999 99.0 99.0  1.60 12.90  5.58 205 9999.0 999.0 999.0 999.0 99.0 99.00
2017 01 08 10 50 999 99.0 99.0  1.78 12.90  5.99 218 9999.0 999.0 999.0 999.0 99.0 99.00
2017 01 08 11 50 999 99.0 99.0  1.60 12.12  5.94 222 9999.0 999.0 999.0 999.0 99.0 99.00
2017 01 08 12 50 999 99.0 99.0  1.68 12.90  6.03 232 9999.0 999.0 999.0 999.0 99.0 99.00
2017 01 08 14 50 999 99.0 99.0  1.60 12.12  5.85 218 9999.0 999.0 999.0 999.0 99.0 99.00
2017 01 08 15 50 999 99.0 99.0  1.65 12.12  5.97 227 9999.0 999.0 999.0 999.0 99.0 99.00
2017 01 08 16 50 999 99.0 99.0  1.60 12.12  6.09 223 9999.0 999.0 999.0 999.0 99.0 99.00
2017 01 08 17 50 999 99.0 99.0  1.66 12.12  6.21 220 9999.0 999.0 999.0 999.0 99.0 99.00
2017 01 08 18 50 999 99.0 99.0  1.47 12.12  6.07 231 9999.0 999.0 999.0 999.0 99.0 99.00
2017 01 08 19 50 999 99.0 99.0  1.47 12.90  6.05 232 9999.0 999.0 999.0 999.0 99.0 99.00
2017 01 08 20 50 999 99.0 99.0  1.57 12.12  6.48 214 9999.0 999.0 999.0 999.0 99.0 99.00
2017 01 08 21 50 999 99.0 99.0  1.45 12.90  6.35 237 9999.0 999.0 999.0 999.0 99.0 99.00
2017 01 08 22 50 999 99.0 99.0  1.49 12.12  6.79 223 9999.0 999.0 999.0 999.0 99.0 99.00
2017 01 08 23 50 999 99.0 99.0  1.37 11.43  6.13 211 9999.0 999.0 999.0 999.0 99.0 99.00
2017 01 09 00 50 999 99.0 99.0  1.41 12.12  6.06 226 9999.0 999.0 999.0 999.0 99.0 99.00
2017 01 09 01 50 999 99.0 99.0  1.38 12.12  5.80 217 9999.0 999.0 999.0 999.0 99.0 99.00
2017 01 09 02 50 999 99.0 99.0  1.49 12.12  6.04 222 9999.0 999.0 999.0 999.0 99.0 99.00
2017 01 09 03 50 999 99.0 99.0  1.38 10.81  5.62 198 9999.0 999.0 999.0 999.0 99.0 99.00
2017 01 09 04 50 999 99.0 99.0  1.50 11.43  6.01 220 9999.0 999.0 999.0 999.0 99.0 99.00
2017 01 09 05 50 999 99.0 99.0  1.31 11.43  5.78 206 9999.0 999.0 999.0 999.0 99.0 99.00
2017 01 09 06 50 999 99.0 99.0  1.45 12.12  6.03 218 9999.0 999.0 999.0 999.0 99.0 99.00
2017 01 09 07 50 999 99.0 99.0  1.38 12.12  5.67 216 9999.0 999.0 999.0 999.0 99.0 99.00
2017 01 09 09 50 999 99.0 99.0  1.39 11.43  5.82 214 9999.0 999.0 999.0 999.0 99.0 99.00
2017 01 09 10 50 999 99.0 99.0  1.34 12.12  5.76 227 9999.0 999.0 999.0 999.0 99.0 99.00
2017 01 09 11 50 999 99.0 99.0  1.34 10.81  5.81 223 9999.0 999.0 999.0 999.0 99.0 99.00
2017 01 09 12 50 999 99.0 99.0  1.39 12.12  5.71 221 9999.0 999.0 999.0 999.0 99.0 99.00
2017 01 09 13 50 999 99.0 99.0  1.37 10.81  5.56 215 9999.0 999.0 999.0 999.0 99.0 99.00
2017 01 09 14 50 999 99.0 99.0  1.48 12.12  5.46 225 9999.0 999.0 999.0 999.0 99.0 99.00
2017 01 09 15 50 999 99.0 99.0  1.50 11.43  5.73 211 9999.0 999.0 999.0 999.0 99.0 99.00
2017 01 09 16 50 999 99.0 99.0  1.49 12.12  5.76 231 9999.0 999.0 999.0 999.0 99.0 99.00
2017 01 09 17 50 999 99.0 99.0  1.54 11.43  5.73 224 9999.0 999.0 999.0 999.0 99.0 99.00
2017 01 09 18 50 999 99.0 99.0  1.47 11.43  5.72 234 9999.0 999.0 999.0 999.0 99.0 99.00
2017 01 09 19 50 999 99.0 99.0  1.45 12.90  5.97 234 9999.0 999.0 999.0 999.0 99.0 99.00
2017 01 09 20 50 999 99.0 99.0  1.37 16.00  6.24 233 9999.0 999.0 999.0 999.0 99.0 99.00
2017 01 09 21 50 999 99.0 99.0  1.28 16.00  6.06 232 9999.0 999.0 999.0 999.0 99.0 99.00
2017 01 09 22 50 999 99.0 99.0  1.29 10.81  6.32 207 9999.0 999.0 999.0 999.0 99.0 99.00
2017 01 09 23 50 999 99.0 99.0  1.45 11.43  6.95 217 9999.0 999.0 999.0 999.0 99.0 99.00
2017 01 10 00 50 999 99.0 99.0  1.45 16.00  6.89 230 9999.0 999.0 999.0 999.0 99.0 99.00
2017 01 10 01 50 999 99.0 99.0  1.39 16.00  6.38 232 9999.0 999.0 999.0 999.0 99.0 99.00
2017 01 10 02 50 999 99.0 99.0  1.46 16.00  6.57 231 9999.0 999.0 999.0 999.0 99.0 99.00
2017 01 10 03 50 999 99.0 99.0  1.35 16.00  6.03 237 9999.0 999.0 999.0 999.0 99.0 99.00
2017 01 10 04 50 999 99.0 99.0  1.42 16.00  6.17 211 9999.0 999.0 999.0 999.0 99.0 99.00
2017 01 10 05 50 999 99.0 99.0  1.26 10.81  5.60 213 9999.0 999.0 999.0 999.0 99.0 99.00
2017 01 10 06 50 999 99.0 99.0  1.40 16.00  5.81 209 9999.0 999.0 999.0 999.0 99.0 99.00
2017 01 10 07 50 999 99.0 99.0  1.56 16.00  6.18 216 9999.0 999.0 999.0 999.0 99.0 99.00
2017 01 10 08 50 999 99.0 99.0  1.42 16.00  5.96 250 9999.0 999.0 999.0 999.0 99.0 99.00
2017 01 10 09 50 999 99.0 99.0  1.51 16.00  6.23 233 9999.0 999.0 999.0 999.0 99.0 99.00
2017 01 10 10 50 999 99.0 99.0  1.50 14.81  5.98 233 9999.0 999.0 999.0 999.0 99.0 99.00
2017 01 10 11 50 999 99.0 99.0  1.54 14.81  6.26 240 9999.0 999.0 999.0 999.0 99.0 99.00
2017 01 10 12 50 999 99.0 99.0  1.29 14.81  5.77 238 9999.0 999.0 999.0 999.0 99.0 99.00
2017 01 10 13 50 999 99.0 99.0  1.56 14.81  5.69 226 9999.0 999.0 999.0 999.0 99.0 99.00
2017 01 10 14 50 999 99.0 99.0  1.57 14.81  5.91 215 9999.0 999.0 999.0 999.0 99.0 99.00
2017 01 10 15 50 999 99.0 99.0  1.64 14.81  5.92 217 9999.0 999.0 999.0 999.0 99.0 99.00
2017 01 10 16 50 999 99.0 99.0  1.75 14.81  5.90 245 9999.0 999.0 999.0 999.0 99.0 99.00
2017 01 10 17 50 999 99.0 99.0  1.69 14.81  6.03 249 9999.0 999.0 999.0 999.0 99.0 99.00
2017 01 10 18 50 999 99.0 99.0  1.66 14.81  5.78 229 9999.0 999.0 999.0 999.0 99.0 99.00
2017 01 10 19 50 999 99.0 99.0  1.61 14.81  5.98 231 9999.0 999.0 999.0 999.0 99.0 99.00
2017 01 10 20 50 999 99.0 99.0  1.61 14.81  5.89 230 9999.0 999.0 999.0 999.0 99.0 99.00
2017 01 10 21 50 999 99.0 99.0  1.54 14.81  5.86 232 9999.0 999.0 999.0 999.0 99.0 99.00
2017 01 10 22 50 999 99.0 99.0  1.57 13.79  6.17 238 9999.0 999.0 999.0 999.0 99.0 99.00
2017 01 10 23 50 999 99.0 99.0  1.58 13.79  6.07 233 9999.0 999.0 999.0 999.0 99.0 99.00
2017 01 11 00 50 999 99.0 99.0  1.60 13.79  6.08 235 9999.0 999.0 999.0 999.0 99.0 99.00
2017 01 11 01 50 999 99.0 99.0  1.63 14.81  6.13 232 9999.0 999.0 999.0 999.0 99.0 99.00
2017 01 11 02 50 999 99.0 99.0  1.69 13.79  6.60 223 9999.0 999.0 999.0 999.0 99.0 99.00
2017 01 11 03 50 999 99.0 99.0  1.63 13.79  5.87 223 9999.0 999.0 999.0 999.0 99.0 99.00
2017 01 11 04 50 999 99.0 99.0  1.50  5.26  5.42 122 9999.0 999.0 999.0 999.0 99.0 99.00
2017 01 11 05 50 999 99.0 99.0  1.56 13.79  5.41 233 9999.0 999.0 999.0 999.0 99.0 99.00
2017 01 11 06 50 999 99.0 99.0  1.66 13.79  5.71 243 9999.0 999.0 999.0 999.0 99.0 99.00
2017 01 11 07 50 999 99.0 99.0  1.56 13.79  5.61 208 9999.0 999.0 999.0 999.0 99.0 99.00
2017 01 11 08 50 999 99.0 99.0  1.62 13.79  5.73 230 9999.0 999.0 999.0 999.0 99.0 99.00
2017 01 11 09 50 999 99.0 99.0  1.49 12.90  5.48 203 9999.0 999.0 999.0 999.0 99.0 99.00
2017 01 11 10 50 999 99.0 99.0  1.46 13.79  5.50 224 9999.0 999.0 999.0 999.0 99.0 99.00
2017 01 11 11 50 999 99.0 99.0  1.46 12.90  5.83 224 9999.0 999.0 999.0 999.0 99.0 99.00
2017 01 11 12 50 999 99.0 99.0  1.54 12.90  5.84 218 9999.0 999.0 999.0 999.0 99.0 99.00
2017 01 11 13 50 999 99.0 99.0  1.49 12.90  5.59 227 9999.0 999.0 999.0 999.0 99.0 99.00
2017 01 11 14 50 999 99.0 99.0  1.45 12.90  5.61 211 9999.0 999.0 999.0 999.0 99.0 99.00
2017 01 11 15 50 999 99.0 99.0  1.48  5.88  5.39 128 9999.0 999.0 999.0 999.0 99.0 99.00
2017 01 11 16 50 999 99.0 99.0  1.56 12.90  5.54 232 9999.0 999.0 999.0 999.0 99.0 99.00
2017 01 11 17 50 999 99.0 99.0  1.53 12.90  5.35 234 9999.0 999.0 999.0 999.0 99.0 99.00
2017 01 11 18 50 999 99.0 99.0  1.44 12.12  5.51 216 9999.0 999.0 999.0 999.0 99.0 99.00
2017 01 11 19 50 999 99.0 99.0  1.50 12.90  5.55 250 9999.0 999.0 999.0 999.0 99.0 99.00
2017 01 11 20 50 999 99.0 99.0  1.44 12.12  5.54 227 9999.0 999.0 999.0 999.0 99.0 99.00
2017 01 11 21 50 999 99.0 99.0  1.31 12.12  5.48 237 9999.0 999.0 999.0 999.0 99.0 99.00
2017 01 11 22 50 999 99.0 99.0  1.43 13.79  5.56 245 9999.0 999.0 999.0 999.0 99.0 99.00
2017 01 11 23 50 999 99.0 99.0  1.40 12.12  5.49 219 9999.0 999.0 999.0 999.0 99.0 99.00
2017 01 12 00 50 999 99.0 99.0  1.38 12.90  5.72 220 9999.0 999.0 999.0 999.0 99.0 99.00
2017 01 12 01 50 999 99.0 99.0  1.26 12.90  5.32 254 9999.0 999.0 999.0 999.0 99.0 99.00
2017 01 12 02 50 999 99.0 99.0  1.37 12.90  5.43 224 9999.0 999.0 999.0 999.0 99.0 99.00
2017 01 12 03 50 999 99.0 99.0  1.38 12.90  5.51 210 9999.0 999.0 999.0 999.0 99.0 99.00
2017 01 12 04 50 999 99.0 99.0  1.36 12.90  5.48 230 9999.0 999.0 999.0 999.0 99.0 99.00
2017 01 12 05 50 999 99.0 99.0  1.31 12.12  5.41 228 9999.0 999.0 999.0 999.0 99.0 99.00
2017 01 12 06 50 999 99.0 99.0  1.33 14.81  5.38 169 9999.0 999.0 999.0 999.0 99.0 99.00
2017 01 12 07 50 999 99.0 99.0  1.41 12.90  5.56 219 9999.0 999.0 999.0 999.0 99.0 99.00
2017 01 12 08 50 999 99.0 99.0  1.29 13.79  5.30 222 9999.0 999.0 999.0 999.0 99.0 99.00
2017 01 12 09 50 999 99.0 99.0  1.38 13.79  5.84 203 9999.0 999.0 999.0 999.0 99.0 99.00
2017 01 12 10 50 999 99.0 99.0  1.37 13.79  5.49 190 9999.0 999.0 999.0 999.0 99.0 99.00
2017 01 12 11 50 999 99.0 99.0  1.46 12.90  5.98 214 9999.0 999.0 999.0 999.0 99.0 99.00
2017 01 12 12 50 999 99.0 99.0  1.32 13.79  5.91 194 9999.0 999.0 999.0 999.0 99.0 99.00
2017 01 12 13 50 999 99.0 99.0  1.34 13.79  6.26 203 9999.0 999.0 999.0 999.0 99.0 99.00
2017 01 12 14 50 999 99.0 99.0  1.21 13.79  5.98 211 9999.0 999.0 999.0 999.0 99.0 99.00
2017 01 12 15 50 999 99.0 99.0  1.44 13.79  6.24 219 9999.0 999.0 999.0 999.0 99.0 99.00
2017 01 12 16 50 999 99.0 99.0  1.60 12.90  6.59 206 9999.0 999.0 999.0 999.0 99.0 99.00
2017 01 12 17 50 999 99.0 99.0  1.50 12.90  6.26 200 9999.0 999.0 999.0 999.0 99.0 99.00
2017 01 12 18 50 999 99.0 99.0  1.59 12.90  6.46 220 9999.0 999.0 999.0 999.0 99.0 99.00
2017 01 12 19 50 999 99.0 99.0  1.41 12.90  5.78 195 9999.0 999.0 999.0 999.0 99.0 99.00
2017 01 12 20 50 999 99.0 99.0  1.48 12.90  5.77 196 9999.0 999.0 999.0 999.0 99.0 99.00
2017 01 12 21 50 999 99.0 99.0  1.54 12.12  5.68 221 9999.0 999.0 999.0 999.0 99.0 99.00
2017 01 12 22 50 999 99.0 99.0  1.45 11.43  5.65 191 9999.0 999.0 999.0 999.0 99.0 99.00
2017 01 12 23 50 999 99.0 99.0  1.52 12.90  5.57 197 9999.0 999.0 999.0 999.0 99.0 99.00
2017 01 13 00 50 999 99.0 99.0  1.63 12.12  6.10 211 9999.0 999.0 999.0 999.0 99.0 99.00
2017 01 13 01 50 999 99.0 99.0  1.46 12.90  6.19 199 9999.0 999.0 999.0 999.0 99.0 99.00
2017 01 13 02 50 999 99.0 99.0  1.57 12.12  7.06 211 9999.0 999.0 999.0 999.0 99.0 99.00
2017 01 13 03 50 999 99.0 99.0  1.47 12.12  6.66 203 9999.0 999.0 999.0 999.0 99.0 99.00
2017 01 13 04 50 999 99.0 99.0  1.60 12.12  6.69 203 9999.0 999.0 999.0 999.0 99.0 99.00
2017 01 13 05 50 999 99.0 99.0  1.48 11.43  6.06 200 9999.0 999.0 999.0 999.0 99.0 99.00
2017 01 13 06 50 999 99.0 99.0  1.48 12.12  6.17 206 9999.0 999.0 999.0 999.0 99.0 99.00
2017 01 13 07 50 999 99.0 99.0  1.49 12.90  6.11 214 9999.0 999.0 999.0 999.0 99.0 99.00
2017 01 13 08 50 999 99.0 99.0  1.49 12.12  6.18 212 9999.0 999.0 999.0 999.0 99.0 99.00
2017 01 13 09 50 999 99.0 99.0  1.59 11.43  6.52 211 9999.0 999.0 999.0 999.0 99.0 99.00
2017 01 13 10 50 999 99.0 99.0  1.45 12.12  6.14 197 9999.0 999.0 999.0 999.0 99.0 99.00
2017 01 13 11 50 999 99.0 99.0  1.66 12.12  6.49 209 9999.0 999.0 999.0 999.0 99.0 99.00
2017 01 13 12 50 999 99.0 99.0  1.60 10.81  6.60 200 9999.0 999.0 999.0 999.0 99.0 99.00
2017 01 13 13 50 999 99.0 99.0  1.54 10.81  6.20 206 9999.0 999.0 999.0 999.0 99.0 99.00
2017 01 13 14 50 999 99.0 99.0  1.52 12.12  6.24 207 9999.0 999.0 999.0 999.0 99.0 99.00
2017 01 13 15 50 999 99.0 99.0  1.46 12.12  6.22 194 9999.0 999.0 999.0 999.0 99.0 99.00
2017 01 13 16 50 999 99.0 99.0  1.62 11.43  6.64 214 9999.0 999.0 999.0 999.0 99.0 99.00
2017 01 13 17 50 999 99.0 99.0  1.58 11.43  6.64 200 9999.0 999.0 999.0 999.0 99.0 99.00
2017 01 13 18 50 999 99.0 99.0  1.47 11.43  6.16 199 9999.0 999.0 999.0 999.0 99.0 99.00
2017 01 13 19 50 999 99.0 99.0  1.43 12.90  6.04 204 9999.0 999.0 999.0 999.0 99.0 99.00
2017 01 13 20 50 999 99.0 99.0  1.48 13.79  6.06 202 9999.0 999.0 999.0 999.0 99.0 99.00
2017 01 13 21 50 999 99.0 99.0  1.61 11.43  6.26 213 9999.0 999.0 999.0 999.0 99.0 99.00
2017 01 13 22 50 999 99.0 99.0  1.54 12.12  6.21 203 9999.0 999.0 999.0 999.0 99.0 99.00
2017 01 13 23 50 999 99.0 99.0  1.35 12.12  5.73 184 9999.0 999.0 999.0 999.0 99.0 99.00
2017 01 14 00 50 999 99.0 99.0  1.41 12.90  5.94 188 9999.0 999.0 999.0 999.0 99.0 99.00
2017 01 14 01 50 999 99.0 99.0  1.36 12.12  5.84 204 9999.0 999.0 999.0 999.0 99.0 99.00
2017 01 14 02 50 999 99.0 99.0  1.45 12.12  5.95 210 9999.0 999.0 999.0 999.0 99.0 99.00
2017 01 14 03 50 999 99.0 99.0  1.40 12.12  5.90 199 9999.0 999.0 999.0 999.0 99.0 99.00
2017 01 14 04 50 999 99.0 99.0  1.36 10.81  5.85 214 9999.0 999.0 999.0 999.0 99.0 99.00
2017 01 14 05 50 999 99.0 99.0  1.46 10.81  6.17 207 9999.0 999.0 999.0 999.0 99.0 99.00
2017 01 14 06 50 999 99.0 99.0  1.47 11.43  6.13 199 9999.0 999.0 999.0 999.0 99.0 99.00
2017 01 14 07 50 999 99.0 99.0  1.48 11.43  6.09 208 9999.0 999.0 999.0 999.0 99.0 99.00
2017 01 14 08 50 999 99.0 99.0  1.52 11.43  6.03 200 9999.0 999.0 999.0 999.0 99.0 99.00
2017 01 14 09 50 999 99.0 99.0  1.49 10.81  5.96 190 9999.0 999.0 999.0 999.0 99.0 99.00
2017 01 14 10 50 999 99.0 99.0  1.41 10.81  6.17 202 9999.0 999.0 999.0 999.0 99.0 99.00
2017 01 14 11 50 999 99.0 99.0  1.47 10.81  6.19 216 9999.0 999.0 999.0 999.0 99.0 99.00
2017 01 14 12 50 999 99.0 99.0  1.48 11.43  6.41 194 9999.0 999.0 999.0 999.0 99.0 99.00
2017 01 14 13 50 999 99.0 99.0  1.41 11.43  6.33 189 9999.0 999.0 999.0 999.0 99.0 99.00
2017 01 14 14 50 999 99.0 99.0  1.40 12.90  6.24 215 9999.0 999.0 999.0 999.0 99.0 99.00
2017 01 14 15 50 999 99.0 99.0  1.42 11.43  6.66 198 9999.0 999.0 999.0 999.0 99.0 99.00
2017 01 14 16 50 999 99.0 99.0  1.43 10.81  6.61 199 9999.0 999.0 999.0 999.0 99.0 99.00
2017 01 14 17 50 999 99.0 99.0  1.45 10.81  6.56 196 9999.0 999.0 999.0 999.0 99.0 99.00
2017 01 14 18 50 999 99.0 99.0  1.46 12.90  6.21 205 9999.0 999.0 999.0 999.0 99.0 99.00
2017 01 14 19 50 999 99.0 99.0  1.57 11.43  6.29 192 9999.0 999.0 999.0 999.0 99.0 99.00
2017 01 14 20 50 999 99.0 99.0  1.57 11.43  6.66 188 9999.0 999.0 999.0 999.0 99.0 99.00
2017 01 14 21 50 999 99.0 99.0  1.58 11.43  6.55 187 9999.0 999.0 999.0 999.0 99.0 99.00
2017 01 14 22 50 999 99.0 99.0  1.49 10.81  6.35 200 9999.0 999.0 999.0 999.0 99.0 99.00
2017 01 14 23 50 999 99.0 99.0  1.50 12.12  6.09 193 9999.0 999.0 999.0 999.0 99.0 99.00
2017 01 15 00 50 999 99.0 99.0  1.44 11.43  5.67 217 9999.0 999.0 999.0 999.0 99.0 99.00
2017 01 15 01 50 999 99.0 99.0  1.46 10.81  5.51 202 9999.0 999.0 999.0 999.0 99.0 99.00
2017 01 15 02 50 999 99.0 99.0  1.46 12.12  5.62 210 9999.0 999.0 999.0 999.0 99.0 99.00
2017 01 15 03 50 999 99.0 99.0  1.46 10.81  5.42 178 9999.0 999.0 999.0 999.0 99.0 99.00
2017 01 15 04 50 999 99.0 99.0  1.48 11.43  5.42 209 9999.0 999.0 999.0 999.0 99.0 99.00
2017 01 15 05 50 999 99.0 99.0  1.55 12.12  5.65 203 9999.0 999.0 999.0 999.0 99.0 99.00
2017 01 15 06 50 999 99.0 99.0  1.57 10.81  5.63 205 9999.0 999.0 999.0 999.0 99.0 99.00
2017 01 15 07 50 999 99.0 99.0  1.59 10.81  5.79 198 9999.0 999.0 999.0 999.0 99.0 99.00
2017 01 15 08 50 999 99.0 99.0  1.56 10.81  5.70 199 9999.0 999.0 999.0 999.0 99.0 99.00
2017 01 15 09 50 999 99.0 99.0  1.64  6.67  5.61 161 9999.0 999.0 999.0 999.0 99.0 99.00
2017 01 15 10 50 999 99.0 99.0  1.57  7.69  5.47 166 9999.0 999.0 999.0 999.0 99.0 99.00
2017 01 15 11 50 999 99.0 99.0  1.59  7.69  5.90 160 9999.0 999.0 999.0 999.0 99.0 99.00
2017 01 15 12 50 999 99.0 99.0  1.50  7.69  5.80 161 9999.0 999.0 999.0 999.0 99.0 99.00
2017 01 15 13 50 999 99.0 99.0  1.50 10.81  6.02 200 9999.0 999.0 999.0 999.0 99.0 99.00
2017 01 15 14 50 999 99.0 99.0  1.52 10.00  6.16 199 9999.0 999.0 999.0 999.0 99.0 99.00
2017 01 15 15 50 999 99.0 99.0  1.47  7.69  6.08 155 9999.0 999.0 999.0 999.0 99.0 99.00
2017 01 15 16 50 999 99.0 99.0  1.52 10.00  6.16 202 9999.0 999.0 999.0 999.0 99.0 99.00
2017 01 15 17 50 999 99.0 99.0  1.60  7.69  6.49 158 9999.0 999.0 999.0 999.0 99.0 99.00
2017 01 15 18 50 999 99.0 99.0  1.68  9.09  6.30 179 9999.0 999.0 999.0 999.0 99.0 99.00
2017 01 15 19 50 999 99.0 99.0  1.57 10.00  6.28 188 9999.0 999.0 999.0 999.0 99.0 99.00
2017 01 15 20 50 999 99.0 99.0  1.73  7.69  6.52 146 9999.0 999.0 999.0 999.0 99.0 99.00
2017 01 15 21 50 999 99.0 99.0  1.69 10.00  6.17 192 9999.0 999.0 999.0 999.0 99.0 99.00
2017 01 15 22 50 999 99.0 99.0  1.73  9.09  6.21 169 9999.0 999.0 999.0 999.0 99.0 99.00
2017 01 15 23 50 999 99.0 99.0  1.61  7.69  6.20 151 9999.0 999.0 999.0 999.0 99.0 99.00
2017 01 16 00 50 999 99.0 99.0  1.64  8.33  6.25 152 9999.0 999.0 999.0 999.0 99.0 99.00
2017 01 16 01 50 999 99.0 99.0  1.45 10.81  5.96 193 9999.0 999.0 999.0 999.0 99.0 99.00
2017 01 16 02 50 999 99.0 99.0  1.51  9.09  6.11 155 9999.0 999.0 999.0 999.0 99.0 99.00
2017 01 16 03 50 999 99.0 99.0  1.56  9.09  6.55 149 9999.0 999.0 999.0 999.0 99.0 99.00
2017 01 16 04 50 999 99.0 99.0  1.56  8.33  6.15 151 9999.0 999.0 999.0 999.0 99.0 99.00
2017 01 16 05 50 999 99.0 99.0  1.53  8.33  6.18 153 9999.0 999.0 999.0 999.0 99.0 99.00
2017 01 16 06 50 999 99.0 99.0  1.52  8.33  6.31 159 9999.0 999.0 999.0 999.0 99.0 99.00
2017 01 16 07 50 999 99.0 99.0  1.51  8.33  6.24 153 9999.0 999.0 999.0 999.0 99.0 99.00
2017 01 16 08 50 999 99.0 99.0  1.48  7.14  6.02 156 9999.0 999.0 999.0 999.0 99.0 99.00
2017 01 16 09 50 999 99.0 99.0  1.50  8.33  5.96 165 9999.0 999.0 999.0 999.0 99.0 99.00
2017 01 16 10 50 999 99.0 99.0  1.68  8.33  5.99 154 9999.0 999.0 999.0 999.0 99.0 99.00
2017 01 16 11 50 999 99.0 99.0  1.46  8.33  5.83 154 9999.0 999.0 999.0 999.0 99.0 99.00
2017 01 16 12 50 999 99.0 99.0  1.42  8.33  5.79 156 9999.0 999.0 999.0 999.0 99.0 99.00
2017 01 16 13 50 999 99.0 99.0  1.40  8.33  5.85 155 9999.0 999.0 999.0 999.0 99.0 99.00
2017 01 16 14 50 999 99.0 99.0  1.41  9.09  6.03 162 9999.0 999.0 999.0 999.0 99.0 99.00
2017 01 16 15 50 999 99.0 99.0  1.35  7.69  6.06 158 9999.0 999.0 999.0 999.0 99.0 99.00
2017 01 16 16 50 999 99.0 99.0  1.33  8.33  6.23 163 9999.0 999.0 999.0 999.0 99.0 99.00
2017 01 16 17 50 999 99.0 99.0  1.49  9.09  6.77 173 9999.0 999.0 999.0 999.0 99.0 99.00
2017 01 16 18 50 999 99.0 99.0  1.38  9.09  6.51 157 9999.0 999.0 999.0 999.0 99.0 99.00
2017 01 16 19 50 999 99.0 99.0  1.50  8.33  6.31 154 9999.0 999.0 999.0 999.0 99.0 99.00
2017 01 16 20 50 999 99.0 99.0  1.52 10.00  6.50 169 9999.0 999.0 999.0 999.0 99.0 99.00
2017 01 16 21 50 999 99.0 99.0  1.61 10.00  6.51 179 9999.0 999.0 999.0 999.0 99.0 99.00
2017 01 16 22 50 999 99.0 99.0  1.51 10.00  6.33 176 9999.0 999.0 999.0 999.0 99.0 99.00
2017 01 16 23 50 999 99.0 99.0  1.52  8.33  6.18 162 9999.0 999.0 999.0 999.0 99.0 99.00
2017 01 17 00 50 999 99.0 99.0  1.39  9.09  6.02 162 9999.0 999.0 999.0 999.0 99.0 99.00
2017 01 17 01 50 999 99.0 99.0  1.34  9.09  6.18 151 9999.0 999.0 999.0 999.0 99.0 99.00
2017 01 17 02 50 999 99.0 99.0  1.38 10.00  5.97 153 9999.0 999.0 999.0 999.0 99.0 99.00
2017 01 17 03 50 999 99.0 99.0  1.28 10.00  5.88 150 9999.0 999.0 999.0 999.0 99.0 99.00
2017 01 17 04 50 999 99.0 99.0  1.25 10.00  5.99 163 9999.0 999.0 999.0 999.0 99.0 99.00
2017 01 17 05 50 999 99.0 99.0  1.36 10.00  6.04 170 9999.0 999.0 999.0 999.0 99.0 99.00
2017 01 17 06 50 999 99.0 99.0  1.34  8.33  5.84 165 9999.0 999.0 999.0 999.0 99.0 99.00
2017 01 17 07 50 999 99.0 99.0  1.36  8.33  5.75 169 9999.0 999.0 999.0 999.0 99.0 99.00
2017 01 17 08 50 999 99.0 99.0  1.46  9.09  5.79 175 9999.0 999.0 999.0 999.0 99.0 99.00
2017 01 17 09 50 999 99.0 99.0  1.48  9.09  5.97 164 9999.0 999.0 999.0 999.0 99.0 99.00
2017 01 17 10 50 999 99.0 99.0  1.48  9.09  5.73 163 9999.0 999.0 999.0 999.0 99.0 99.00
2017 01 17 11 50 999 99.0 99.0  1.46  9.09  5.81 164 9999.0 999.0 999.0 999.0 99.0 99.00
2017 01 17 12 50 999 99.0 99.0  1.36 10.00  5.72 174 9999.0 999.0 999.0 999.0 99.0 99.00
2017 01 17 13 50 999 99.0 99.0  1.31  9.09  5.60 152 9999.0 999.0 999.0 999.0 99.0 99.00
2017 01 17 14 50 999 99.0 99.0  1.30  7.69  5.77 157 9999.0 999.0 999.0 999.0 99.0 99.00
2017 01 17 15 50 999 99.0 99.0  1.27  9.09  5.95 168 9999.0 999.0 999.0 999.0 99.0 99.00
2017 01 17 16 50 999 99.0 99.0  1.25  9.09  6.15 159 9999.0 999.0 999.0 999.0 99.0 99.00
2017 01 17 17 50 999 99.0 99.0  1.23  7.69  6.07 166 9999.0 999.0 999.0 999.0 99.0 99.00
2017 01 17 18 50 999 99.0 99.0  1.30  9.09  6.08 164 9999.0 999.0 999.0 999.0 99.0 99.00
2017 01 17 19 50 999 99.0 99.0  1.30  8.33  5.79 157 9999.0 999.0 999.0 999.0 99.0 99.00
2017 01 17 20 50 999 99.0 99.0  1.32  9.09  5.67 173 9999.0 999.0 999.0 999.0 99.0 99.00
2017 01 17 21 50 999 99.0 99.0  1.46  8.33  5.73 168 9999.0 999.0 999.0 999.0 99.0 99.00
2017 01 17 22 50 999 99.0 99.0  1.35  8.33  5.51 167 9999.0 999.0 999.0 999.0 99.0 99.00
2017 01 17 23 50 999 99.0 99.0  1.48  8.33  5.49 162 9999.0 999.0 999.0 999.0 99.0 99.00
2017 01 18 00 50 999 99.0 99.0  1.37  8.33  5.36 151 9999.0 999.0 999.0 999.0 99.0 99.00
2017 01 18 01 50 999 99.0 99.0  1.40  8.33  5.35 167 9999.0 999.0 999.0 999.0 99.0 99.00
2017 01 18 02 50 999 99.0 99.0  1.39  8.33  5.55 174 9999.0 999.0 999.0 999.0 99.0 99.00
2017 01 18 03 50 999 99.0 99.0  1.25  8.33  5.69 166 9999.0 999.0 999.0 999.0 99.0 99.00
2017 01 18 04 50 999 99.0 99.0  1.27  6.25  5.71 156 9999.0 999.0 999.0 999.0 99.0 99.00
2017 01 18 05 50 999 99.0 99.0  1.22  7.69  5.64 168 9999.0 999.0 999.0 999.0 99.0 99.00
2017 01 18 06 50 999 99.0 99.0  1.30  6.67  5.45 156 9999.0 999.0 999.0 999.0 99.0 99.00
2017 01 18 07 50 999 99.0 99.0  1.22  6.67  5.47 161 9999.0 999.0 999.0 999.0 99.0 99.00
2017 01 18 08 50 999 99.0 99.0  1.21  6.67  5.41 150 9999.0 999.0 999.0 999.0 99.0 99.00
2017 01 18 09 50 999 99.0 99.0  1.37 10.00  5.67 186 9999.0 999.0 999.0 999.0 99.0 99.00
2017 01 18 10 50 999 99.0 99.0  1.33  6.25  5.45 140 9999.0 999.0 999.0 999.0 99.0 99.00
2017 01 18 11 50 999 99.0 99.0  1.25  6.67  5.37 149 9999.0 999.0 999.0 999.0 99.0 99.00
2017 01 18 12 50 999 99.0 99.0  1.29  6.67  5.41 151 9999.0 999.0 999.0 999.0 99.0 99.00
2017 01 18 13 50 999 99.0 99.0  1.20  6.25  5.45 148 9999.0 999.0 999.0 999.0 99.0 99.00
2017 01 18 14 50 999 99.0 99.0  1.20 12.12  5.65 205 9999.0 999.0 999.0 999.0 99.0 99.00
2017 01 18 15 50 999 99.0 99.0  1.19 10.00  5.67 190 9999.0 999.0 999.0 999.0 99.0 99.00
2017 01 18 16 50 999 99.0 99.0  1.17 12.12  5.55 192 9999.0 999.0 999.0 999.0 99.0 99.00
2017 01 18 17 50 999 99.0 99.0  1.16 12.12  5.57 219 9999.0 999.0 999.0 999.0 99.0 99.00
2017 01 18 18 50 999 99.0 99.0  1.17 10.81  5.48 202 9999.0 999.0 999.0 999.0 99.0 99.00
2017 01 18 19 50 999 99.0 99.0  1.15 11.43  5.33 214 9999.0 999.0 999.0 999.0 99.0 99.00
2017 01 18 20 50 999 99.0 99.0  1.27 10.81  5.40 197 9999.0 999.0 999.0 999.0 99.0 99.00
2017 01 18 21 50 999 99.0 99.0  1.28  6.67  5.39 160 9999.0 999.0 999.0 999.0 99.0 99.00
2017 01 18 22 50 999 99.0 99.0  1.33  6.67  5.44 165 9999.0 999.0 999.0 999.0 99.0 99.00
2017 01 18 23 50 999 99.0 99.0  1.27 10.00  5.40 195 9999.0 999.0 999.0 999.0 99.0 99.00
2017 01 19 00 50 999 99.0 99.0  1.31  6.25  5.30 161 9999.0 999.0 999.0 999.0 99.0 99.00
2017 01 19 01 50 999 99.0 99.0  1.34 10.81  5.52 191 9999.0 999.0 999.0 999.0 99.0 99.00
2017 01 19 02 50 999 99.0 99.0  1.21  6.67  5.33 156 9999.0 999.0 999.0 999.0 99.0 99.00
2017 01 19 03 50 999 99.0 99.0  1.15 10.81  5.41 215 9999.0 999.0 999.0 999.0 99.0 99.00
2017 01 19 04 50 999 99.0 99.0  1.22  7.14  5.53 158 9999.0 999.0 999.0 999.0 99.0 99.00
2017 01 19 05 50 999 99.0 99.0  1.23 10.81  5.76 199 9999.0 999.0 999.0 999.0 99.0 99.00
2017 01 19 06 50 999 99.0 99.0  1.15  6.67  5.57 156 9999.0 999.0 999.0 999.0 99.0 99.00
2017 01 19 07 50 999 99.0 99.0  1.16  7.14  5.59 166 9999.0 999.0 999.0 999.0 99.0 99.00
2017 01 19 08 50 999 99.0 99.0  1.17  6.67  5.88 160 9999.0 999.0 999.0 999.0 99.0 99.00
2017 01 19 09 50 999 99.0 99.0  1.16 10.00  5.84 183 9999.0 999.0 999.0 999.0 99.0 99.00
2017 01 19 10 50 999 99.0 99.0  1.16 12.90  5.83 285 9999.0 999.0 999.0 999.0 99.0 99.00
2017 01 19 11 50 999 99.0 99.0  1.17  6.67  5.60 166 9999.0 999.0 999.0 999.0 99.0 99.00
2017 01 19 12 50 999 99.0 99.0  1.13  6.25  5.47 151 9999.0 999.0 999.0 999.0 99.0 99.00
2017 01 19 13 50 999 99.0 99.0  1.12 12.90  5.49 262 9999.0 999.0 999.0 999.0 99.0 99.00
2017 01 19 14 50 999 99.0 99.0  1.12 12.90  5.85 250 9999.0 999.0 999.0 999.0 99.0 99.00
2017 01 19 15 50 999 99.0 99.0  1.11  7.69  5.72 155 9999.0 999.0 999.0 999.0 99.0 99.00
2017 01 19 16 50 999 99.0 99.0  1.05  7.14  5.71 160 9999.0 999.0 999.0 999.0 99.0 99.00
2017 01 19 17 50 999 99.0 99.0  1.17 12.90  6.26 277 9999.0 999.0 999.0 999.0 99.0 99.00
2017 01 19 18 50 999 99.0 99.0  1.08 12.90  5.98 281 9999.0 999.0 999.0 999.0 99.0 99.00
2017 01 19 19 50 999 99.0 99.0  1.17 12.12  6.33 258 9999.0 999.0 999.0 999.0 99.0 99.00
2017 01 19 20 50 999 99.0 99.0  1.13 12.12  6.53 248 9999.0 999.0 999.0 999.0 99.0 99.00
2017 01 19 21 50 999 99.0 99.0  1.08  7.14  6.27 162 9999.0 999.0 999.0 999.0 99.0 99.00
2017 01 19 22 50 999 99.0 99.0  1.22 12.90  6.64 219 9999.0 999.0 999.0 999.0 99.0 99.00
2017 01 19 23 50 999 99.0 99.0  1.11  7.14  6.25 157 9999.0 999.0 999.0 999.0 99.0 99.00
2017 01 20 00 50 999 99.0 99.0  1.17 12.12  6.27 217 9999.0 999.0 999.0 999.0 99.0 99.00
2017 01 20 01 50 999 99.0 99.0  1.20 12.12  6.63 207 9999.0 999.0 999.0 999.0 99.0 99.00
2017 01 20 02 50 999 99.0 99.0  1.21  8.33  6.37 159 9999.0 999.0 999.0 999.0 99.0 99.00
2017 01 20 03 50 999 99.0 99.0  1.21  8.33  6.35 156 9999.0 999.0 999.0 999.0 99.0 99.00
2017 01 20 04 50 999 99.0 99.0  1.23 12.12  6.69 226 9999.0 999.0 999.0 999.0 99.0 99.00
2017 01 20 05 50 999 99.0 99.0  1.17 12.12  6.49 199 9999.0 999.0 999.0 999.0 99.0 99.00
2017 01 20 06 50 999 99.0 99.0  1.16 21.05  6.68 306 9999.0 999.0 999.0 999.0 99.0 99.00
2017 01 20 07 50 999 99.0 99.0  1.28 12.12  6.92 208 9999.0 999.0 999.0 999.0 99.0 99.00
2017 01 20 08 50 999 99.0 99.0  1.16 12.12  6.69 233 9999.0 999.0 999.0 999.0 99.0 99.00
2017 01 20 09 50 999 99.0 99.0  1.26 11.43  7.37 204 9999.0 999.0 999.0 999.0 99.0 99.00
2017 01 20 10 50 999 99.0 99.0  1.30 11.43  6.95 212 9999.0 999.0 999.0 999.0 99.0 99.00
2017 01 20 11 50 999 99.0 99.0  1.30 11.43  6.65 210 9999.0 999.0 999.0 999.0 99.0 99.00
2017 01 20 12 50 999 99.0 99.0  1.36 11.43  5.87 207 9999.0 999.0 999.0 999.0 99.0 99.00
2017 01 20 13 50 999 99.0 99.0  1.41 11.43  6.41 206 9999.0 999.0 999.0 999.0 99.0 99.00
2017 01 20 14 50 999 99.0 99.0  1.44 11.43  6.86 214 9999.0 999.0 999.0 999.0 99.0 99.00
2017 01 20 15 50 999 99.0 99.0  1.39 11.43  7.27 201 9999.0 999.0 999.0 999.0 99.0 99.00
2017 01 20 16 50 999 99.0 99.0  1.45 10.81  7.30 197 9999.0 999.0 999.0 999.0 99.0 99.00
2017 01 20 17 50 999 99.0 99.0  1.44 10.81  7.44 199 9999.0 999.0 999.0 999.0 99.0 99.00
2017 01 20 18 50 999 99.0 99.0  1.60 10.81  7.71 207 9999.0 999.0 999.0 999.0 99.0 99.00
2017 01 20 19 50 999 99.0 99.0  1.43 10.81  7.26 200 9999.0 999.0 999.0 999.0 99.0 99.00
2017 01 20 20 50 999 99.0 99.0  1.44 10.81  7.02 209 9999.0 999.0 999.0 999.0 99.0 99.00
2017 01 20 21 50 999 99.0 99.0  1.49 10.81  7.02 202 9999.0 999.0 999.0 999.0 99.0 99.00
2017 01 20 22 50 999 99.0 99.0  1.58 11.43  7.19 206 9999.0 999.0 999.0 999.0 99.0 99.00
2017 01 20 23 50 999 99.0 99.0  1.66 10.81  7.19 202 9999.0 999.0 999.0 999.0 99.0 99.00
2017 01 21 00 50 999 99.0 99.0  1.56 10.00  6.65 215 9999.0 999.0 999.0 999.0 99.0 99.00
2017 01 21 01 50 999 99.0 99.0  1.69 10.81  6.60 206 9999.0 999.0 999.0 999.0 99.0 99.00
2017 01 21 02 50 999 99.0 99.0  1.57 11.43  6.28 241 9999.0 999.0 999.0 999.0 99.0 99.00
2017 01 21 03 50 999 99.0 99.0  1.62 12.12  6.30 200 9999.0 999.0 999.0 999.0 99.0 99.00
2017 01 21 04 50 999 99.0 99.0  1.70 19.05  6.87 329 9999.0 999.0 999.0 999.0 99.0 99.00
2017 01 21 05 50 999 99.0 99.0  1.52 19.05  6.58 312 9999.0 999.0 999.0 999.0 99.0 99.00
2017 01 21 06 50 999 99.0 99.0  1.50 11.43  6.43 198 9999.0 999.0 999.0 999.0 99.0 99.00
2017 01 21 07 50 999 99.0 99.0  1.50 19.05  6.84 293 9999.0 999.0 999.0 999.0 99.0 99.00
2017 01 21 08 50 999 99.0 99.0  1.42 10.81  6.43 201 9999.0 999.0 999.0 999.0 99.0 99.00
2017 01 21 09 50 999 99.0 99.0  1.49 19.05  6.45 296 9999.0 999.0 999.0 999.0 99.0 99.00
2017 01 21 10 50 999 99.0 99.0  1.51 10.81  6.80 209 9999.0 999.0 999.0 999.0 99.0 99.00
2017 01 21 11 50 999 99.0 99.0  1.57 10.81  6.49 207 9999.0 999.0 999.0 999.0 99.0 99.00
2017 01 21 12 50 999 99.0 99.0  1.52 10.00  6.34 200 9999.0 999.0 999.0 999.0 99.0 99.00
2017 01 21 13 50 999 99.0 99.0  1.67 19.05  6.94 315 9999.0 999.0 999.0 999.0 99.0 99.00
2017 01 21 14 50 999 99.0 99.0  1.46 19.05  6.57 334 9999.0 999.0 999.0 999.0 99.0 99.00
2017 01 21 15 50 999 99.0 99.0  1.54 10.81  6.71 199 9999.0 999.0 999.0 999.0 99.0 99.00
2017 01 21 16 50 999 99.0 99.0  1.51 19.05  7.03 325 9999.0 999.0 999.0 999.0 99.0 99.00
2017 01 21 17 50 999 99.0 99.0  1.44 19.05  7.22 307 9999.0 999.0 999.0 999.0 99.0 99.00
2017 01 21 18 50 999 99.0 99.0  1.46 10.81  7.33 199 9999.0 999.0 999.0 999.0 99.0 99.00
2017 01 21 19 50 999 99.0 99.0  1.56 19.05  7.54 304 9999.0 999.0 999.0 999.0 99.0 99.00
2017 01 21 20 50 999 99.0 99.0  1.44 10.00  6.94 208 9999.0 999.0 999.0 999.0 99.0 99.00
2017 01 21 21 50 999 99.0 99.0  1.50 17.39  7.36 343 9999.0 999.0 999.0 999.0 99.0 99.00
2017 01 21 22 50 999 99.0 99.0  1.49 10.00  6.97 196 9999.0 999.0 999.0 999.0 99.0 99.00
2017 01 21 23 50 999 99.0 99.0  1.56 19.05  7.03 296 9999.0 999.0 999.0 999.0 99.0 99.00
2017 01 22 00 50 999 99.0 99.0  1.78 17.39  7.47 308 9999.0 999.0 999.0 999.0 99.0 99.00
2017 01 22 01 50 999 99.0 99.0  1.62 19.05  6.70 295 9999.0 999.0 999.0 999.0 99.0 99.00
2017 01 22 02 50 999 99.0 99.0  1.57 17.39  6.34 213 9999.0 999.0 999.0 999.0 99.0 99.00
2017 01 22 03 50 999 99.0 99.0  1.56 17.39  6.50 294 9999.0 999.0 999.0 999.0 99.0 99.00
2017 01 22 04 50 999 99.0 99.0  1.53 17.39  6.18 310 9999.0 999.0 999.0 999.0 99.0 99.00
2017 01 22 05 50 999 99.0 99.0  1.41 17.39  6.03 289 9999.0 999.0 999.0 999.0 99.0 99.00
2017 01 22 06 50 999 99.0 99.0  1.54 17.39  6.18 284 9999.0 999.0 999.0 999.0 99.0 99.00
2017 01 22 07 50 999 99.0 99.0  1.57 17.39  6.13 329 9999.0 999.0 999.0 999.0 99.0 99.00
2017 01 22 08 50 999 99.0 99.0  1.54 17.39  6.25 302 9999.0 999.0 999.0 999.0 99.0 99.00
2017 01 22 09 50 999 99.0 99.0  1.76 17.39  6.97 274 9999.0 999.0 999.0 999.0 99.0 99.00
2017 01 22 10 50 999 99.0 99.0  1.66 17.39  6.49 318 9999.0 999.0 999.0 999.0 99.0 99.00
2017 01 22 11 50 999 99.0 99.0  1.56 17.39  6.52 308 9999.0 999.0 999.0 999.0 99.0 99.00
2017 01 22 12 50 999 99.0 99.0  1.57 17.39  6.76 297 9999.0 999.0 999.0 999.0 99.0 99.00
2017 01 22 13 50 999 99.0 99.0  1.61 17.39  6.52 323 9999.0 999.0 999.0 999.0 99.0 99.00
2017 01 22 14 50 999 99.0 99.0  1.52 12.90  6.19 201 9999.0 999.0 999.0 999.0 99.0 99.00
2017 01 22 15 50 999 99.0 99.0  1.50 17.39  6.58 301 9999.0 999.0 999.0 999.0 99.0 99.00
2017 01 22 16 50 999 99.0 99.0  1.52 17.39  6.60 299 9999.0 999.0 999.0 999.0 99.0 99.00
2017 01 22 17 50 999 99.0 99.0  1.42 12.90  6.23 218 9999.0 999.0 999.0 999.0 99.0 99.00
2017 01 22 18 50 999 99.0 99.0  1.54 17.39  6.48 303 9999.0 999.0 999.0 999.0 99.0 99.00
2017 01 22 19 50 999 99.0 99.0  1.43 11.43  6.36 213 9999.0 999.0 999.0 999.0 99.0 99.00
2017 01 22 20 50 999 99.0 99.0  1.48 12.90  6.51 204 9999.0 999.0 999.0 999.0 99.0 99.00
2017 01 22 21 50 999 99.0 99.0  1.62 12.90  7.03 216 9999.0 999.0 999.0 999.0 99.0 99.00
2017 01 22 22 50 999 99.0 99.0  1.62 16.00  7.27 312 9999.0 999.0 999.0 999.0 99.0 99.00
2017 01 22 23 50 999 99.0 99.0  1.64 16.00  7.27 315 9999.0 999.0 999.0 999.0 99.0 99.00
2017 01 23 00 50 999 99.0 99.0  1.68 11.43  7.08 210 9999.0 999.0 999.0 999.0 99.0 99.00
2017 01 23 01 50 999 99.0 99.0  1.69 17.39  7.29 283 9999.0 999.0 999.0 999.0 99.0 99.00
2017 01 23 02 50 999 99.0 99.0  1.68 12.12  7.15 231 9999.0 999.0 999.0 999.0 99.0 99.00
2017 01 23 03 50 999 99.0 99.0  1.68 12.90  7.05 221 9999.0 999.0 999.0 999.0 99.0 99.00
2017 01 23 04 50 999 99.0 99.0  1.73 11.43  7.38 200 9999.0 999.0 999.0 999.0 99.0 99.00
2017 01 23 05 50 999 99.0 99.0  1.65 16.00  7.24 299 9999.0 999.0 999.0 999.0 99.0 99.00
2017 01 23 06 50 999 99.0 99.0  1.80 10.81  7.46 199 9999.0 999.0 999.0 999.0 99.0 99.00
2017 01 23 07 50 999 99.0 99.0  1.71 10.81  7.12 212 9999.0 999.0 999.0 999.0 99.0 99.00
2017 01 23 08 50 999 99.0 99.0  1.59 11.43  7.07 213 9999.0 999.0 999.0 999.0 99.0 99.00
2017 01 23 09 50 999 99.0 99.0  1.56 10.81  6.75 212 9999.0 999.0 999.0 999.0 99.0 99.00
2017 01 23 10 50 999 99.0 99.0  1.62 10.81  6.60 209 9999.0 999.0 999.0 999.0 99.0 99.00
2017 01 23 11 50 999 99.0 99.0  1.70 16.00  6.95 309 9999.0 999.0 999.0 999.0 99.0 99.00
2017 01 23 12 50 999 99.0 99.0  1.69 10.81  6.44 208 9999.0 999.0 999.0 999.0 99.0 99.00
2017 01 23 13 50 999 99.0 99.0  1.86 16.00  6.62 283 9999.0 999.0 999.0 999.0 99.0 99.00
2017 01 23 14 50 999 99.0 99.0  1.78 17.39  6.20 237 9999.0 999.0 999.0 999.0 99.0 99.00
2017 01 23 15 50 999 99.0 99.0  1.97 11.43  6.51 225 9999.0 999.0 999.0 999.0 99.0 99.00
2017 01 23 16 50 999 99.0 99.0  1.89  7.14  5.95 153 9999.0 999.0 999.0 999.0 99.0 99.00
2017 01 23 17 50 999 99.0 99.0  1.92 17.39  6.25 252 9999.0 999.0 999.0 999.0 99.0 99.00
2017 01 23 18 50 999 99.0 99.0  1.94 16.00  6.31 286 9999.0 999.0 999.0 999.0 99.0 99.00
2017 01 23 19 50 999 99.0 99.0  1.89 17.39  6.19 234 9999.0 999.0 999.0 999.0 99.0 99.00
2017 01 23 20 50 999 99.0 99.0  1.93 16.00  6.34 265 9999.0 999.0 999.0 999.0 99.0 99.00
2017 01 23 21 50 999 99.0 99.0  1.91 16.00  6.43 245 9999.0 999.0 999.0 999.0 99.0 99.00
2017 01 23 22 50 999 99.0 99.0  1.92  8.33  6.27 163 9999.0 999.0 999.0 999.0 99.0 99.00
2017 01 23 23 50 999 99.0 99.0  1.95  8.33  6.32 151 9999.0 999.0 999.0 999.0 99.0 99.00
2017 01 24 00 50 999 99.0 99.0  2.05 12.90  6.50 225 9999.0 999.0 999.0 999.0 99.0 99.00
2017 01 24 01 50 999 99.0 99.0  1.94 16.00  6.48 255 9999.0 999.0 999.0 999.0 99.0 99.00
2017 01 24 02 50 999 99.0 99.0  2.06 12.12  6.42 204 9999.0 999.0 999.0 999.0 99.0 99.00
2017 01 24 03 50 999 99.0 99.0  2.15 12.12  6.45 214 9999.0 999.0 999.0 999.0 99.0 99.00
2017 01 24 04 50 999 99.0 99.0  1.96 11.43  6.36 192 9999.0 999.0 999.0 999.0 99.0 99.00
2017 01 24 05 50 999 99.0 99.0  2.01 12.12  6.36 220 9999.0 999.0 999.0 999.0 99.0 99.00
2017 01 24 06 50 999 99.0 99.0  1.88 12.12  6.33 208 9999.0 999.0 999.0 999.0 99.0 99.00
2017 01 24 07 50 999 99.0 99.0  1.82  8.33  6.16 163 9999.0 999.0 999.0 999.0 99.0 99.00
2017 01 24 08 50 999 99.0 99.0  2.05 11.43  6.59 211 9999.0 999.0 999.0 999.0 99.0 99.00
2017 01 24 09 50 999 99.0 99.0  2.07 12.12  6.35 215 9999.0 999.0 999.0 999.0 99.0 99.00
2017 01 24 10 50 999 99.0 99.0  2.09  8.33  6.21 157 9999.0 999.0 999.0 999.0 99.0 99.00
2017 01 24 11 50 999 99.0 99.0  2.18 11.43  6.30 224 9999.0 999.0 999.0 999.0 99.0 99.00
2017 01 24 12 50 999 99.0 99.0  2.16 11.43  6.06 197 9999.0 999.0 999.0 999.0 99.0 99.00
2017 01 24 13 50 999 99.0 99.0  2.31 11.43  6.56 204 9999.0 999.0 999.0 999.0 99.0 99.00
2017 01 24 14 50 999 99.0 99.0  2.24 16.00  6.28 238 9999.0 999.0 999.0 999.0 99.0 99.00
2017 01 24 15 50 999 99.0 99.0  2.25 10.81  6.30 205 9999.0 999.0 999.0 999.0 99.0 99.00
2017 01 24 17 50 999 99.0 99.0  2.19  7.14  6.09 151 9999.0 999.0 999.0 999.0 99.0 99.00
2017 01 24 18 50 999 99.0 99.0  2.18  7.69  6.13 153 9999.0 999.0 999.0 999.0 99.0 99.00
2017 01 24 19 50 999 99.0 99.0  2.12 10.00  6.07 220 9999.0 999.0 999.0 999.0 99.0 99.00
2017 01 24 20 50 999 99.0 99.0  2.28  7.69  6.29 152 9999.0 999.0 999.0 999.0 99.0 99.00
2017 01 24 21 50 999 99.0 99.0  2.15  7.69  6.14 158 9999.0 999.0 999.0 999.0 99.0 99.00
2017 01 24 22 50 999 99.0 99.0  2.15  7.14  6.25 149 9999.0 999.0 999.0 999.0 99.0 99.00
2017 01 24 23 50 999 99.0 99.0  2.19  7.14  6.23 150 9999.0 999.0 999.0 999.0 99.0 99.00
2017 01 25 00 50 999 99.0 99.0  2.12  8.33  6.10 162 9999.0 999.0 999.0 999.0 99.0 99.00
2017 01 25 01 50 999 99.0 99.0  2.08  7.69  6.16 153 9999.0 999.0 999.0 999.0 99.0 99.00
2017 01 25 02 50 999 99.0 99.0  2.07  7.69  6.03 159 9999.0 999.0 999.0 999.0 99.0 99.00
2017 01 25 03 50 999 99.0 99.0  2.10  7.69  5.99 154 9999.0 999.0 999.0 999.0 99.0 99.00
2017 01 25 04 50 999 99.0 99.0  1.99  7.14  5.86 144 9999.0 999.0 999.0 999.0 99.0 99.00
2017 01 25 05 50 999 99.0 99.0  2.01  7.14  5.99 149 9999.0 999.0 999.0 999.0 99.0 99.00
2017 01 25 06 50 999 99.0 99.0  1.93  7.14  5.89 160 9999.0 999.0 999.0 999.0 99.0 99.00
2017 01 25 07 50 999 99.0 99.0  1.92  9.09  5.83 179 9999.0 999.0 999.0 999.0 99.0 99.00
2017 01 25 08 50 999 99.0 99.0  1.97  7.14  6.09 158 9999.0 999.0 999.0 999.0 99.0 99.00
2017 01 25 09 50 999 99.0 99.0  1.93  7.69  6.06 159 9999.0 999.0 999.0 999.0 99.0 99.00
2017 01 25 10 50 999 99.0 99.0  1.92  8.33  6.01 159 9999.0 999.0 999.0 999.0 99.0 99.00
2017 01 25 11 50 999 99.0 99.0  1.92  7.69  5.93 158 9999.0 999.0 999.0 999.0 99.0 99.00
2017 01 25 12 50 999 99.0 99.0  1.92  7.69  6.18 159 9999.0 999.0 999.0 999.0 99.0 99.00
2017 01 25 13 50 999 99.0 99.0  2.01  7.69  6.20 173 9999.0 999.0 999.0 999.0 99.0 99.00
2017 01 25 14 50 999 99.0 99.0  1.92  8.33  6.06 165 9999.0 999.0 999.0 999.0 99.0 99.00
2017 01 25 15 50 999 99.0 99.0  2.01  7.14  6.09 161 9999.0 999.0 999.0 999.0 99.0 99.00
2017 01 25 16 50 999 99.0 99.0  2.00  8.33  6.06 162 9999.0 999.0 999.0 999.0 99.0 99.00
2017 01 25 17 50 999 99.0 99.0  2.00  7.69  6.10 160 9999.0 999.0 999.0 999.0 99.0 99.00
2017 01 25 18 50 999 99.0 99.0  1.92  8.33  6.03 157 9999.0 999.0 999.0 999.0 99.0 99.00
2017 01 25 19 50 999 99.0 99.0  1.90  7.69  5.95 152 9999.0 999.0 999.0 999.0 99.0 99.00
2017 01 25 20 50 999 99.0 99.0  1.92  8.33  6.00 155 9999.0 999.0 999.0 999.0 99.0 99.00
2017 01 25 21 50 999 99.0 99.0  1.97  7.69  6.28 144 9999.0 999.0 999.0 999.0 99.0 99.00
2017 01 25 22 50 999 99.0 99.0  1.94  8.33  6.24 153 9999.0 999.0 999.0 999.0 99.0 99.00
2017 01 25 23 50 999 99.0 99.0  1.79  8.33  5.99 153 9999.0 999.0 999.0 999.0 99.0 99.00
2017 01 26 00 50 999 99.0 99.0  1.94  8.33  6.22 154 9999.0 999.0 999.0 999.0 99.0 99.00
2017 01 26 01 50 999 99.0 99.0  1.74  7.69  6.16 150 9999.0 999.0 999.0 999.0 99.0 99.00
2017 01 26 02 50 999 99.0 99.0  1.79  8.33  6.12 159 9999.0 999.0 999.0 999.0 99.0 99.00
2017 01 26 03 50 999 99.0 99.0  1.71  8.33  6.03 156 9999.0 999.0 999.0 999.0 99.0 99.00
2017 01 26 04 50 999 99.0 99.0  1.74  8.33  6.22 158 9999.0 999.0 999.0 999.0 99.0 99.00
2017 01 26 05 50 999 99.0 99.0  1.81  7.69  6.35 159 9999.0 999.0 999.0 999.0 99.0 99.00
2017 01 26 06 50 999 99.0 99.0  1.75  7.69  6.25 153 9999.0 999.0 999.0 999.0 99.0 99.00
2017 01 26 07 50 999 99.0 99.0  1.74  7.69  6.43 159 9999.0 999.0 999.0 999.0 99.0 99.00
2017 01 26 08 50 999 99.0 99.0  1.67  8.33  6.46 162 9999.0 999.0 999.0 999.0 99.0 99.00
2017 01 26 09 50 999 99.0 99.0  1.64 13.79  6.26 270 9999.0 999.0 999.0 999.0 99.0 99.00
2017 01 26 10 50 999 99.0 99.0  1.67  7.69  6.34 159 9999.0 999.0 999.0 999.0 99.0 99.00
2017 01 26 11 50 999 99.0 99.0  1.72  8.33  6.40 157 9999.0 999.0 999.0 999.0 99.0 99.00
2017 01 26 12 50 999 99.0 99.0  1.67  8.33  6.54 159 9999.0 999.0 999.0 999.0 99.0 99.00
2017 01 26 13 50 999 99.0 99.0  1.62  8.33  6.61 161 9999.0 999.0 999.0 999.0 99.0 99.00
2017 01 26 14 50 999 99.0 99.0  1.65  7.14  6.65 154 9999.0 999.0 999.0 999.0 99.0 99.00
2017 01 26 15 50 999 99.0 99.0  1.70 21.05  6.68 339 9999.0 999.0 999.0 999.0 99.0 99.00
2017 01 26 16 50 999 99.0 99.0  1.74  7.69  6.74 160 9999.0 999.0 999.0 999.0 99.0 99.00
2017 01 26 17 50 999 99.0 99.0  1.64 19.05  6.47 310 9999.0 999.0 999.0 999.0 99.0 99.00
2017 01 26 18 50 999 99.0 99.0  1.77 21.05  7.00 309 9999.0 999.0 999.0 999.0 99.0 99.00
2017 01 26 19 50 999 99.0 99.0  1.85 19.05  6.73 317 9999.0 999.0 999.0 999.0 99.0 99.00
2017 01 26 20 50 999 99.0 99.0  1.74 19.05  6.82 334 9999.0 999.0 999.0 999.0 99.0 99.00
2017 01 26 21 50 999 99.0 99.0  1.69 19.05  6.77 331 9999.0 999.0 999.0 999.0 99.0 99.00
2017 01 26 22 50 999 99.0 99.0  1.87 19.05  7.46 330 9999.0 999.0 999.0 999.0 99.0 99.00
2017 01 26 23 50 999 99.0 99.0  1.81 19.05  7.20 312 9999.0 999.0 999.0 999.0 99.0 99.00
2017 01 27 00 50 999 99.0 99.0  1.80 19.05  7.74 323 9999.0 999.0 999.0 999.0 99.0 99.00
2017 01 27 01 50 999 99.0 99.0  1.73 19.05  7.26 330 9999.0 999.0 999.0 999.0 99.0 99.00
2017 01 27 02 50 999 99.0 99.0  1.73 19.05  7.70 319 9999.0 999.0 999.0 999.0 99.0 99.00
2017 01 27 03 50 999 99.0 99.0  1.70 19.05  7.46 316 9999.0 999.0 999.0 999.0 99.0 99.00
2017 01 27 04 50 999 99.0 99.0  1.78 19.05  7.92 319 9999.0 999.0 999.0 999.0 99.0 99.00
2017 01 27 05 50 999 99.0 99.0  1.91 19.05  8.47 331 9999.0 999.0 999.0 999.0 99.0 99.00
2017 01 27 06 50 999 99.0 99.0  1.91 19.05  8.65 325 9999.0 999.0 999.0 999.0 99.0 99.00
2017 01 27 07 50 999 99.0 99.0  2.23 19.05  9.59 323 9999.0 999.0 999.0 999.0 99.0 99.00
2017 01 27 08 50 999 99.0 99.0  2.02 17.39  8.70 323 9999.0 999.0 999.0 999.0 99.0 99.00
2017 01 27 09 50 999 99.0 99.0  1.92 19.05  8.73 338 9999.0 999.0 999.0 999.0 99.0 99.00
2017 01 27 10 50 999 99.0 99.0  1.97 19.05  9.22 320 9999.0 999.0 999.0 999.0 99.0 99.00
2017 01 27 11 50 999 99.0 99.0  2.00 19.05  9.20 319 9999.0 999.0 999.0 999.0 99.0 99.00
2017 01 27 12 50 999 99.0 99.0  1.94 17.39  8.87 308 9999.0 999.0 999.0 999.0 99.0 99.00
2017 01 27 13 50 999 99.0 99.0  2.36 17.39 10.25 334 9999.0 999.0 999.0 999.0 99.0 99.00
2017 01 27 14 50 999 99.0 99.0  2.15 19.05  9.32 318 9999.0 999.0 999.0 999.0 99.0 99.00
2017 01 27 15 50 999 99.0 99.0  2.16 19.05  9.47 321 9999.0 999.0 999.0 999.0 99.0 99.00
2017 01 27 16 50 999 99.0 99.0  2.16 17.39  9.63 325 9999.0 999.0 999.0 999.0 99.0 99.00
2017 01 27 17 50 999 99.0 99.0  2.42 17.39 10.25 321 9999.0 999.0 999.0 999.0 99.0 99.00
2017 01 27 18 50 999 99.0 99.0  2.48 17.39  9.74 310 9999.0 999.0 999.0 999.0 99.0 99.00
2017 01 27 19 50 999 99.0 99.0  2.19 17.39  8.87 315 9999.0 999.0 999.0 999.0 99.0 99.00
2017 01 27 20 50 999 99.0 99.0  2.25 17.39  8.74 320 9999.0 999.0 999.0 999.0 99.0 99.00
2017 01 27 22 50 999 99.0 99.0  2.07 17.39  9.33 321 9999.0 999.0 999.0 999.0 99.0 99.00
2017 01 27 23 50 999 99.0 99.0  2.09 17.39  9.43 322 9999.0 999.0 999.0 999.0 99.0 99.00
2017 01 28 00 50 999 99.0 99.0  2.10 17.39  9.61 316 9999.0 999.0 999.0 999.0 99.0 99.00
2017 01 28 01 50 999 99.0 99.0  2.09 17.39  9.78 327 9999.0 999.0 999.0 999.0 99.0 99.00
2017 01 28 02 50 999 99.0 99.0  2.03 17.39  9.91 315 9999.0 999.0 999.0 999.0 99.0 99.00
2017 01 28 03 50 999 99.0 99.0  1.94 17.39  9.20 314 9999.0 999.0 999.0 999.0 99.0 99.00
2017 01 28 04 50 999 99.0 99.0  1.68 16.00  8.85 335 9999.0 999.0 999.0 999.0 99.0 99.00
2017 01 28 05 50 999 99.0 99.0  1.96 16.00  9.87 326 9999.0 999.0 999.0 999.0 99.0 99.00
2017 01 28 06 50 999 99.0 99.0  1.93 16.00  9.49 325 9999.0 999.0 999.0 999.0 99.0 99.00
2017 01 28 07 50 999 99.0 99.0  1.97 16.00  9.80 322 9999.0 999.0 999.0 999.0 99.0 99.00
2017 01 28 08 50 999 99.0 99.0  2.19 16.00 10.77 317 9999.0 999.0 999.0 999.0 99.0 99.00
2017 01 28 09 50 999 99.0 99.0  2.11 16.00 10.25 316 9999.0 999.0 999.0 999.0 99.0 99.00
2017 01 28 10 50 999 99.0 99.0  2.24 16.00 10.74 314 9999.0 999.0 999.0 999.0 99.0 99.00
2017 01 28 11 50 999 99.0 99.0  1.83 16.00 10.04 302 9999.0 999.0 999.0 999.0 99.0 99.00
2017 01 28 12 50 999 99.0 99.0  1.70 16.00  9.93 318 9999.0 999.0 999.0 999.0 99.0 99.00
2017 01 28 13 50 999 99.0 99.0  1.93 16.00 10.70 308 9999.0 999.0 999.0 999.0 99.0 99.00
2017 01 28 14 50 999 99.0 99.0  1.69 16.00  9.88 305 9999.0 999.0 999.0 999.0 99.0 99.00
2017 01 28 15 50 999 99.0 99.0  1.68 16.00  9.87 321 9999.0 999.0 999.0 999.0 99.0 99.00
2017 01 28 16 50 999 99.0 99.0  1.84 16.00 10.10 303 9999.0 999.0 999.0 999.0 99.0 99.00
2017 01 28 17 50 999 99.0 99.0  1.72 16.00  9.79 303 9999.0 999.0 999.0 999.0 99.0 99.00
2017 01 28 18 50 999 99.0 99.0  1.88 16.00 10.00 325 9999.0 999.0 999.0 999.0 99.0 99.00
2017 01 28 19 50 999 99.0 99.0  1.81 16.00  9.75 316 9999.0 999.0 999.0 999.0 99.0 99.00
2017 01 28 20 50 999 99.0 99.0  1.95 16.00  9.65 319 9999.0 999.0 999.0 999.0 99.0 99.00
2017 01 28 21 50 999 99.0 99.0  1.83 16.00  9.59 312 9999.0 999.0 999.0 999.0 99.0 99.00
2017 01 28 22 50 999 99.0 99.0  1.96 16.00  9.72 296 9999.0 999.0 999.0 999.0 99.0 99.00
2017 01 28 23 50 999 99.0 99.0  1.72 16.00  8.88 303 9999.0 999.0 999.0 999.0 99.0 99.00
2017 01 29 00 50 999 99.0 99.0  1.81 14.81  9.19 311 9999.0 999.0 999.0 999.0 99.0 99.00
2017 01 29 01 50 999 99.0 99.0  1.46 16.00  8.61 311 9999.0 999.0 999.0 999.0 99.0 99.00
2017 01 29 02 50 999 99.0 99.0  1.74 16.00  9.65 300 9999.0 999.0 999.0 999.0 99.0 99.00
2017 01 29 03 50 999 99.0 99.0  1.92 16.00  9.71 306 9999.0 999.0 999.0 999.0 99.0 99.00
2017 01 29 04 50 999 99.0 99.0  1.80 16.00  9.38 292 9999.0 999.0 999.0 999.0 99.0 99.00
2017 01 29 05 50 999 99.0 99.0  1.83 16.00  9.78 313 9999.0 999.0 999.0 999.0 99.0 99.00
2017 01 29 06 50 999 99.0 99.0  1.92 14.81  9.50 309 9999.0 999.0 999.0 999.0 99.0 99.00
2017 01 29 07 50 999 99.0 99.0  1.84 14.81  9.40 282 9999.0 999.0 999.0 999.0 99.0 99.00
2017 01 29 08 50 999 99.0 99.0  1.95 14.81  9.89 310 9999.0 999.0 999.0 999.0 99.0 99.00
2017 01 29 09 50 999 99.0 99.0  1.74 16.00  9.28 291 9999.0 999.0 999.0 999.0 99.0 99.00
2017 01 29 10 50 999 99.0 99.0  1.93 14.81  9.96 276 9999.0 999.0 999.0 999.0 99.0 99.00
2017 01 29 11 50 999 99.0 99.0  1.70 13.79  9.86 227 9999.0 999.0 999.0 999.0 99.0 99.00
2017 01 29 12 50 999 99.0 99.0  1.73 14.81  9.91 299 9999.0 999.0 999.0 999.0 99.0 99.00
2017 01 29 13 50 999 99.0 99.0  2.20 14.81 11.37 257 9999.0 999.0 999.0 999.0 99.0 99.00
2017 01 29 14 50 999 99.0 99.0  1.78 13.79 10.45 252 9999.0 999.0 999.0 999.0 99.0 99.00
2017 01 29 15 50 999 99.0 99.0  2.11 12.90 11.08 221 9999.0 999.0 999.0 999.0 99.0 99.00
2017 01 29 16 50 999 99.0 99.0  2.49 14.81 11.27 259 9999.0 999.0 999.0 999.0 99.0 99.00
2017 01 29 17 50 999 99.0 99.0  2.43 14.81 11.29 236 9999.0 999.0 999.0 999.0 99.0 99.00
2017 01 29 18 50 999 99.0 99.0  2.32 14.81 10.49 250 9999.0 999.0 999.0 999.0 99.0 99.00
2017 01 29 19 50 999 99.0 99.0  2.54 13.79 11.00 237 9999.0 999.0 999.0 999.0 99.0 99.00
2017 01 29 20 50 999 99.0 99.0  2.41 14.81 11.49 217 9999.0 999.0 999.0 999.0 99.0 99.00
2017 01 29 21 50 999 99.0 99.0  2.48 14.81 10.94 227 9999.0 999.0 999.0 999.0 99.0 99.00
2017 01 29 22 50 999 99.0 99.0  2.43 14.81 11.79 210 9999.0 999.0 999.0 999.0 99.0 99.00
2017 01 29 23 50 999 99.0 99.0  2.19 12.90 10.73 229 9999.0 999.0 999.0 999.0 99.0 99.00
2017 01 30 00 50 999 99.0 99.0  2.40 13.79 11.41 229 9999.0 999.0 999.0 999.0 99.0 99.00
2017 01 30 01 50 999 99.0 99.0  3.04 14.81 12.37 218 9999.0 999.0 999.0 999.0 99.0 99.00
2017 01 30 02 50 999 99.0 99.0  2.45 13.79 11.55 220 9999.0 999.0 999.0 999.0 99.0 99.00
2017 01 30 03 50 999 99.0 99.0  2.29 14.81 11.22 230 9999.0 999.0 999.0 999.0 99.0 99.00
2017 01 30 04 50 999 99.0 99.0  2.33 12.90 10.90 213 9999.0 999.0 999.0 999.0 99.0 99.00
2017 01 30 05 50 999 99.0 99.0  2.44 13.79 11.21 221 9999.0 999.0 999.0 999.0 99.0 99.00
2017 01 30 06 50 999 99.0 99.0  2.91 13.79 11.38 211 9999.0 999.0 999.0 999.0 99.0 99.00
2017 01 30 07 50 999 99.0 99.0  2.70 12.90 11.22 210 9999.0 999.0 999.0 999.0 99.0 99.00
2017 01 30 08 50 999 99.0 99.0  2.19 13.79 10.65 220 9999.0 999.0 999.0 999.0 99.0 99.00
2017 01 30 09 50 999 99.0 99.0  2.29 13.79 10.67 226 9999.0 999.0 999.0 999.0 99.0 99.00
2017 01 30 10 50 999 99.0 99.0  2.34 13.79 10.74 238 9999.0 999.0 999.0 999.0 99.0 99.00
2017 01 30 11 50 999 99.0 99.0  2.14 13.79 10.81 226 9999.0 999.0 999.0 999.0 99.0 99.00
2017 01 30 12 50 999 99.0 99.0  2.24 12.12 10.83 214 9999.0 999.0 999.0 999.0 99.0 99.00
2017 01 30 13 50 999 99.0 99.0  2.03 11.43 10.57 216 9999.0 999.0 999.0 999.0 99.0 99.00
2017 01 30 14 50 999 99.0 99.0  2.07 14.81 10.58 290 9999.0 999.0 999.0 999.0 99.0 99.00
2017 01 30 15 50 999 99.0 99.0  2.17 12.90 10.67 214 9999.0 999.0 999.0 999.0 99.0 99.00
2017 01 30 16 50 999 99.0 99.0  2.11 12.90 10.48 208 9999.0 999.0 999.0 999.0 99.0 99.00
2017 01 30 17 50 999 99.0 99.0  2.08 13.79 10.62 244 9999.0 999.0 999.0 999.0 99.0 99.00
2017 01 30 18 50 999 99.0 99.0  2.14 14.81 10.64 254 9999.0 999.0 999.0 999.0 99.0 99.00
2017 01 30 19 50 999 99.0 99.0  2.07 13.79 10.32 247 9999.0 999.0 999.0 999.0 99.0 99.00
2017 01 30 20 50 999 99.0 99.0  2.28 13.79 10.78 239 9999.0 999.0 999.0 999.0 99.0 99.00
2017 01 30 21 50 999 99.0 99.0  2.07 12.90 10.25 214 9999.0 999.0 999.0 999.0 99.0 99.00
2017 01 30 22 50 999 99.0 99.0  2.14 12.90 10.49 225 9999.0 999.0 999.0 999.0 99.0 99.00
2017 01 30 23 50 999 99.0 99.0  2.14 14.81 10.29 296 9999.0 999.0 999.0 999.0 99.0 99.00
2017 01 31 00 50 999 99.0 99.0  1.80 13.79  9.93 265 9999.0 999.0 999.0 999.0 99.0 99.00
2017 01 31 01 50 999 99.0 99.0  2.06 14.81 10.28 311 9999.0 999.0 999.0 999.0 99.0 99.00
2017 01 31 02 50 999 99.0 99.0  1.90 12.90 10.03 220 9999.0 999.0 999.0 999.0 99.0 99.00
2017 01 31 03 50 999 99.0 99.0  1.87 12.90  9.76 214 9999.0 999.0 999.0 999.0 99.0 99.00
2017 01 31 04 50 999 99.0 99.0  2.06 12.90  9.90 216 9999.0 999.0 999.0 999.0 99.0 99.00
2017 01 31 05 50 999 99.0 99.0  1.78 11.43  8.77 212 9999.0 999.0 999.0 999.0 99.0 99.00
2017 01 31 06 50 999 99.0 99.0  1.85 12.12  8.65 203 9999.0 999.0 999.0 999.0 99.0 99.00
2017 01 31 07 50 999 99.0 99.0  1.83 11.43  8.87 205 9999.0 999.0 999.0 999.0 99.0 99.00
2017 01 31 08 50 999 99.0 99.0  1.79 12.12  8.66 204 9999.0 999.0 999.0 999.0 99.0 99.00
2017 01 31 09 50 999 99.0 99.0  1.98 14.81  9.26 302 9999.0 999.0 999.0 999.0 99.0 99.00
2017 01 31 10 50 999 99.0 99.0  1.95 12.90  9.06 217 9999.0 999.0 999.0 999.0 99.0 99.00
2017 01 31 11 50 999 99.0 99.0  2.01 14.81  9.21 291 9999.0 999.0 999.0 999.0 99.0 99.00
2017 01 31 12 50 999 99.0 99.0  2.01 13.79  9.50 248 9999.0 999.0 999.0 999.0 99.0 99.00
2017 01 31 13 50 999 99.0 99.0  2.31 12.90 10.30 205 9999.0 999.0 999.0 999.0 99.0 99.00
2017 01 31 14 50 999 99.0 99.0  2.15 14.81 10.21 247 9999.0 999.0 999.0 999.0 99.0 99.00
2017 01 31 15 50 999 99.0 99.0  2.51 13.79 10.98 248 9999.0 999.0 999.0 999.0 99.0 99.00
2017 01 31 16 50 999 99.0 99.0  2.40 13.79 10.92 245 9999.0 999.0 999.0 999.0 99.0 99.00
2017 01 31 17 50 999 99.0 99.0  2.38 13.79 10.63 234 9999.0 999.0 999.0 999.0 99.0 99.00
2017 01 31 18 50 999 99.0 99.0  2.15 12.12  9.18 205 9999.0 999.0 999.0 999.0 99.0 99.00
2017 01 31 19 50 999 99.0 99.0  2.58 12.90  9.52 214 9999.0 999.0 999.0 999.0 99.0 99.00
2017 01 31 20 50 999 99.0 99.0  2.10 13.79  7.96 208 9999.0 999.0 999.0 999.0 99.0 99.00
2017 01 31 21 50 999 99.0 99.0  2.07 13.79  8.17 226 9999.0 999.0 999.0 999.0 99.0 99.00
2017 01 31 22 50 999 99.0 99.0  2.21 13.79  8.49 251 9999.0 999.0 999.0 999.0 99.0 99.00
2017 01 31 23 50 999 99.0 99.0  2.29 12.90  8.88 210 9999.0 999.0 999.0 999.0 99.0 99.00
2017 02 01 00 50 999 99.0 99.0  2.31 12.90  9.18 214 9999.0 999.0 999.0 999.0 99.0 99.00
2017 02 01 01 50 999 99.0 99.0  2.01 13.79  8.61 253 9999.0 999.0 999.0 999.0 99.0 99.00
2017 02 01 02 50 999 99.0 99.0  2.02 12.12  8.53 211 9999.0 999.0 999.0 999.0 99.0 99.00
2017 02 01 03 50 999 99.0 99.0  2.36 21.05  9.18 311 9999.0 999.0 999.0 999.0 99.0 99.00
2017 02 01 04 50 999 99.0 99.0  2.26 12.90  9.04 213 9999.0 999.0 999.0 999.0 99.0 99.00
2017 02 01 05 50 999 99.0 99.0  2.23 12.90  9.09 223 9999.0 999.0 999.0 999.0 99.0 99.00
2017 02 01 06 50 999 99.0 99.0  2.19 13.79  9.07 232 9999.0 999.0 999.0 999.0 99.0 99.00
2017 02 01 07 50 999 99.0 99.0  2.38 13.79  9.24 218 9999.0 999.0 999.0 999.0 99.0 99.00
2017 02 01 08 50 999 99.0 99.0  2.66 12.90  9.76 210 9999.0 999.0 999.0 999.0 99.0 99.00
2017 02 01 09 50 999 99.0 99.0  2.63 12.90  9.99 214 9999.0 999.0 999.0 999.0 99.0 99.00
2017 02 01 10 50 999 99.0 99.0  2.44 14.81  9.62 205 9999.0 999.0 999.0 999.0 99.0 99.00
2017 02 01 11 50 999 99.0 99.0  2.54 12.90  9.76 217 9999.0 999.0 999.0 999.0 99.0 99.00
2017 02 01 12 50 999 99.0 99.0  2.71 13.79 10.00 223 9999.0 999.0 999.0 999.0 99.0 99.00
2017 02 01 13 50 999 99.0 99.0  2.55 13.79  9.60 221 9999.0 999.0 999.0 999.0 99.0 99.00
2017 02 01 14 50 999 99.0 99.0  2.21 12.90  8.67 220 9999.0 999.0 999.0 999.0 99.0 99.00
2017 02 01 15 50 999 99.0 99.0  2.25 12.12  8.81 208 9999.0 999.0 999.0 999.0 99.0 99.00
2017 02 01 16 50 999 99.0 99.0  2.54 19.05  9.82 312 9999.0 999.0 999.0 999.0 99.0 99.00
2017 02 01 17 50 999 99.0 99.0  2.60 13.79 10.28 230 9999.0 999.0 999.0 999.0 99.0 99.00
2017 02 01 18 50 999 99.0 99.0  2.45 13.79  9.67 225 9999.0 999.0 999.0 999.0 99.0 99.00
2017 02 01 19 50 999 99.0 99.0  2.20 12.90  9.02 215 9999.0 999.0 999.0 999.0 99.0 99.00
2017 02 01 20 50 999 99.0 99.0  2.28 13.79  9.10 204 9999.0 999.0 999.0 999.0 99.0 99.00
2017 02 01 21 50 999 99.0 99.0  2.21 17.39  8.99 321 9999.0 999.0 999.0 999.0 99.0 99.00
2017 02 01 22 50 999 99.0 99.0  2.70 13.79  9.77 211 9999.0 999.0 999.0 999.0 99.0 99.00
2017 02 01 23 50 999 99.0 99.0  2.31 13.79  9.37 235 9999.0 999.0 999.0 999.0 99.0 99.00
2017 02 02 00 50 999 99.0 99.0  2.22 13.79  8.99 215 9999.0 999.0 999.0 999.0 99.0 99.00
2017 02 02 01 50 999 99.0 99.0  2.22 13.79  8.87 213 9999.0 999.0 999.0 999.0 99.0 99.00
2017 02 02 02 50 999 99.0 99.0  2.36 12.90  9.56 214 9999.0 999.0 999.0 999.0 99.0 99.00
2017 02 02 03 50 999 99.0 99.0  2.35 12.90  9.19 221 9999.0 999.0 999.0 999.0 99.0 99.00
2017 02 02 04 50 999 99.0 99.0  2.57 12.90  9.84 225 9999.0 999.0 999.0 999.0 99.0 99.00
2017 02 02 05 50 999 99.0 99.0  2.54 12.12  9.74 208 9999.0 999.0 999.0 999.0 99.0 99.00
2017 02 02 06 50 999 99.0 99.0  2.60 17.39  9.83 304 9999.0 999.0 999.0 999.0 99.0 99.00
2017 02 02 07 50 999 99.0 99.0  2.53 13.79  9.47 213 9999.0 999.0 999.0 999.0 99.0 99.00
2017 02 02 08 50 999 99.0 99.0  2.40 12.12  8.68 214 9999.0 999.0 999.0 999.0 99.0 99.00
2017 02 02 09 50 999 99.0 99.0  2.67 12.90  9.19 214 9999.0 999.0 999.0 999.0 99.0 99.00
2017 02 02 10 50 999 99.0 99.0  2.24 17.39  8.61 293 9999.0 999.0 999.0 999.0 99.0 99.00
2017 02 02 11 50 999 99.0 99.0  2.49 17.39  8.86 288 9999.0 999.0 999.0 999.0 99.0 99.00
2017 02 02 12 50 999 99.0 99.0  2.40 12.90  8.81 214 9999.0 999.0 999.0 999.0 99.0 99.00
2017 02 02 13 50 999 99.0 99.0  2.13 11.43  8.02 207 9999.0 999.0 999.0 999.0 99.0 99.00
2017 02 02 14 50 999 99.0 99.0  2.32 17.39  8.80 303 9999.0 999.0 999.0 999.0 99.0 99.00
2017 02 02 15 50 999 99.0 99.0  2.32 17.39  8.51 273 9999.0 999.0 999.0 999.0 99.0 99.00
2017 02 02 16 50 999 99.0 99.0  2.09 17.39  7.92 296 9999.0 999.0 999.0 999.0 99.0 99.00
2017 02 02 17 50 999 99.0 99.0  1.97 12.90  7.49 202 9999.0 999.0 999.0 999.0 99.0 99.00
2017 02 02 18 50 999 99.0 99.0  2.22 17.39  8.16 288 9999.0 999.0 999.0 999.0 99.0 99.00
2017 02 02 19 50 999 99.0 99.0  2.18 17.39  8.21 292 9999.0 999.0 999.0 999.0 99.0 99.00
2017 02 02 20 50 999 99.0 99.0  2.26 12.90  8.30 219 9999.0 999.0 999.0 999.0 99.0 99.00
2017 02 02 21 50 999 99.0 99.0  2.06 16.00  7.94 278 9999.0 999.0 999.0 999.0 99.0 99.00
2017 02 02 22 50 999 99.0 99.0  2.10 12.90  7.56 203 9999.0 999.0 999.0 999.0 99.0 99.00
2017 02 02 23 50 999 99.0 99.0  2.07 16.00  7.56 295 9999.0 999.0 999.0 999.0 99.0 99.00
2017 02 03 00 50 999 99.0 99.0  1.90 16.00  7.15 298 9999.0 999.0 999.0 999.0 99.0 99.00
2017 02 03 01 50 999 99.0 99.0  2.02 12.12  7.71 208 9999.0 999.0 999.0 999.0 99.0 99.00
2017 02 03 02 50 999 99.0 99.0  1.96 16.00  7.50 302 9999.0 999.0 999.0 999.0 99.0 99.00
2017 02 03 03 50 999 99.0 99.0  1.86 12.12  7.15 211 9999.0 999.0 999.0 999.0 99.0 99.00
2017 02 03 04 50 999 99.0 99.0  1.99 16.00  7.73 290 9999.0 999.0 999.0 999.0 99.0 99.00
2017 02 03 05 50 999 99.0 99.0  1.97 12.12  7.81 206 9999.0 999.0 999.0 999.0 99.0 99.00
2017 02 03 06 50 999 99.0 99.0  1.99 16.00  8.09 271 9999.0 999.0 999.0 999.0 99.0 99.00
2017 02 03 07 50 999 99.0 99.0  2.23 11.43  8.49 201 9999.0 999.0 999.0 999.0 99.0 99.00
2017 02 03 09 50 999 99.0 99.0  2.12 12.12  8.24 209 9999.0 999.0 999.0 999.0 99.0 99.00
2017 02 03 10 50 999 99.0 99.0  2.30 12.12  8.70 205 9999.0 999.0 999.0 999.0 99.0 99.00
2017 02 03 11 50 999 99.0 99.0  2.08 12.12  8.14 201 9999.0 999.0 999.0 999.0 99.0 99.00
2017 02 03 12 50 999 99.0 99.0  2.20 10.81  8.31 201 9999.0 999.0 999.0 999.0 99.0 99.00
2017 02 03 13 50 999 99.0 99.0  1.92 16.00  7.71 301 9999.0 999.0 999.0 999.0 99.0 99.00
2017 02 03 14 50 999 99.0 99.0  1.98 16.00  7.78 275 9999.0 999.0 999.0 999.0 99.0 99.00
2017 02 03 15 50 999 99.0 99.0  1.96 10.81  7.46 209 9999.0 999.0 999.0 999.0 99.0 99.00
2017 02 03 16 50 999 99.0 99.0  1.92 10.81  7.17 197 9999.0 999.0 999.0 999.0 99.0 99.00
2017 02 03 17 50 999 99.0 99.0  1.78 12.12  7.06 210 9999.0 999.0 999.0 999.0 99.0 99.00
2017 02 03 18 50 999 99.0 99.0  1.86 10.00  6.87 203 9999.0 999.0 999.0 999.0 99.0 99.00
2017 02 03 19 50 999 99.0 99.0  1.71 11.43  6.55 212 9999.0 999.0 999.0 999.0 99.0 99.00
2017 02 03 20 50 999 99.0 99.0  1.73 10.00  6.60 204 9999.0 999.0 999.0 999.0 99.0 99.00
2017 02 03 21 50 999 99.0 99.0  1.77 11.43  6.54 213 9999.0 999.0 999.0 999.0 99.0 99.00
2017 02 03 22 50 999 99.0 99.0  1.78 14.81  6.56 260 9999.0 999.0 999.0 999.0 99.0 99.00
2017 02 03 23 50 999 99.0 99.0  1.83 14.81  6.37 268 9999.0 999.0 999.0 999.0 99.0 99.00
2017 02 04 00 50 999 99.0 99.0  1.83  9.09  6.49 195 9999.0 999.0 999.0 999.0 99.0 99.00
2017 02 04 01 50 999 99.0 99.0  1.80 11.43  6.09 196 9999.0 999.0 999.0 999.0 99.0 99.00
2017 02 04 02 50 999 99.0 99.0  1.86 11.43  6.17 194 9999.0 999.0 999.0 999.0 99.0 99.00
2017 02 04 03 50 999 99.0 99.0  1.75 13.79  5.78 225 9999.0 999.0 999.0 999.0 99.0 99.00
2017 02 04 04 50 999 99.0 99.0  1.62 14.81  5.72 263 9999.0 999.0 999.0 999.0 99.0 99.00
2017 02 04 05 50 999 99.0 99.0  1.74 11.43  6.03 195 9999.0 999.0 999.0 999.0 99.0 99.00
2017 02 04 06 50 999 99.0 99.0  1.88 14.81  5.91 239 9999.0 999.0 999.0 999.0 99.0 99.00
2017 02 04 07 50 999 99.0 99.0  1.77 13.79  6.30 236 9999.0 999.0 999.0 999.0 99.0 99.00
2017 02 04 08 50 999 99.0 99.0  1.76 10.81  6.35 209 9999.0 999.0 999.0 999.0 99.0 99.00
2017 02 04 09 50 999 99.0 99.0  1.73 10.81  6.49 204 9999.0 999.0 999.0 999.0 99.0 99.00
2017 02 04 10 50 999 99.0 99.0  1.80 14.81  6.42 272 9999.0 999.0 999.0 999.0 99.0 99.00
2017 02 04 11 50 999 99.0 99.0  1.78 10.00  6.35 210 9999.0 999.0 999.0 999.0 99.0 99.00
2017 02 04 12 50 999 99.0 99.0  1.81 10.81  6.50 202 9999.0 999.0 999.0 999.0 99.0 99.00
2017 02 04 13 50 999 99.0 99.0  1.73 10.81  6.27 199 9999.0 999.0 999.0 999.0 99.0 99.00
2017 02 04 14 50 999 99.0 99.0  1.73 10.81  6.01 206 9999.0 999.0 999.0 999.0 99.0 99.00
2017 02 04 15 50 999 99.0 99.0  1.72  5.88  5.83 143 9999.0 999.0 999.0 999.0 99.0 99.00
2017 02 04 16 50 999 99.0 99.0  1.70 11.43  5.99 201 9999.0 999.0 999.0 999.0 99.0 99.00
2017 02 04 17 50 999 99.0 99.0  1.73 10.00  5.98 197 9999.0 999.0 999.0 999.0 99.0 99.00
2017 02 04 18 50 999 99.0 99.0  1.72 10.00  5.80 199 9999.0 999.0 999.0 999.0 99.0 99.00
2017 02 04 19 50 999 99.0 99.0  1.64 14.81  5.76 281 9999.0 999.0 999.0 999.0 99.0 99.00
2017 02 04 20 50 999 99.0 99.0  1.55 10.81  5.47 206 9999.0 999.0 999.0 999.0 99.0 99.00
2017 02 04 21 50 999 99.0 99.0  1.63  9.09  5.73 195 9999.0 999.0 999.0 999.0 99.0 99.00
2017 02 04 22 50 999 99.0 99.0  1.66  9.09  5.77 198 9999.0 999.0 999.0 999.0 99.0 99.00
2017 02 04 23 50 999 99.0 99.0  1.67  5.88  5.61 149 9999.0 999.0 999.0 999.0 99.0 99.00
2017 02 05 00 50 999 99.0 99.0  1.63  5.56  5.47 141 9999.0 999.0 999.0 999.0 99.0 99.00
2017 02 05 01 50 999 99.0 99.0  1.68  5.56  5.60 136 9999.0 999.0 999.0 999.0 99.0 99.00
2017 02 05 02 50 999 99.0 99.0  1.66  5.56  5.39 120 9999.0 999.0 999.0 999.0 99.0 99.00
2017 02 05 03 50 999 99.0 99.0  1.62  5.56  5.38 135 9999.0 999.0 999.0 999.0 99.0 99.00
2017 02 05 04 50 999 99.0 99.0  1.61  5.56  5.54 122 9999.0 999.0 999.0 999.0 99.0 99.00
2017 02 05 05 50 999 99.0 99.0  1.57  5.56  5.62 128 9999.0 999.0 999.0 999.0 99.0 99.00
2017 02 05 06 50 999 99.0 99.0  1.42  5.88  5.59 119 9999.0 999.0 999.0 999.0 99.0 99.00
2017 02 05 07 50 999 99.0 99.0  1.48  5.88  5.56 138 9999.0 999.0 999.0 999.0 99.0 99.00
2017 02 05 08 50 999 99.0 99.0  1.51  5.88  5.57 137 9999.0 999.0 999.0 999.0 99.0 99.00
2017 02 05 09 50 999 99.0 99.0  1.54  5.88  5.59 141 9999.0 999.0 999.0 999.0 99.0 99.00
2017 02 05 10 50 999 99.0 99.0  1.58  6.25  5.54 153 9999.0 999.0 999.0 999.0 99.0 99.00
2017 02 05 11 50 999 99.0 99.0  1.58  5.88  5.45 120 9999.0 999.0 999.0 999.0 99.0 99.00
2017 02 05 12 50 999 99.0 99.0  1.69  5.88  5.38 119 9999.0 999.0 999.0 999.0 99.0 99.00
2017 02 05 13 50 999 99.0 99.0  1.73  5.88  5.31 131 9999.0 999.0 999.0 999.0 99.0 99.00
2017 02 05 14 50 999 99.0 99.0  1.69  5.56  5.38 136 9999.0 999.0 999.0 999.0 99.0 99.00
2017 02 05 15 50 999 99.0 99.0  1.77  5.88  5.44 120 9999.0 999.0 999.0 999.0 99.0 99.00
2017 02 05 16 50 999 99.0 99.0  1.54  6.25  5.20 139 9999.0 999.0 999.0 999.0 99.0 99.00
2017 02 05 18 50 999 99.0 99.0  1.63  6.25  5.57 131 9999.0 999.0 999.0 999.0 99.0 99.00
2017 02 05 19 50 999 99.0 99.0  1.57 13.79  5.53 255 9999.0 999.0 999.0 999.0 99.0 99.00
2017 02 05 20 50 999 99.0 99.0  1.64 13.79  5.50 242 9999.0 999.0 999.0 999.0 99.0 99.00
2017 02 05 21 50 999 99.0 99.0  1.63  6.25  5.55 133 9999.0 999.0 999.0 999.0 99.0 99.00
2017 02 05 22 50 999 99.0 99.0  1.68  6.25  5.81 126 9999.0 999.0 999.0 999.0 99.0 99.00
2017 02 05 23 50 999 99.0 99.0  1.64  6.25  5.69 149 9999.0 999.0 999.0 999.0 99.0 99.00
2017 02 06 00 50 999 99.0 99.0  1.66  6.25  5.58 135 9999.0 999.0 999.0 999.0 99.0 99.00
2017 02 06 01 50 999 99.0 99.0  1.64  6.25  5.45 131 9999.0 999.0 999.0 999.0 99.0 99.00
2017 02 06 02 50 999 99.0 99.0  1.72  6.25  5.59 132 9999.0 999.0 999.0 999.0 99.0 99.00
2017 02 06 03 50 999 99.0 99.0  1.74 12.90  5.80 224 9999.0 999.0 999.0 999.0 99.0 99.00
2017 02 06 04 50 999 99.0 99.0  1.68 12.90  5.56 223 9999.0 999.0 999.0 999.0 99.0 99.00
2017 02 06 05 50 999 99.0 99.0  1.78 12.12  5.87 227 9999.0 999.0 999.0 999.0 99.0 99.00
2017 02 06 06 50 999 99.0 99.0  1.72 12.12  5.65 232 9999.0 999.0 999.0 999.0 99.0 99.00
2017 02 06 07 50 999 99.0 99.0  1.70 12.12  5.96 214 9999.0 999.0 999.0 999.0 99.0 99.00
2017 02 06 08 50 999 99.0 99.0  1.80 12.12  5.92 234 9999.0 999.0 999.0 999.0 99.0 99.00
2017 02 06 09 50 999 99.0 99.0  1.77 12.12  5.89 236 9999.0 999.0 999.0 999.0 99.0 99.00
2017 02 06 10 50 999 99.0 99.0  1.77 12.12  6.06 220 9999.0 999.0 999.0 999.0 99.0 99.00
2017 02 06 11 50 999 99.0 99.0  1.89 11.43  5.88 225 9999.0 999.0 999.0 999.0 99.0 99.00
2017 02 06 12 50 999 99.0 99.0  1.85 11.43  6.01 227 9999.0 999.0 999.0 999.0 99.0 99.00
2017 02 06 13 50 999 99.0 99.0  1.90 12.12  6.10 221 9999.0 999.0 999.0 999.0 99.0 99.00
2017 02 06 14 50 999 99.0 99.0  1.80  5.88  5.96 134 9999.0 999.0 999.0 999.0 99.0 99.00
2017 02 06 15 50 999 99.0 99.0  1.80 11.43  6.15 223 9999.0 999.0 999.0 999.0 99.0 99.00
2017 02 06 16 50 999 99.0 99.0  1.75 11.43  6.07 224 9999.0 999.0 999.0 999.0 99.0 99.00
2017 02 06 17 50 999 99.0 99.0  1.76 11.43  5.96 212 9999.0 999.0 999.0 999.0 99.0 99.00
2017 02 06 18 50 999 99.0 99.0  1.67 11.43  6.02 227 9999.0 999.0 999.0 999.0 99.0 99.00
2017 02 06 19 50 999 99.0 99.0  1.55 12.12  6.11 214 9999.0 999.0 999.0 999.0 99.0 99.00
2017 02 06 20 50 999 99.0 99.0  1.60 11.43  6.13 223 9999.0 999.0 999.0 999.0 99.0 99.00
2017 02 06 21 50 999 99.0 99.0  1.69 16.00  6.27 259 9999.0 999.0 999.0 999.0 99.0 99.00
2017 02 06 22 50 999 99.0 99.0  1.66 11.43  6.12 221 9999.0 999.0 999.0 999.0 99.0 99.00
2017 02 06 23 50 999 99.0 99.0  1.67 12.12  5.94 233 9999.0 999.0 999.0 999.0 99.0 99.00
2017 02 07 00 50 999 99.0 99.0  1.60 10.81  5.70 220 9999.0 999.0 999.0 999.0 99.0 99.00
2017 02 07 01 50 999 99.0 99.0  1.62 10.81  6.05 215 9999.0 999.0 999.0 999.0 99.0 99.00
2017 02 07 02 50 999 99.0 99.0  1.62 11.43  5.78 218 9999.0 999.0 999.0 999.0 99.0 99.00
2017 02 07 03 50 999 99.0 99.0  1.63 12.12  5.72 234 9999.0 999.0 999.0 999.0 99.0 99.00
2017 02 07 04 50 999 99.0 99.0  1.70 11.43  5.91 240 9999.0 999.0 999.0 999.0 99.0 99.00
2017 02 07 05 50 999 99.0 99.0  1.55 11.43  5.85 229 9999.0 999.0 999.0 999.0 99.0 99.00
2017 02 07 06 50 999 99.0 99.0  1.58 11.43  5.88 224 9999.0 999.0 999.0 999.0 99.0 99.00
2017 02 07 07 50 999 99.0 99.0  1.53 16.00  6.06 248 9999.0 999.0 999.0 999.0 99.0 99.00
2017 02 07 08 50 999 99.0 99.0  1.50 14.81  6.34 249 9999.0 999.0 999.0 999.0 99.0 99.00
2017 02 07 09 50 999 99.0 99.0  1.49 16.00  6.16 291 9999.0 999.0 999.0 999.0 99.0 99.00
2017 02 07 10 50 999 99.0 99.0  1.58 14.81  6.13 236 9999.0 999.0 999.0 999.0 99.0 99.00
2017 02 07 11 50 999 99.0 99.0  1.55 13.79  5.80 239 9999.0 999.0 999.0 999.0 99.0 99.00
2017 02 07 12 50 999 99.0 99.0  1.66 14.81  6.05 231 9999.0 999.0 999.0 999.0 99.0 99.00
2017 02 07 13 50 999 99.0 99.0  1.84  5.56  6.01 148 9999.0 999.0 999.0 999.0 99.0 99.00
2017 02 07 14 50 999 99.0 99.0  1.71 13.79  6.14 226 9999.0 999.0 999.0 999.0 99.0 99.00
2017 02 07 15 50 999 99.0 99.0  1.71 13.79  6.03 238 9999.0 999.0 999.0 999.0 99.0 99.00
2017 02 07 16 50 999 99.0 99.0  1.85 13.79  5.97 230 9999.0 999.0 999.0 999.0 99.0 99.00
2017 02 07 17 50 999 99.0 99.0  1.85 13.79  5.97 239 9999.0 999.0 999.0 999.0 99.0 99.00
2017 02 07 18 50 999 99.0 99.0  1.72  6.25  5.81 153 9999.0 999.0 999.0 999.0 99.0 99.00
2017 02 07 19 50 999 99.0 99.0  1.91 14.81  6.17 212 9999.0 999.0 999.0 999.0 99.0 99.00
2017 02 07 20 50 999 99.0 99.0  1.98 13.79  6.37 239 9999.0 999.0 999.0 999.0 99.0 99.00
2017 02 07 21 50 999 99.0 99.0  1.87 16.00  6.30 226 9999.0 999.0 999.0 999.0 99.0 99.00
2017 02 07 22 50 999 99.0 99.0  1.93 13.79  6.17 238 9999.0 999.0 999.0 999.0 99.0 99.00
2017 02 07 23 50 999 99.0 99.0  2.08 13.79  6.38 213 9999.0 999.0 999.0 999.0 99.0 99.00
2017 02 08 00 50 999 99.0 99.0  2.14 16.00  6.37 224 9999.0 999.0 999.0 999.0 99.0 99.00
2017 02 08 01 50 999 99.0 99.0  2.13  6.25  6.68 153 9999.0 999.0 999.0 999.0 99.0 99.00
2017 02 08 02 50 999 99.0 99.0  2.16 16.00  6.90 274 9999.0 999.0 999.0 999.0 99.0 99.00
2017 02 08 03 50 999 99.0 99.0  2.01 14.81  6.62 219 9999.0 999.0 999.0 999.0 99.0 99.00
2017 02 08 04 50 999 99.0 99.0  2.21 14.81  6.88 218 9999.0 999.0 999.0 999.0 99.0 99.00
2017 02 08 05 50 999 99.0 99.0  1.96 16.00  6.59 206 9999.0 999.0 999.0 999.0 99.0 99.00
2017 02 08 06 50 999 99.0 99.0  2.21 14.81  7.23 224 9999.0 999.0 999.0 999.0 99.0 99.00
2017 02 08 07 50 999 99.0 99.0  2.29 14.81  7.77 218 9999.0 999.0 999.0 999.0 99.0 99.00
2017 02 08 08 50 999 99.0 99.0  2.48 14.81  8.59 220 9999.0 999.0 999.0 999.0 99.0 99.00
2017 02 08 09 50 999 99.0 99.0  2.40 14.81  8.67 217 9999.0 999.0 999.0 999.0 99.0 99.00
2017 02 08 10 50 999 99.0 99.0  2.98 16.00 10.45 211 9999.0 999.0 999.0 999.0 99.0 99.00
2017 02 08 11 50 999 99.0 99.0  2.74 14.81  9.69 218 9999.0 999.0 999.0 999.0 99.0 99.00
2017 02 08 12 50 999 99.0 99.0  2.77 16.00  9.94 210 9999.0 999.0 999.0 999.0 99.0 99.00
2017 02 08 13 50 999 99.0 99.0  2.63 13.79  9.16 216 9999.0 999.0 999.0 999.0 99.0 99.00
2017 02 08 14 50 999 99.0 99.0  2.55 16.00  8.78 210 9999.0 999.0 999.0 999.0 99.0 99.00
2017 02 08 15 50 999 99.0 99.0  2.69 14.81  9.37 213 9999.0 999.0 999.0 999.0 99.0 99.00
2017 02 08 16 50 999 99.0 99.0  2.82 16.00  9.52 212 9999.0 999.0 999.0 999.0 99.0 99.00
2017 02 08 18 50 999 99.0 99.0  2.41 14.81  8.72 208 9999.0 999.0 999.0 999.0 99.0 99.00
2017 02 08 19 50 999 99.0 99.0  3.08 14.81 10.19 211 9999.0 999.0 999.0 999.0 99.0 99.00
2017 02 08 20 50 999 99.0 99.0  2.86 14.81  9.45 213 9999.0 999.0 999.0 999.0 99.0 99.00
2017 02 08 21 50 999 99.0 99.0  2.46 14.81  8.43 205 9999.0 999.0 999.0 999.0 99.0 99.00
2017 02 08 22 50 999 99.0 99.0  2.41 14.81  8.42 210 9999.0 999.0 999.0 999.0 99.0 99.00
2017 02 08 23 50 999 99.0 99.0  2.48 13.79  8.53 215 9999.0 999.0 999.0 999.0 99.0 99.00
2017 02 09 00 50 999 99.0 99.0  2.62 14.81  8.75 211 9999.0 999.0 999.0 999.0 99.0 99.00
2017 02 09 01 50 999 99.0 99.0  2.84 14.81  8.99 211 9999.0 999.0 999.0 999.0 99.0 99.00
2017 02 09 02 50 999 99.0 99.0  2.77 14.81  8.69 214 9999.0 999.0 999.0 999.0 99.0 99.00
2017 02 09 03 50 999 99.0 99.0  2.53 13.79  8.12 213 9999.0 999.0 999.0 999.0 99.0 99.00
2017 02 09 04 50 999 99.0 99.0  2.83 13.79  8.64 220 9999.0 999.0 999.0 999.0 99.0 99.00
2017 02 09 05 50 999 99.0 99.0  2.37 13.79  7.76 216 9999.0 999.0 999.0 999.0 99.0 99.00
2017 02 09 06 50 999 99.0 99.0  2.49 13.79  8.32 212 9999.0 999.0 999.0 999.0 99.0 99.00
2017 02 09 07 50 999 99.0 99.0  2.35 12.90  7.65 210 9999.0 999.0 999.0 999.0 99.0 99.00
2017 02 09 08 50 999 99.0 99.0  2.18 12.12  7.23 224 9999.0 999.0 999.0 999.0 99.0 99.00
2017 02 09 09 50 999 99.0 99.0  2.34 13.79  7.62 218 9999.0 999.0 999.0 999.0 99.0 99.00
2017 02 09 10 50 999 99.0 99.0  2.24 13.79  7.63 213 9999.0 999.0 999.0 999.0 99.0 99.00
2017 02 09 11 50 999 99.0 99.0  2.26 12.90  7.95 219 9999.0 999.0 999.0 999.0 99.0 99.00
2017 02 09 12 50 999 99.0 99.0  2.11 12.90  7.53 216 9999.0 999.0 999.0 999.0 99.0 99.00
2017 02 09 13 50 999 99.0 99.0  2.19 13.79  7.37 220 9999.0 999.0 999.0 999.0 99.0 99.00
2017 02 09 14 50 999 99.0 99.0  2.34 12.90  6.94 209 9999.0 999.0 999.0 999.0 99.0 99.00
2017 02 09 15 50 999 99.0 99.0  2.47 13.79  6.92 219 9999.0 999.0 999.0 999.0 99.0 99.00
2017 02 09 16 50 999 99.0 99.0  2.45 13.79  6.96 225 9999.0 999.0 999.0 999.0 99.0 99.00
2017 02 09 17 50 999 99.0 99.0  2.36 13.79  6.83 223 9999.0 999.0 999.0 999.0 99.0 99.00
2017 02 09 18 50 999 99.0 99.0  2.42 13.79  7.33 219 9999.0 999.0 999.0 999.0 99.0 99.00
2017 02 09 19 50 999 99.0 99.0  2.16 12.12  6.65 212 9999.0 999.0 999.0 999.0 99.0 99.00
2017 02 09 20 50 999 99.0 99.0  2.68 13.79  7.42 214 9999.0 999.0 999.0 999.0 99.0 99.00
2017 02 09 21 50 999 99.0 99.0  2.34 12.90  6.58 220 9999.0 999.0 999.0 999.0 99.0 99.00
2017 02 09 22 50 999 99.0 99.0  2.54 12.90  6.71 208 9999.0 999.0 999.0 999.0 99.0 99.00
2017 02 09 23 50 999 99.0 99.0  2.53 12.12  6.71 209 9999.0 999.0 999.0 999.0 99.0 99.00
2017 02 10 00 50 999 99.0 99.0  2.72 12.90  6.87 218 9999.0 999.0 999.0 999.0 99.0 99.00
2017 02 10 01 50 999 99.0 99.0  2.58 13.79  6.44 228 9999.0 999.0 999.0 999.0 99.0 99.00
2017 02 10 02 50 999 99.0 99.0  2.67 12.12  6.92 223 9999.0 999.0 999.0 999.0 99.0 99.00
2017 02 10 03 50 999 99.0 99.0  2.88 12.90  7.09 204 9999.0 999.0 999.0 999.0 99.0 99.00
2017 02 10 04 50 999 99.0 99.0  2.86 12.90  7.15 211 9999.0 999.0 999.0 999.0 99.0 99.00
2017 02 10 05 50 999 99.0 99.0  2.76 12.90  7.05 215 9999.0 999.0 999.0 999.0 99.0 99.00
2017 02 10 06 50 999 99.0 99.0  2.65 12.12  7.03 212 9999.0 999.0 999.0 999.0 99.0 99.00
2017 02 10 07 50 999 99.0 99.0  2.61 12.12  7.20 196 9999.0 999.0 999.0 999.0 99.0 99.00
2017 02 10 08 50 999 99.0 99.0  2.60 14.81  6.97 221 9999.0 999.0 999.0 999.0 99.0 99.00
2017 02 10 09 50 999 99.0 99.0  2.58 16.00  7.57 209 9999.0 999.0 999.0 999.0 99.0 99.00
2017 02 10 10 50 999 99.0 99.0  2.63 14.81  7.05 228 9999.0 999.0 999.0 999.0 99.0 99.00
2017 02 10 11 50 999 99.0 99.0  2.94 14.81  8.01 223 9999.0 999.0 999.0 999.0 99.0 99.00
2017 02 10 12 50 999 99.0 99.0  2.60 14.81  7.45 220 9999.0 999.0 999.0 999.0 99.0 99.00
2017 02 10 13 50 999 99.0 99.0  2.80 14.81  7.84 217 9999.0 999.0 999.0 999.0 99.0 99.00
2017 02 10 14 50 999 99.0 99.0  2.76 13.79  7.85 219 9999.0 999.0 999.0 999.0 99.0 99.00
2017 02 10 15 50 999 99.0 99.0  2.72 14.81  7.62 211 9999.0 999.0 999.0 999.0 99.0 99.00
2017 02 10 16 50 999 99.0 99.0  2.82 13.79  7.83 217 9999.0 999.0 999.0 999.0 99.0 99.00
2017 02 10 17 50 999 99.0 99.0  2.65 14.81  7.48 207 9999.0 999.0 999.0 999.0 99.0 99.00
2017 02 10 18 50 999 99.0 99.0  2.63 12.12  7.52 223 9999.0 999.0 999.0 999.0 99.0 99.00
2017 02 10 19 50 999 99.0 99.0  2.49 14.81  7.33 216 9999.0 999.0 999.0 999.0 99.0 99.00
2017 02 10 20 50 999 99.0 99.0  2.60 14.81  7.37 216 9999.0 999.0 999.0 999.0 99.0 99.00
2017 02 10 21 50 999 99.0 99.0  2.52 13.79  7.33 212 9999.0 999.0 999.0 999.0 99.0 99.00
2017 02 10 22 50 999 99.0 99.0  2.58 13.79  7.56 220 9999.0 999.0 999.0 999.0 99.0 99.00
2017 02 10 23 50 999 99.0 99.0  2.47 13.79  7.30 223 9999.0 999.0 999.0 999.0 99.0 99.00
2017 02 11 00 50 999 99.0 99.0  2.43 12.90  7.58 225 9999.0 999.0 999.0 999.0 99.0 99.00
2017 02 11 01 50 999 99.0 99.0  2.66 13.79  7.54 223 9999.0 999.0 999.0 999.0 99.0 99.00
2017 02 11 02 50 999 99.0 99.0  2.57 13.79  7.24 217 9999.0 999.0 999.0 999.0 99.0 99.00
2017 02 11 03 50 999 99.0 99.0  2.52 13.79  7.28 209 9999.0 999.0 999.0 999.0 99.0 99.00
2017 02 11 04 50 999 99.0 99.0  2.40 13.79  6.99 219 9999.0 999.0 999.0 999.0 99.0 99.00
2017 02 11 05 50 999 99.0 99.0  2.48 13.79  7.10 220 9999.0 999.0 999.0 999.0 99.0 99.00
2017 02 11 06 50 999 99.0 99.0  2.29 13.79  7.34 221 9999.0 999.0 999.0 999.0 99.0 99.00
2017 02 11 07 50 999 99.0 99.0  2.36 13.79  6.86 226 9999.0 999.0 999.0 999.0 99.0 99.00
2017 02 11 08 50 999 99.0 99.0  2.43 13.79  7.32 218 9999.0 999.0 999.0 999.0 99.0 99.00
2017 02 11 09 50 999 99.0 99.0  2.45 12.90  7.60 219 9999.0 999.0 999.0 999.0 99.0 99.00
2017 02 11 10 50 999 99.0 99.0  2.07 12.90  7.19 219 9999.0 999.0 999.0 999.0 99.0 99.00
2017 02 11 11 50 999 99.0 99.0  2.04 12.90  7.36 218 9999.0 999.0 999.0 999.0 99.0 99.00
2017 02 11 12 50 999 99.0 99.0  1.91 12.90  6.97 204 9999.0 999.0 999.0 999.0 99.0 99.00
2017 02 11 13 50 999 99.0 99.0  2.13 12.90  7.49 219 9999.0 999.0 999.0 999.0 99.0 99.00
2017 02 11 14 50 999 99.0 99.0  2.03 12.12  7.34 220 9999.0 999.0 999.0 999.0 99.0 99.00
2017 02 11 15 50 999 99.0 99.0  2.18 12.12  7.68 222 9999.0 999.0 999.0 999.0 99.0 99.00
2017 02 11 16 50 999 99.0 99.0  2.11 12.90  7.52 220 9999.0 999.0 999.0 999.0 99.0 99.00
2017 02 11 18 50 999 99.0 99.0  2.02 12.12  6.97 218 9999.0 999.0 999.0 999.0 99.0 99.00
2017 02 11 19 50 999 99.0 99.0  1.97 12.12  6.41 210 9999.0 999.0 999.0 999.0 99.0 99.00
2017 02 11 20 50 999 99.0 99.0  1.96 10.00  6.12 210 9999.0 999.0 999.0 999.0 99.0 99.00
2017 02 11 21 50 999 99.0 99.0  2.22 11.43  6.41 224 9999.0 999.0 999.0 999.0 99.0 99.00
2017 02 11 22 50 999 99.0 99.0  1.98 12.12  6.33 230 9999.0 999.0 999.0 999.0 99.0 99.00
2017 02 11 23 50 999 99.0 99.0  1.82 12.12  6.12 220 9999.0 999.0 999.0 999.0 99.0 99.00
2017 02 12 00 50 999 99.0 99.0  2.05 12.12  6.49 230 9999.0 999.0 999.0 999.0 99.0 99.00
2017 02 12 01 50 999 99.0 99.0  1.99 12.12  6.17 224 9999.0 999.0 999.0 999.0 99.0 99.00
2017 02 12 02 50 999 99.0 99.0  2.01 12.90  6.20 230 9999.0 999.0 999.0 999.0 99.0 99.00
2017 02 12 03 50 999 99.0 99.0  2.12 12.12  6.25 227 9999.0 999.0 999.0 999.0 99.0 99.00
2017 02 12 04 50 999 99.0 99.0  1.97 12.12  6.05 217 9999.0 999.0 999.0 999.0 99.0 99.00
2017 02 12 05 50 999 99.0 99.0  2.04 12.12  6.06 211 9999.0 999.0 999.0 999.0 99.0 99.00
2017 02 12 06 50 999 99.0 99.0  1.95 12.12  6.10 213 9999.0 999.0 999.0 999.0 99.0 99.00
2017 02 12 07 50 999 99.0 99.0  2.05 12.90  6.42 228 9999.0 999.0 999.0 999.0 99.0 99.00
2017 02 12 08 50 999 99.0 99.0  2.00 12.12  6.15 215 9999.0 999.0 999.0 999.0 99.0 99.00
2017 02 12 09 50 999 99.0 99.0  1.98 12.12  6.23 228 9999.0 999.0 999.0 999.0 99.0 99.00
2017 02 12 10 50 999 99.0 99.0  1.98 12.12  6.53 220 9999.0 999.0 999.0 999.0 99.0 99.00
2017 02 12 11 50 999 99.0 99.0  1.95 11.43  6.87 211 9999.0 999.0 999.0 999.0 99.0 99.00
2017 02 12 12 50 999 99.0 99.0  1.90 11.43  6.44 227 9999.0 999.0 999.0 999.0 99.0 99.00
2017 02 12 13 50 999 99.0 99.0  1.84 10.81  6.50 209 9999.0 999.0 999.0 999.0 99.0 99.00
2017 02 12 14 50 999 99.0 99.0  1.88 21.05  6.40 222 9999.0 999.0 999.0 999.0 99.0 99.00
2017 02 12 15 50 999 99.0 99.0  2.06 11.43  6.72 209 9999.0 999.0 999.0 999.0 99.0 99.00
2017 02 12 16 50 999 99.0 99.0  1.95 11.43  6.38 228 9999.0 999.0 999.0 999.0 99.0 99.00
2017 02 12 17 50 999 99.0 99.0  2.13 12.12  6.99 233 9999.0 999.0 999.0 999.0 99.0 99.00
2017 02 12 18 50 999 99.0 99.0  1.90  6.67  6.45 153 9999.0 999.0 999.0 999.0 99.0 99.00
2017 02 12 19 50 999 99.0 99.0  1.98 10.81  6.68 210 9999.0 999.0 999.0 999.0 99.0 99.00
2017 02 12 20 50 999 99.0 99.0  1.98 21.05  6.64 235 9999.0 999.0 999.0 999.0 99.0 99.00
2017 02 12 21 50 999 99.0 99.0  2.00 21.05  6.66 214 9999.0 999.0 999.0 999.0 99.0 99.00
2017 02 12 22 50 999 99.0 99.0  1.91 21.05  6.70 210 9999.0 999.0 999.0 999.0 99.0 99.00
2017 02 12 23 50 999 99.0 99.0  1.94 19.05  6.54 199 9999.0 999.0 999.0 999.0 99.0 99.00
2017 02 13 00 50 999 99.0 99.0  1.98 11.43  6.53 210 9999.0 999.0 999.0 999.0 99.0 99.00
2017 02 13 01 50 999 99.0 99.0  1.99 19.05  6.72 209 9999.0 999.0 999.0 999.0 99.0 99.00
2017 02 13 02 50 999 99.0 99.0  2.00 19.05  7.11 218 9999.0 999.0 999.0 999.0 99.0 99.00
2017 02 13 03 50 999 99.0 99.0  2.02 19.05  7.07 207 9999.0 999.0 999.0 999.0 99.0 99.00
2017 02 13 04 50 999 99.0 99.0  2.27 19.05  7.80 215 9999.0 999.0 999.0 999.0 99.0 99.00
2017 02 13 05 50 999 99.0 99.0  2.32 19.05  7.96 210 9999.0 999.0 999.0 999.0 99.0 99.00
2017 02 13 06 50 999 99.0 99.0  2.24 19.05  7.58 216 9999.0 999.0 999.0 999.0 99.0 99.00
2017 02 13 07 50 999 99.0 99.0  2.26 19.05  7.33 237 9999.0 999.0 999.0 999.0 99.0 99.00
2017 02 13 08 50 999 99.0 99.0  2.32 19.05  7.36 221 9999.0 999.0 999.0 999.0 99.0 99.00
2017 02 13 09 50 999 99.0 99.0  2.32 19.05  8.20 206 9999.0 999.0 999.0 999.0 99.0 99.00
2017 02 13 10 50 999 99.0 99.0  2.71 19.05  8.69 210 9999.0 999.0 999.0 999.0 99.0 99.00
2017 02 13 11 50 999 99.0 99.0  2.53 17.39  8.50 216 9999.0 999.0 999.0 999.0 99.0 99.00
2017 02 13 12 50 999 99.0 99.0  2.62 17.39  8.43 216 9999.0 999.0 999.0 999.0 99.0 99.00
2017 02 13 13 50 999 99.0 99.0  2.39 17.39  8.48 211 9999.0 999.0 999.0 999.0 99.0 99.00
2017 02 13 14 50 999 99.0 99.0  2.85 17.39  9.15 220 9999.0 999.0 999.0 999.0 99.0 99.00
2017 02 13 15 50 999 99.0 99.0  2.76 17.39  8.82 213 9999.0 999.0 999.0 999.0 99.0 99.00
2017 02 13 16 50 999 99.0 99.0  3.13 17.39  9.93 215 9999.0 999.0 999.0 999.0 99.0 99.00
2017 02 13 17 50 999 99.0 99.0  2.54 17.39  8.56 219 9999.0 999.0 999.0 999.0 99.0 99.00
2017 02 13 18 50 999 99.0 99.0  2.70 17.39  9.00 215 9999.0 999.0 999.0 999.0 99.0 99.00
2017 02 13 19 50 999 99.0 99.0  3.12 17.39 10.53 210 9999.0 999.0 999.0 999.0 99.0 99.00
2017 02 13 20 50 999 99.0 99.0  3.16 17.39  9.83 211 9999.0 999.0 999.0 999.0 99.0 99.00
2017 02 13 21 50 999 99.0 99.0  3.49 17.39 10.70 209 9999.0 999.0 999.0 999.0 99.0 99.00
2017 02 13 22 50 999 99.0 99.0  3.39 17.39 10.73 213 9999.0 999.0 999.0 999.0 99.0 99.00
2017 02 13 23 50 999 99.0 99.0  2.80 17.39 10.06 214 9999.0 999.0 999.0 999.0 99.0 99.00
2017 02 14 00 50 999 99.0 99.0  2.84 16.00 10.02 225 9999.0 999.0 999.0 999.0 99.0 99.00
2017 02 14 01 50 999 99.0 99.0  3.51 16.00 11.77 219 9999.0 999.0 999.0 999.0 99.0 99.00
2017 02 14 02 50 999 99.0 99.0  3.49 16.00 11.63 213 9999.0 999.0 999.0 999.0 99.0 99.00
2017 02 14 03 50 999 99.0 99.0  2.75 17.39 10.47 218 9999.0 999.0 999.0 999.0 99.0 99.00
2017 02 14 04 50 999 99.0 99.0  3.00 17.39 10.89 216 9999.0 999.0 999.0 999.0 99.0 99.00
2017 02 14 05 50 999 99.0 99.0  2.98 16.00 10.77 217 9999.0 999.0 999.0 999.0 99.0 99.00
2017 02 14 06 50 999 99.0 99.0  3.17 16.00 11.28 210 9999.0 999.0 999.0 999.0 99.0 99.00
2017 02 14 07 50 999 99.0 99.0  3.21 16.00 11.15 212 9999.0 999.0 999.0 999.0 99.0 99.00
2017 02 14 08 50 999 99.0 99.0  3.03 14.81 10.01 214 9999.0 999.0 999.0 999.0 99.0 99.00
2017 02 14 09 50 999 99.0 99.0  3.76 16.00 11.49 216 9999.0 999.0 999.0 999.0 99.0 99.00
2017 02 14 10 50 999 99.0 99.0  3.83 16.00 11.38 216 9999.0 999.0 999.0 999.0 99.0 99.00
2017 02 14 11 50 999 99.0 99.0  3.17 16.00 11.10 219 9999.0 999.0 999.0 999.0 99.0 99.00
2017 02 14 12 50 999 99.0 99.0  2.90 16.00 10.50 224 9999.0 999.0 999.0 999.0 99.0 99.00
2017 02 14 13 50 999 99.0 99.0  3.05 16.00 10.76 212 9999.0 999.0 999.0 999.0 99.0 99.00
2017 02 14 14 50 999 99.0 99.0  3.09 16.00 11.03 213 9999.0 999.0 999.0 999.0 99.0 99.00
2017 02 14 15 50 999 99.0 99.0  3.24 16.00 11.23 217 9999.0 999.0 999.0 999.0 99.0 99.00
2017 02 14 16 50 999 99.0 99.0  3.76 14.81 11.84 222 9999.0 999.0 999.0 999.0 99.0 99.00
2017 02 14 17 50 999 99.0 99.0  3.33 16.00 11.19 215 9999.0 999.0 999.0 999.0 99.0 99.00
2017 02 14 18 50 999 99.0 99.0  3.30 14.81 11.04 213 9999.0 999.0 999.0 999.0 99.0 99.00
2017 02 14 19 50 999 99.0 99.0  2.81 14.81 10.44 213 9999.0 999.0 999.0 999.0 99.0 99.00
2017 02 14 20 50 999 99.0 99.0  2.75 14.81 10.47 208 9999.0 999.0 999.0 999.0 99.0 99.00
2017 02 14 21 50 999 99.0 99.0  2.82 16.00 10.17 215 9999.0 999.0 999.0 999.0 99.0 99.00
2017 02 14 22 50 999 99.0 99.0  2.79 16.00 10.23 216 9999.0 999.0 999.0 999.0 99.0 99.00
2017 02 14 23 50 999 99.0 99.0  3.00 14.81 10.52 215 9999.0 999.0 999.0 999.0 99.0 99.00
2017 02 15 00 50 999 99.0 99.0  2.81 14.81 10.32 218 9999.0 999.0 999.0 999.0 99.0 99.00
2017 02 15 01 50 999 99.0 99.0  2.58 14.81 10.13 216 9999.0 999.0 999.0 999.0 99.0 99.00
2017 02 15 02 50 999 99.0 99.0  2.70 14.81 10.16 216 9999.0 999.0 999.0 999.0 99.0 99.00
2017 02 15 03 50 999 99.0 99.0  2.55 12.90  9.99 207 9999.0 999.0 999.0 999.0 99.0 99.00
2017 02 15 04 50 999 99.0 99.0  2.23 12.90  9.20 209 9999.0 999.0 999.0 999.0 99.0 99.00
2017 02 15 05 50 999 99.0 99.0  2.31 12.90  9.60 218 9999.0 999.0 999.0 999.0 99.0 99.00
2017 02 15 06 50 999 99.0 99.0  2.59 14.81 10.09 218 9999.0 999.0 999.0 999.0 99.0 99.00
2017 02 15 07 50 999 99.0 99.0  2.44 12.90  9.97 222 9999.0 999.0 999.0 999.0 99.0 99.00
2017 02 15 08 50 999 99.0 99.0  2.44 14.81  9.86 207 9999.0 999.0 999.0 999.0 99.0 99.00
2017 02 15 09 50 999 99.0 99.0  2.47 14.81  9.34 214 9999.0 999.0 999.0 999.0 99.0 99.00
2017 02 15 10 50 999 99.0 99.0  2.46 14.81  9.14 212 9999.0 999.0 999.0 999.0 99.0 99.00
2017 02 15 11 50 999 99.0 99.0  2.33 13.79  8.77 212 9999.0 999.0 999.0 999.0 99.0 99.00
2017 02 15 12 50 999 99.0 99.0  2.29 14.81  9.07 212 9999.0 999.0 999.0 999.0 99.0 99.00
2017 02 15 13 50 999 99.0 99.0  2.24 12.90  9.19 218 9999.0 999.0 999.0 999.0 99.0 99.00
2017 02 15 14 50 999 99.0 99.0  2.33 13.79  9.52 226 9999.0 999.0 999.0 999.0 99.0 99.00
2017 02 15 15 50 999 99.0 99.0  2.31 14.81  9.67 217 9999.0 999.0 999.0 999.0 99.0 99.00
2017 02 15 16 50 999 99.0 99.0  2.39 13.79  9.64 219 9999.0 999.0 999.0 999.0 99.0 99.00
2017 02 15 17 50 999 99.0 99.0  2.00 13.79  8.84 225 9999.0 999.0 999.0 999.0 99.0 99.00
2017 02 15 18 50 999 99.0 99.0  2.02 12.90  8.88 219 9999.0 999.0 999.0 999.0 99.0 99.00
2017 02 15 19 50 999 99.0 99.0  1.95 13.79  8.75 225 9999.0 999.0 999.0 999.0 99.0 99.00
2017 02 15 20 50 999 99.0 99.0  1.75 13.79  8.13 213 9999.0 999.0 999.0 999.0 99.0 99.00
2017 02 15 21 50 999 99.0 99.0  2.08 13.79  8.61 230 9999.0 999.0 999.0 999.0 99.0 99.00
2017 02 15 22 50 999 99.0 99.0  2.05 13.79  8.45 222 9999.0 999.0 999.0 999.0 99.0 99.00
2017 02 15 23 50 999 99.0 99.0  1.94 13.79  8.20 223 9999.0 999.0 999.0 999.0 99.0 99.00
2017 02 16 00 50 999 99.0 99.0  1.97 13.79  8.19 219 9999.0 999.0 999.0 999.0 99.0 99.00
2017 02 16 02 50 999 99.0 99.0  2.05 13.79  8.21 217 9999.0 999.0 999.0 999.0 99.0 99.00
2017 02 16 03 50 999 99.0 99.0  1.92 13.79  7.76 207 9999.0 999.0 999.0 999.0 99.0 99.00
2017 02 16 04 50 999 99.0 99.0  1.95 12.90  7.34 221 9999.0 999.0 999.0 999.0 99.0 99.00
2017 02 16 05 50 999 99.0 99.0  1.83 12.90  7.54 216 9999.0 999.0 999.0 999.0 99.0 99.00
2017 02 16 06 50 999 99.0 99.0  1.98 12.90  7.58 218 9999.0 999.0 999.0 999.0 99.0 99.00
2017 02 16 07 50 999 99.0 99.0  1.86 13.79  6.96 219 9999.0 999.0 999.0 999.0 99.0 99.00
2017 02 16 08 50 999 99.0 99.0  1.93 12.90  7.61 212 9999.0 999.0 999.0 999.0 99.0 99.00
2017 02 16 09 50 999 99.0 99.0  1.90 12.90  7.24 203 9999.0 999.0 999.0 999.0 99.0 99.00
2017 02 16 10 50 999 99.0 99.0  1.98 13.79  6.89 207 9999.0 999.0 999.0 999.0 99.0 99.00
2017 02 16 11 50 999 99.0 99.0  2.26 12.90  7.70 216 9999.0 999.0 999.0 999.0 99.0 99.00
2017 02 16 12 50 999 99.0 99.0  1.92 12.90  7.51 239 9999.0 999.0 999.0 999.0 99.0 99.00
2017 02 16 13 50 999 99.0 99.0  2.20 12.90  8.35 210 9999.0 999.0 999.0 999.0 99.0 99.00
2017 02 16 14 50 999 99.0 99.0  1.85 13.79  7.86 215 9999.0 999.0 999.0 999.0 99.0 99.00
2017 02 16 15 50 999 99.0 99.0  2.10 12.90  7.67 223 9999.0 999.0 999.0 999.0 99.0 99.00
2017 02 16 16 50 999 99.0 99.0  2.24 13.79  7.90 215 9999.0 999.0 999.0 999.0 99.0 99.00
2017 02 16 17 50 999 99.0 99.0  2.23 12.90  7.53 224 9999.0 999.0 999.0 999.0 99.0 99.00
2017 02 16 18 50 999 99.0 99.0  2.20 12.90  7.69 228 9999.0 999.0 999.0 999.0 99.0 99.00
2017 02 16 19 50 999 99.0 99.0  2.36 14.81  7.62 223 9999.0 999.0 999.0 999.0 99.0 99.00
2017 02 16 20 50 999 99.0 99.0  2.26 12.12  7.51 225 9999.0 999.0 999.0 999.0 99.0 99.00
2017 02 16 21 50 999 99.0 99.0  2.30 14.81  7.99 232 9999.0 999.0 999.0 999.0 99.0 99.00
2017 02 16 23 50 999 99.0 99.0  2.35 12.12  7.77 208 9999.0 999.0 999.0 999.0 99.0 99.00
2017 02 17 00 50 999 99.0 99.0  2.16 13.79  7.53 220 9999.0 999.0 999.0 999.0 99.0 99.00
2017 02 17 01 50 999 99.0 99.0  2.10 14.81  7.29 216 9999.0 999.0 999.0 999.0 99.0 99.00
2017 02 17 02 50 999 99.0 99.0  2.05 13.79  7.31 222 9999.0 999.0 999.0 999.0 99.0 99.00
2017 02 17 03 50 999 99.0 99.0  2.20 13.79  7.82 226 9999.0 999.0 999.0 999.0 99.0 99.00
2017 02 17 04 50 999 99.0 99.0  2.05 14.81  7.44 235 9999.0 999.0 999.0 999.0 99.0 99.00
2017 02 17 05 50 999 99.0 99.0  2.24 13.79  7.56 218 9999.0 999.0 999.0 999.0 99.0 99.00
2017 02 17 06 50 999 99.0 99.0  2.35 13.79  7.90 220 9999.0 999.0 999.0 999.0 99.0 99.00
2017 02 17 07 50 999 99.0 99.0  2.05 13.79  7.64 221 9999.0 999.0 999.0 999.0 99.0 99.00
2017 02 17 08 50 999 99.0 99.0  2.10 13.79  7.40 221 9999.0 999.0 999.0 999.0 99.0 99.00
2017 02 17 09 50 999 99.0 99.0  1.96 13.79  7.45 212 9999.0 999.0 999.0 999.0 99.0 99.00
2017 02 17 10 50 999 99.0 99.0  2.10 13.79  7.50 218 9999.0 999.0 999.0 999.0 99.0 99.00
2017 02 17 11 50 999 99.0 99.0  2.04 13.79  7.57 238 9999.0 999.0 999.0 999.0 99.0 99.00
2017 02 17 12 50 999 99.0 99.0  2.12 12.12  7.58 209 9999.0 999.0 999.0 999.0 99.0 99.00
2017 02 17 13 50 999 99.0 99.0  1.98 13.79  7.54 233 9999.0 999.0 999.0 999.0 99.0 99.00
2017 02 17 14 50 999 99.0 99.0  2.14 12.90  7.77 213 9999.0 999.0 999.0 999.0 99.0 99.00
2017 02 17 15 50 999 99.0 99.0  1.88 12.90  7.41 217 9999.0 999.0 999.0 999.0 99.0 99.00
2017 02 17 16 50 999 99.0 99.0  1.87 12.12  7.41 216 9999.0 999.0 999.0 999.0 99.0 99.00
2017 02 17 17 50 999 99.0 99.0  1.81 12.90  7.15 215 9999.0 999.0 999.0 999.0 99.0 99.00
2017 02 17 18 50 999 99.0 99.0  1.93 12.90  7.25 212 9999.0 999.0 999.0 999.0 99.0 99.00
2017 02 17 19 50 999 99.0 99.0  1.96 12.90  7.32 229 9999.0 999.0 999.0 999.0 99.0 99.00
2017 02 17 20 50 999 99.0 99.0  2.15 12.90  7.54 225 9999.0 999.0 999.0 999.0 99.0 99.00
2017 02 17 21 50 999 99.0 99.0  2.01 12.90  7.57 213 9999.0 999.0 999.0 999.0 99.0 99.00
2017 02 17 22 50 999 99.0 99.0  2.13 12.90  7.54 208 9999.0 999.0 999.0 999.0 99.0 99.00
2017 02 17 23 50 999 99.0 99.0  1.87 13.79  6.72 224 9999.0 999.0 999.0 999.0 99.0 99.00
2017 02 18 00 50 999 99.0 99.0  2.07 12.12  7.19 214 9999.0 999.0 999.0 999.0 99.0 99.00
2017 02 18 01 50 999 99.0 99.0  1.98 12.12  6.74 212 9999.0 999.0 999.0 999.0 99.0 99.00
2017 02 18 02 50 999 99.0 99.0  1.95 12.90  7.05 210 9999.0 999.0 999.0 999.0 99.0 99.00
2017 02 18 03 50 999 99.0 99.0  1.79 12.12  6.88 209 9999.0 999.0 999.0 999.0 99.0 99.00
2017 02 18 04 50 999 99.0 99.0  1.99 12.12  7.76 218 9999.0 999.0 999.0 999.0 99.0 99.00
2017 02 18 05 50 999 99.0 99.0  2.16 12.90  7.81 216 9999.0 999.0 999.0 999.0 99.0 99.00
2017 02 18 06 50 999 99.0 99.0  1.77 12.90  6.97 220 9999.0 999.0 999.0 999.0 99.0 99.00
2017 02 18 07 50 999 99.0 99.0  1.64 13.79  6.93 235 9999.0 999.0 999.0 999.0 99.0 99.00
2017 02 18 08 50 999 99.0 99.0  1.84 12.12  7.19 219 9999.0 999.0 999.0 999.0 99.0 99.00
2017 02 18 09 50 999 99.0 99.0  1.81 12.12  7.20 211 9999.0 999.0 999.0 999.0 99.0 99.00
2017 02 18 10 50 999 99.0 99.0  1.90 12.12  7.21 214 9999.0 999.0 999.0 999.0 99.0 99.00
2017 02 18 11 50 999 99.0 99.0  1.78 12.12  6.60 212 9999.0 999.0 999.0 999.0 99.0 99.00
2017 02 18 12 50 999 99.0 99.0  1.83 11.43  6.56 213 9999.0 999.0 999.0 999.0 99.0 99.00
2017 02 18 13 50 999 99.0 99.0  1.98 11.43  6.62 215 9999.0 999.0 999.0 999.0 99.0 99.00
2017 02 18 14 50 999 99.0 99.0  1.81 12.90  6.20 238 9999.0 999.0 999.0 999.0 99.0 99.00
2017 02 18 15 50 999 99.0 99.0  1.74 12.12  6.45 221 9999.0 999.0 999.0 999.0 99.0 99.00
2017 02 18 16 50 999 99.0 99.0  1.84 11.43  6.72 221 9999.0 999.0 999.0 999.0 99.0 99.00
2017 02 18 17 50 999 99.0 99.0  1.71 12.12  6.23 222 9999.0 999.0 999.0 999.0 99.0 99.00
2017 02 18 18 50 999 99.0 99.0  1.78 10.81  6.37 208 9999.0 999.0 999.0 999.0 99.0 99.00
2017 02 18 19 50 999 99.0 99.0  1.65 11.43  6.21 215 9999.0 999.0 999.0 999.0 99.0 99.00
2017 02 18 20 50 999 99.0 99.0  1.92 12.12  6.52 206 9999.0 999.0 999.0 999.0 99.0 99.00
2017 02 18 21 50 999 99.0 99.0  1.97 12.90  6.49 226 9999.0 999.0 999.0 999.0 99.0 99.00
2017 02 18 22 50 999 99.0 99.0  2.13 10.00  6.92 214 9999.0 999.0 999.0 999.0 99.0 99.00
2017 02 18 23 50 999 99.0 99.0  1.91 10.81  6.14 215 9999.0 999.0 999.0 999.0 99.0 99.00
2017 02 19 00 50 999 99.0 99.0  2.10 12.12  6.43 242 9999.0 999.0 999.0 999.0 99.0 99.00
2017 02 19 01 50 999 99.0 99.0  1.99 12.12  6.47 222 9999.0 999.0 999.0 999.0 99.0 99.00
2017 02 19 02 50 999 99.0 99.0  2.10 12.12  6.64 221 9999.0 999.0 999.0 999.0 99.0 99.00
2017 02 19 03 50 999 99.0 99.0  1.81 11.43  6.23 215 9999.0 999.0 999.0 999.0 99.0 99.00
2017 02 19 04 50 999 99.0 99.0  1.78 12.12  6.26 214 9999.0 999.0 999.0 999.0 99.0 99.00
2017 02 19 05 50 999 99.0 99.0  1.99 12.12  6.68 221 9999.0 999.0 999.0 999.0 99.0 99.00
2017 02 19 06 50 999 99.0 99.0  1.84 12.12  6.48 223 9999.0 999.0 999.0 999.0 99.0 99.00
2017 02 19 07 50 999 99.0 99.0  1.91 11.43  6.64 219 9999.0 999.0 999.0 999.0 99.0 99.00
2017 02 19 08 50 999 99.0 99.0  1.86 11.43  6.52 220 9999.0 999.0 999.0 999.0 99.0 99.00
2017 02 19 09 50 999 99.0 99.0  1.79 11.43  6.05 205 9999.0 999.0 999.0 999.0 99.0 99.00
2017 02 19 10 50 999 99.0 99.0  1.91 10.81  6.47 211 9999.0 999.0 999.0 999.0 99.0 99.00
2017 02 19 11 50 999 99.0 99.0  1.72 10.81  5.81 221 9999.0 999.0 999.0 999.0 99.0 99.00
2017 02 19 12 50 999 99.0 99.0  1.85 10.81  6.17 212 9999.0 999.0 999.0 999.0 99.0 99.00
2017 02 19 13 50 999 99.0 99.0  1.91 10.81  6.26 211 9999.0 999.0 999.0 999.0 99.0 99.00
2017 02 19 14 50 999 99.0 99.0  1.89 12.90  6.27 234 9999.0 999.0 999.0 999.0 99.0 99.00
2017 02 19 15 50 999 99.0 99.0  1.77 10.00  6.16 200 9999.0 999.0 999.0 999.0 99.0 99.00
2017 02 19 16 50 999 99.0 99.0  1.71 10.81  6.25 200 9999.0 999.0 999.0 999.0 99.0 99.00
2017 02 19 17 50 999 99.0 99.0  1.73 11.43  6.56 221 9999.0 999.0 999.0 999.0 99.0 99.00
2017 02 19 18 50 999 99.0 99.0  1.69 12.90  6.37 223 9999.0 999.0 999.0 999.0 99.0 99.00
2017 02 19 19 50 999 99.0 99.0  1.74 10.00  6.55 209 9999.0 999.0 999.0 999.0 99.0 99.00
2017 02 19 20 50 999 99.0 99.0  1.81 12.12  6.29 208 9999.0 999.0 999.0 999.0 99.0 99.00
2017 02 19 21 50 999 99.0 99.0  1.78 11.43  6.15 208 9999.0 999.0 999.0 999.0 99.0 99.00
2017 02 19 22 50 999 99.0 99.0  1.76 11.43  6.21 221 9999.0 999.0 999.0 999.0 99.0 99.00
2017 02 19 23 50 999 99.0 99.0  1.84 10.00  6.00 196 9999.0 999.0 999.0 999.0 99.0 99.00
2017 02 20 00 50 999 99.0 99.0  1.82 12.12  6.07 208 9999.0 999.0 999.0 999.0 99.0 99.00
2017 02 20 01 50 999 99.0 99.0  1.82 11.43  6.12 210 9999.0 999.0 999.0 999.0 99.0 99.00
2017 02 20 02 50 999 99.0 99.0  1.93 11.43  6.07 205 9999.0 999.0 999.0 999.0 99.0 99.00
2017 02 20 03 50 999 99.0 99.0  1.85 11.43  6.07 202 9999.0 999.0 999.0 999.0 99.0 99.00
2017 02 20 04 50 999 99.0 99.0  1.80 11.43  6.31 195 9999.0 999.0 999.0 999.0 99.0 99.00
2017 02 20 05 50 999 99.0 99.0  1.79 11.43  6.20 198 9999.0 999.0 999.0 999.0 99.0 99.00
2017 02 20 06 50 999 99.0 99.0  1.70 10.81  6.00 218 9999.0 999.0 999.0 999.0 99.0 99.00
2017 02 20 07 50 999 99.0 99.0  1.76 11.43  6.21 186 9999.0 999.0 999.0 999.0 99.0 99.00
2017 02 20 08 50 999 99.0 99.0  1.75 11.43  6.13 190 9999.0 999.0 999.0 999.0 99.0 99.00
2017 02 20 09 50 999 99.0 99.0  1.84 10.81  6.52 205 9999.0 999.0 999.0 999.0 99.0 99.00
2017 02 20 10 50 999 99.0 99.0  1.81 10.81  6.51 191 9999.0 999.0 999.0 999.0 99.0 99.00
2017 02 20 11 50 999 99.0 99.0  1.87 10.00  6.66 203 9999.0 999.0 999.0 999.0 99.0 99.00
2017 02 20 12 50 999 99.0 99.0  1.81 11.43  6.46 171 9999.0 999.0 999.0 999.0 99.0 99.00
2017 02 20 13 50 999 99.0 99.0  1.96 11.43  6.97 190 9999.0 999.0 999.0 999.0 99.0 99.00
2017 02 20 14 50 999 99.0 99.0  1.79 10.00  6.51 201 9999.0 999.0 999.0 999.0 99.0 99.00
2017 02 20 15 50 999 99.0 99.0  1.75 10.81  6.51 183 9999.0 999.0 999.0 999.0 99.0 99.00
2017 02 20 16 50 999 99.0 99.0  1.89 10.81  7.20 189 9999.0 999.0 999.0 999.0 99.0 99.00
2017 02 20 17 50 999 99.0 99.0  1.93 11.43  7.25 184 9999.0 999.0 999.0 999.0 99.0 99.00
2017 02 20 18 50 999 99.0 99.0  1.94 10.00  7.16 204 9999.0 999.0 999.0 999.0 99.0 99.00
2017 02 20 19 50 999 99.0 99.0  1.81 10.81  6.57 186 9999.0 999.0 999.0 999.0 99.0 99.00
2017 02 20 20 50 999 99.0 99.0  1.92 10.81  6.60 182 9999.0 999.0 999.0 999.0 99.0 99.00
2017 02 20 21 50 999 99.0 99.0  1.80 10.81  6.78 190 9999.0 999.0 999.0 999.0 99.0 99.00
2017 02 20 22 50 999 99.0 99.0  1.87 17.39  6.72 224 9999.0 999.0 999.0 999.0 99.0 99.00
2017 02 20 23 50 999 99.0 99.0  1.92 17.39  7.02 205 9999.0 999.0 999.0 999.0 99.0 99.00
2017 02 21 00 50 999 99.0 99.0  2.02 17.39  6.94 211 9999.0 999.0 999.0 999.0 99.0 99.00
2017 02 21 01 50 999 99.0 99.0  1.90 16.00  6.69 221 9999.0 999.0 999.0 999.0 99.0 99.00
2017 02 21 02 50 999 99.0 99.0  1.88 17.39  6.55 200 9999.0 999.0 999.0 999.0 99.0 99.00
2017 02 21 03 50 999 99.0 99.0  1.87 16.00  6.47 205 9999.0 999.0 999.0 999.0 99.0 99.00
2017 02 21 04 50 999 99.0 99.0  1.92 17.39  6.88 203 9999.0 999.0 999.0 999.0 99.0 99.00
2017 02 21 05 50 999 99.0 99.0  2.04 17.39  7.38 215 9999.0 999.0 999.0 999.0 99.0 99.00
2017 02 21 06 50 999 99.0 99.0  1.90 17.39  7.22 223 9999.0 999.0 999.0 999.0 99.0 99.00
2017 02 21 07 50 999 99.0 99.0  1.95 16.00  7.44 228 9999.0 999.0 999.0 999.0 99.0 99.00
2017 02 21 08 50 999 99.0 99.0  1.81 16.00  6.79 201 9999.0 999.0 999.0 999.0 99.0 99.00
2017 02 21 09 50 999 99.0 99.0  2.03 16.00  7.16 207 9999.0 999.0 999.0 999.0 99.0 99.00
2017 02 21 10 50 999 99.0 99.0  1.89 16.00  6.69 214 9999.0 999.0 999.0 999.0 99.0 99.00
2017 02 21 11 50 999 99.0 99.0  1.97 16.00  7.26 203 9999.0 999.0 999.0 999.0 99.0 99.00
2017 02 21 12 50 999 99.0 99.0  1.97 16.00  6.96 224 9999.0 999.0 999.0 999.0 99.0 99.00
2017 02 21 13 50 999 99.0 99.0  2.02 14.81  7.37 214 9999.0 999.0 999.0 999.0 99.0 99.00
2017 02 21 14 50 999 99.0 99.0  1.93 16.00  7.08 214 9999.0 999.0 999.0 999.0 99.0 99.00
2017 02 21 15 50 999 99.0 99.0  2.03 14.81  7.45 221 9999.0 999.0 999.0 999.0 99.0 99.00
2017 02 21 16 50 999 99.0 99.0  1.97 16.00  7.01 228 9999.0 999.0 999.0 999.0 99.0 99.00
2017 02 21 17 50 999 99.0 99.0  2.00 16.00  6.55 239 9999.0 999.0 999.0 999.0 99.0 99.00
2017 02 21 18 50 999 99.0 99.0  1.94 16.00  6.83 230 9999.0 999.0 999.0 999.0 99.0 99.00
2017 02 21 19 50 999 99.0 99.0  1.89 16.00  7.02 221 9999.0 999.0 999.0 999.0 99.0 99.00
2017 02 21 20 50 999 99.0 99.0  1.90 14.81  7.03 222 9999.0 999.0 999.0 999.0 99.0 99.00
2017 02 21 21 50 999 99.0 99.0  1.94 16.00  6.97 213 9999.0 999.0 999.0 999.0 99.0 99.00
2017 02 21 22 50 999 99.0 99.0  1.88 14.81  6.65 236 9999.0 999.0 999.0 999.0 99.0 99.00
2017 02 21 23 50 999 99.0 99.0  1.85 16.00  6.71 216 9999.0 999.0 999.0 999.0 99.0 99.00
2017 02 22 00 50 999 99.0 99.0  2.03 14.81  7.02 224 9999.0 999.0 999.0 999.0 99.0 99.00
2017 02 22 01 50 999 99.0 99.0  1.91 14.81  6.65 232 9999.0 999.0 999.0 999.0 99.0 99.00
2017 02 22 02 50 999 99.0 99.0  2.06 14.81  7.24 216 9999.0 999.0 999.0 999.0 99.0 99.00
2017 02 22 03 50 999 99.0 99.0  2.03 14.81  7.21 217 9999.0 999.0 999.0 999.0 99.0 99.00
2017 02 22 04 50 999 99.0 99.0  2.03 14.81  7.31 211 9999.0 999.0 999.0 999.0 99.0 99.00
2017 02 22 05 50 999 99.0 99.0  2.01 14.81  7.15 212 9999.0 999.0 999.0 999.0 99.0 99.00
2017 02 22 06 50 999 99.0 99.0  2.15 14.81  7.76 211 9999.0 999.0 999.0 999.0 99.0 99.00
2017 02 22 07 50 999 99.0 99.0  1.92 13.79  6.96 210 9999.0 999.0 999.0 999.0 99.0 99.00
2017 02 22 08 50 999 99.0 99.0  2.19 14.81  7.66 201 9999.0 999.0 999.0 999.0 99.0 99.00
2017 02 22 09 50 999 99.0 99.0  2.06 14.81  7.77 214 9999.0 999.0 999.0 999.0 99.0 99.00
2017 02 22 10 50 999 99.0 99.0  2.04 14.81  7.46 210 9999.0 999.0 999.0 999.0 99.0 99.00
2017 02 22 11 50 999 99.0 99.0  2.00 13.79  7.54 209 9999.0 999.0 999.0 999.0 99.0 99.00
2017 02 22 12 50 999 99.0 99.0  1.87 13.79  6.82 232 9999.0 999.0 999.0 999.0 99.0 99.00
2017 02 22 13 50 999 99.0 99.0  2.04 14.81  6.71 234 9999.0 999.0 999.0 999.0 99.0 99.00
2017 02 22 15 50 999 99.0 99.0  1.98 13.79  6.65 205 9999.0 999.0 999.0 999.0 99.0 99.00
2017 02 22 16 50 999 99.0 99.0  1.93 13.79  7.03 216 9999.0 999.0 999.0 999.0 99.0 99.00
2017 02 22 17 50 999 99.0 99.0  1.93 13.79  7.18 222 9999.0 999.0 999.0 999.0 99.0 99.00
2017 02 22 18 50 999 99.0 99.0  2.15 13.79  7.00 215 9999.0 999.0 999.0 999.0 99.0 99.00
2017 02 22 19 50 999 99.0 99.0  2.23 13.79  7.20 217 9999.0 999.0 999.0 999.0 99.0 99.00
2017 02 22 20 50 999 99.0 99.0  2.26 13.79  7.51 216 9999.0 999.0 999.0 999.0 99.0 99.00
2017 02 22 21 50 999 99.0 99.0  1.97 13.79  6.73 211 9999.0 999.0 999.0 999.0 99.0 99.00
2017 02 22 22 50 999 99.0 99.0  2.11 12.90  7.15 219 9999.0 999.0 999.0 999.0 99.0 99.00
2017 02 22 23 50 999 99.0 99.0  2.12 12.90  7.33 212 9999.0 999.0 999.0 999.0 99.0 99.00
2017 02 23 00 50 999 99.0 99.0  2.11 13.79  7.14 210 9999.0 999.0 999.0 999.0 99.0 99.00
2017 02 23 01 50 999 99.0 99.0  2.00 12.90  6.87 212 9999.0 999.0 999.0 999.0 99.0 99.00
2017 02 23 02 50 999 99.0 99.0  2.20 13.79  7.10 215 9999.0 999.0 999.0 999.0 99.0 99.00
2017 02 23 03 50 999 99.0 99.0  2.17 13.79  6.94 212 9999.0 999.0 999.0 999.0 99.0 99.00
2017 02 23 04 50 999 99.0 99.0  2.18 12.90  7.04 203 9999.0 999.0 999.0 999.0 99.0 99.00
2017 02 23 05 50 999 99.0 99.0  2.29 13.79  7.71 212 9999.0 999.0 999.0 999.0 99.0 99.00
2017 02 23 06 50 999 99.0 99.0  1.96 13.79  7.00 209 9999.0 999.0 999.0 999.0 99.0 99.00
2017 02 23 07 50 999 99.0 99.0  2.27 13.79  7.23 209 9999.0 999.0 999.0 999.0 99.0 99.00
2017 02 23 08 50 999 99.0 99.0  1.98 12.90  6.94 220 9999.0 999.0 999.0 999.0 99.0 99.00
2017 02 23 09 50 999 99.0 99.0  2.03 12.90  7.11 215 9999.0 999.0 999.0 999.0 99.0 99.00
2017 02 23 10 50 999 99.0 99.0  1.90 12.90  6.72 207 9999.0 999.0 999.0 999.0 99.0 99.00
2017 02 23 11 50 999 99.0 99.0  1.98 13.79  7.28 215 9999.0 999.0 999.0 999.0 99.0 99.00
2017 02 23 12 50 999 99.0 99.0  1.80 11.43  6.83 203 9999.0 999.0 999.0 999.0 99.0 99.00
2017 02 23 13 50 999 99.0 99.0  1.85 12.90  7.34 216 9999.0 999.0 999.0 999.0 99.0 99.00
2017 02 23 14 50 999 99.0 99.0  1.90 16.00  7.70 312 9999.0 999.0 999.0 999.0 99.0 99.00
2017 02 23 15 50 999 99.0 99.0  1.73 12.90  7.46 208 9999.0 999.0 999.0 999.0 99.0 99.00
2017 02 23 16 50 999 99.0 99.0  1.64 14.81  7.36 262 9999.0 999.0 999.0 999.0 99.0 99.00
2017 02 23 17 50 999 99.0 99.0  1.85 13.79  8.01 215 9999.0 999.0 999.0 999.0 99.0 99.00
2017 02 23 18 50 999 99.0 99.0  1.76 11.43  7.92 209 9999.0 999.0 999.0 999.0 99.0 99.00
2017 02 23 19 50 999 99.0 99.0  1.69 14.81  7.54 287 9999.0 999.0 999.0 999.0 99.0 99.00
2017 02 23 20 50 999 99.0 99.0  1.73 13.79  7.57 205 9999.0 999.0 999.0 999.0 99.0 99.00
2017 02 23 21 50 999 99.0 99.0  1.88 13.79  7.49 210 9999.0 999.0 999.0 999.0 99.0 99.00
2017 02 23 22 50 999 99.0 99.0  1.75 13.79  6.85 221 9999.0 999.0 999.0 999.0 99.0 99.00
2017 02 23 23 50 999 99.0 99.0  2.07 14.81  7.62 263 9999.0 999.0 999.0 999.0 99.0 99.00
2017 02 24 00 50 999 99.0 99.0  2.12 12.90  7.57 215 9999.0 999.0 999.0 999.0 99.0 99.00
2017 02 24 02 50 999 99.0 99.0  2.25 17.39  7.25 255 9999.0 999.0 999.0 999.0 99.0 99.00
2017 02 24 03 50 999 99.0 99.0  2.16 12.90  7.45 204 9999.0 999.0 999.0 999.0 99.0 99.00
2017 02 24 04 50 999 99.0 99.0  2.56 17.39  7.97 237 9999.0 999.0 999.0 999.0 99.0 99.00
2017 02 24 05 50 999 99.0 99.0  2.49 17.39  8.11 232 9999.0 999.0 999.0 999.0 99.0 99.00
2017 02 24 06 50 999 99.0 99.0  2.43 16.00  7.50 267 9999.0 999.0 999.0 999.0 99.0 99.00
2017 02 24 07 50 999 99.0 99.0  2.39 16.00  7.62 245 9999.0 999.0 999.0 999.0 99.0 99.00
2017 02 24 08 50 999 99.0 99.0  2.57 16.00  8.09 244 9999.0 999.0 999.0 999.0 99.0 99.00
2017 02 24 09 50 999 99.0 99.0  2.36 16.00  7.30 234 9999.0 999.0 999.0 999.0 99.0 99.00
2017 02 24 10 50 999 99.0 99.0  2.17 16.00  7.61 221 9999.0 999.0 999.0 999.0 99.0 99.00
2017 02 24 11 50 999 99.0 99.0  2.37 16.00  8.27 246 9999.0 999.0 999.0 999.0 99.0 99.00
2017 02 24 12 50 999 99.0 99.0  2.19 14.81  7.80 242 9999.0 999.0 999.0 999.0 99.0 99.00
2017 02 24 13 50 999 99.0 99.0  2.49 14.81  8.40 234 9999.0 999.0 999.0 999.0 99.0 99.00
2017 02 24 14 50 999 99.0 99.0  2.35 14.81  8.43 235 9999.0 999.0 999.0 999.0 99.0 99.00
2017 02 24 15 50 999 99.0 99.0  2.30 14.81  8.23 236 9999.0 999.0 999.0 999.0 99.0 99.00
2017 02 24 16 50 999 99.0 99.0  2.41 13.79  8.50 228 9999.0 999.0 999.0 999.0 99.0 99.00
2017 02 24 17 50 999 99.0 99.0  2.28 14.81  7.92 227 9999.0 999.0 999.0 999.0 99.0 99.00
2017 02 24 18 50 999 99.0 99.0  2.91 14.81  9.01 238 9999.0 999.0 999.0 999.0 99.0 99.00
2017 02 24 19 50 999 99.0 99.0  2.90 13.79  8.95 233 9999.0 999.0 999.0 999.0 99.0 99.00
2017 02 24 20 50 999 99.0 99.0  2.86 14.81  8.88 243 9999.0 999.0 999.0 999.0 99.0 99.00
2017 02 24 21 50 999 99.0 99.0  2.35 14.81  7.68 239 9999.0 999.0 999.0 999.0 99.0 99.00
2017 02 24 22 50 999 99.0 99.0  2.50 13.79  7.86 223 9999.0 999.0 999.0 999.0 99.0 99.00
2017 02 24 23 50 999 99.0 99.0  2.76 13.79  7.95 237 9999.0 999.0 999.0 999.0 99.0 99.00
2017 02 25 00 50 999 99.0 99.0  2.72 13.79  8.02 237 9999.0 999.0 999.0 999.0 99.0 99.00
2017 02 25 01 50 999 99.0 99.0  2.74 14.81  8.50 235 9999.0 999.0 999.0 999.0 99.0 99.00
2017 02 25 02 50 999 99.0 99.0  2.62 13.79  8.17 243 9999.0 999.0 999.0 999.0 99.0 99.00
2017 02 25 03 50 999 99.0 99.0  2.52 13.79  7.64 228 9999.0 999.0 999.0 999.0 99.0 99.00
2017 02 25 04 50 999 99.0 99.0  2.79 14.81  8.40 237 9999.0 999.0 999.0 999.0 99.0 99.00
2017 02 25 05 50 999 99.0 99.0  2.59 13.79  7.79 219 9999.0 999.0 999.0 999.0 99.0 99.00
2017 02 25 06 50 999 99.0 99.0  2.67 13.79  7.76 225 9999.0 999.0 999.0 999.0 99.0 99.00
2017 02 25 07 50 999 99.0 99.0  2.72 14.81  7.99 228 9999.0 999.0 999.0 999.0 99.0 99.00
2017 02 25 08 50 999 99.0 99.0  2.82 13.79  8.16 222 9999.0 999.0 999.0 999.0 99.0 99.00
2017 02 25 09 50 999 99.0 99.0  2.99 13.79  8.21 223 9999.0 999.0 999.0 999.0 99.0 99.00
2017 02 25 10 50 999 99.0 99.0  2.80 14.81  7.91 243 9999.0 999.0 999.0 999.0 99.0 99.00
2017 02 25 11 50 999 99.0 99.0  2.93 14.81  8.29 234 9999.0 999.0 999.0 999.0 99.0 99.00
2017 02 25 12 50 999 99.0 99.0  2.86 14.81  8.03 232 9999.0 999.0 999.0 999.0 99.0 99.00
2017 02 25 13 50 999 99.0 99.0  2.63 12.90  8.08 228 9999.0 999.0 999.0 999.0 99.0 99.00
2017 02 25 14 50 999 99.0 99.0  2.51 14.81  7.76 279 9999.0 999.0 999.0 999.0 99.0 99.00
2017 02 25 15 50 999 99.0 99.0  2.62 13.79  7.99 250 9999.0 999.0 999.0 999.0 99.0 99.00
2017 02 25 16 50 999 99.0 99.0  2.47 14.81  7.93 284 9999.0 999.0 999.0 999.0 99.0 99.00
2017 02 25 17 50 999 99.0 99.0  2.32 12.90  7.68 232 9999.0 999.0 999.0 999.0 99.0 99.00
2017 02 25 18 50 999 99.0 99.0  2.39 13.79  7.95 234 9999.0 999.0 999.0 999.0 99.0 99.00
2017 02 25 19 50 999 99.0 99.0  2.33 13.79  8.05 253 9999.0 999.0 999.0 999.0 99.0 99.00
2017 02 25 20 50 999 99.0 99.0  2.36 12.12  7.73 228 9999.0 999.0 999.0 999.0 99.0 99.00
2017 02 25 21 50 999 99.0 99.0  2.21 12.90  7.57 232 9999.0 999.0 999.0 999.0 99.0 99.00
2017 02 25 22 50 999 99.0 99.0  2.43 13.79  7.79 243 9999.0 999.0 999.0 999.0 99.0 99.00
2017 02 25 23 50 999 99.0 99.0  2.27 13.79  7.63 244 9999.0 999.0 999.0 999.0 99.0 99.00
2017 02 26 00 50 999 99.0 99.0  1.98 12.90  7.04 230 9999.0 999.0 999.0 999.0 99.0 99.00
2017 02 26 01 50 999 99.0 99.0  2.11 13.79  7.62 242 9999.0 999.0 999.0 999.0 99.0 99.00
2017 02 26 02 50 999 99.0 99.0  1.90 12.90  7.55 246 9999.0 999.0 999.0 999.0 99.0 99.00
2017 02 26 03 50 999 99.0 99.0  2.07 13.79  7.72 262 9999.0 999.0 999.0 999.0 99.0 99.00
2017 02 26 04 50 999 99.0 99.0  2.17 13.79  8.05 257 9999.0 999.0 999.0 999.0 99.0 99.00
2017 02 26 05 50 999 99.0 99.0  2.18 12.90  8.07 229 9999.0 999.0 999.0 999.0 99.0 99.00
2017 02 26 06 50 999 99.0 99.0  2.26 12.90  7.97 223 9999.0 999.0 999.0 999.0 99.0 99.00
2017 02 26 07 50 999 99.0 99.0  2.18 12.90  8.14 239 9999.0 999.0 999.0 999.0 99.0 99.00
2017 02 26 08 50 999 99.0 99.0  2.07 12.90  7.39 234 9999.0 999.0 999.0 999.0 99.0 99.00
2017 02 26 09 50 999 99.0 99.0  2.11 13.79  8.28 236 9999.0 999.0 999.0 999.0 99.0 99.00
2017 02 26 10 50 999 99.0 99.0  2.07 13.79  7.78 247 9999.0 999.0 999.0 999.0 99.0 99.00
2017 02 26 11 50 999 99.0 99.0  2.12 13.79  7.99 242 9999.0 999.0 999.0 999.0 99.0 99.00
2017 02 26 12 50 999 99.0 99.0  1.88 12.90  7.81 236 9999.0 999.0 999.0 999.0 99.0 99.00
2017 02 26 13 50 999 99.0 99.0  1.78 12.90  7.66 249 9999.0 999.0 999.0 999.0 99.0 99.00
2017 02 26 14 50 999 99.0 99.0  2.03 12.12  8.50 244 9999.0 999.0 999.0 999.0 99.0 99.00
2017 02 26 15 50 999 99.0 99.0  1.87 13.79  8.48 234 9999.0 999.0 999.0 999.0 99.0 99.00
2017 02 26 16 50 999 99.0 99.0  1.77 13.79  7.69 247 9999.0 999.0 999.0 999.0 99.0 99.00
2017 02 26 17 50 999 99.0 99.0  2.08 13.79  8.33 263 9999.0 999.0 999.0 999.0 99.0 99.00
2017 02 26 18 50 999 99.0 99.0  1.83 12.90  7.74 268 9999.0 999.0 999.0 999.0 99.0 99.00
2017 02 26 19 50 999 99.0 99.0  1.85 13.79  7.65 302 9999.0 999.0 999.0 999.0 99.0 99.00
2017 02 26 20 50 999 99.0 99.0  1.92 13.79  7.98 237 9999.0 999.0 999.0 999.0 99.0 99.00
2017 02 26 21 50 999 99.0 99.0  1.79 12.90  7.65 236 9999.0 999.0 999.0 999.0 99.0 99.00
2017 02 26 22 50 999 99.0 99.0  1.73 13.79  7.63 260 9999.0 999.0 999.0 999.0 99.0 99.00
2017 02 26 23 50 999 99.0 99.0  1.69 12.90  7.73 241 9999.0 999.0 999.0 999.0 99.0 99.00
2017 02 27 00 50 999 99.0 99.0  1.75 12.90  8.04 226 9999.0 999.0 999.0 999.0 99.0 99.00
2017 02 27 01 50 999 99.0 99.0  1.65 16.00  8.25 236 9999.0 999.0 999.0 999.0 99.0 99.00
2017 02 27 02 50 999 99.0 99.0  1.64 12.12  8.13 237 9999.0 999.0 999.0 999.0 99.0 99.00
2017 02 27 03 50 999 99.0 99.0  1.68 12.12  8.48 241 9999.0 999.0 999.0 999.0 99.0 99.00
2017 02 27 04 50 999 99.0 99.0  1.77 12.90  8.56 267 9999.0 999.0 999.0 999.0 99.0 99.00
2017 02 27 05 50 999 99.0 99.0  1.65 13.79  8.15 238 9999.0 999.0 999.0 999.0 99.0 99.00
2017 02 27 06 50 999 99.0 99.0  1.71 12.90  8.48 244 9999.0 999.0 999.0 999.0 99.0 99.00
2017 02 27 07 50 999 99.0 99.0  1.84 12.12  8.14 248 9999.0 999.0 999.0 999.0 99.0 99.00
2017 02 27 08 50 999 99.0 99.0  1.65 12.90  8.28 242 9999.0 999.0 999.0 999.0 99.0 99.00
2017 02 27 09 50 999 99.0 99.0  1.76 12.90  8.10 229 9999.0 999.0 999.0 999.0 99.0 99.00
2017 02 27 10 50 999 99.0 99.0  1.71 12.90  8.18 237 9999.0 999.0 999.0 999.0 99.0 99.00
2017 02 27 11 50 999 99.0 99.0  1.80 12.90  8.69 210 9999.0 999.0 999.0 999.0 99.0 99.00
2017 02 27 12 50 999 99.0 99.0  1.73 13.79  8.59 239 9999.0 999.0 999.0 999.0 99.0 99.00
2017 02 27 13 50 999 99.0 99.0  1.69 12.12  8.68 235 9999.0 999.0 999.0 999.0 99.0 99.00
2017 02 27 14 50 999 99.0 99.0  1.67 12.90  8.96 236 9999.0 999.0 999.0 999.0 99.0 99.00
2017 02 27 15 50 999 99.0 99.0  1.67 12.12  8.89 230 9999.0 999.0 999.0 999.0 99.0 99.00
2017 02 27 16 50 999 99.0 99.0  1.62 12.12  9.06 232 9999.0 999.0 999.0 999.0 99.0 99.00
2017 02 27 17 50 999 99.0 99.0  1.62 12.12  8.79 224 9999.0 999.0 999.0 999.0 99.0 99.00
2017 02 27 18 50 999 99.0 99.0  1.61 12.12  8.85 244 9999.0 999.0 999.0 999.0 99.0 99.00
2017 02 27 19 50 999 99.0 99.0  1.70 12.12  8.75 235 9999.0 999.0 999.0 999.0 99.0 99.00
2017 02 27 20 50 999 99.0 99.0  1.67 11.43  8.45 229 9999.0 999.0 999.0 999.0 99.0 99.00
2017 02 27 21 50 999 99.0 99.0  1.71 12.12  8.24 219 9999.0 999.0 999.0 999.0 99.0 99.00
2017 02 27 22 50 999 99.0 99.0  1.61 12.12  8.13 249 9999.0 999.0 999.0 999.0 99.0 99.00
2017 02 27 23 50 999 99.0 99.0  1.68 12.12  8.84 232 9999.0 999.0 999.0 999.0 99.0 99.00
2017 02 28 00 50 999 99.0 99.0  1.86 14.81  9.38 237 9999.0 999.0 999.0 999.0 99.0 99.00
2017 02 28 01 50 999 99.0 99.0  1.75 12.90  9.26 242 9999.0 999.0 999.0 999.0 99.0 99.00
2017 02 28 02 50 999 99.0 99.0  1.75 14.81  9.53 263 9999.0 999.0 999.0 999.0 99.0 99.00
2017 02 28 03 50 999 99.0 99.0  1.73 16.00  8.98 242 9999.0 999.0 999.0 999.0 99.0 99.00
2017 02 28 04 50 999 99.0 99.0  1.80 12.90  9.35 233 9999.0 999.0 999.0 999.0 99.0 99.00
2017 02 28 05 50 999 99.0 99.0  1.88 16.00  9.45 235 9999.0 999.0 999.0 999.0 99.0 99.00
2017 02 28 06 50 999 99.0 99.0  1.73 17.39  9.12 241 9999.0 999.0 999.0 999.0 99.0 99.00
2017 02 28 07 50 999 99.0 99.0  1.92 16.00  9.74 242 9999.0 999.0 999.0 999.0 99.0 99.00
2017 02 28 08 50 999 99.0 99.0  1.97 16.00  9.91 262 9999.0 999.0 999.0 999.0 99.0 99.00
2017 02 28 09 50 999 99.0 99.0  2.00 16.00  9.60 233 9999.0 999.0 999.0 999.0 99.0 99.00
2017 02 28 10 50 999 99.0 99.0  1.99 16.00  9.09 229 9999.0 999.0 999.0 999.0 99.0 99.00
2017 02 28 11 50 999 99.0 99.0  2.03 16.00  9.76 228 9999.0 999.0 999.0 999.0 99.0 99.00
2017 02 28 12 50 999 99.0 99.0  2.02 14.81 10.14 226 9999.0 999.0 999.0 999.0 99.0 99.00
2017 02 28 13 50 999 99.0 99.0  1.94 16.00 10.17 234 9999.0 999.0 999.0 999.0 99.0 99.00
2017 02 28 14 50 999 99.0 99.0  1.95 16.00  9.68 261 9999.0 999.0 999.0 999.0 99.0 99.00
2017 02 28 15 50 999 99.0 99.0  1.90 14.81  9.64 252 9999.0 999.0 999.0 999.0 99.0 99.00
2017 02 28 16 50 999 99.0 99.0  2.06 14.81  9.89 240 9999.0 999.0 999.0 999.0 99.0 99.00
2017 02 28 17 50 999 99.0 99.0  2.07 14.81  9.94 244 9999.0 999.0 999.0 999.0 99.0 99.00
2017 02 28 18 50 999 99.0 99.0  2.06 14.81  9.87 232 9999.0 999.0 999.0 999.0 99.0 99.00
2017 02 28 19 50 999 99.0 99.0  2.17 14.81  9.88 225 9999.0 999.0 999.0 999.0 99.0 99.00
2017 02 28 20 50 999 99.0 99.0  1.95 13.79  9.13 223 9999.0 999.0 999.0 999.0 99.0 99.00
2017 02 28 21 50 999 99.0 99.0  2.22 12.90  9.77 225 9999.0 999.0 999.0 999.0 99.0 99.00
2017 02 28 22 50 999 99.0 99.0  1.97 13.79  9.13 231 9999.0 999.0 999.0 999.0 99.0 99.00
2017 02 28 23 50 999 99.0 99.0  1.98 12.90  9.35 225 9999.0 999.0 999.0 999.0 99.0 99.00
2017 03 01 00 50 999 99.0 99.0  1.98 13.79  9.49 241 9999.0 999.0 999.0 999.0 99.0 99.00
2017 03 01 01 50 999 99.0 99.0  1.99 12.12  9.44 232 9999.0 999.0 999.0 999.0 99.0 99.00
2017 03 01 02 50 999 99.0 99.0  1.94 14.81  9.05 231 9999.0 999.0 999.0 999.0 99.0 99.00
2017 03 01 03 50 999 99.0 99.0  2.11 12.90  9.66 226 9999.0 999.0 999.0 999.0 99.0 99.00
2017 03 01 04 50 999 99.0 99.0  1.99 13.79  9.56 223 9999.0 999.0 999.0 999.0 99.0 99.00
2017 03 01 05 50 999 99.0 99.0  1.94 14.81  9.50 214 9999.0 999.0 999.0 999.0 99.0 99.00
2017 03 01 06 50 999 99.0 99.0  2.07 13.79  9.74 220 9999.0 999.0 999.0 999.0 99.0 99.00
2017 03 01 07 50 999 99.0 99.0  1.92 13.79  8.81 218 9999.0 999.0 999.0 999.0 99.0 99.00
2017 03 01 08 50 999 99.0 99.0  2.15 13.79  8.70 220 9999.0 999.0 999.0 999.0 99.0 99.00
2017 03 01 09 50 999 99.0 99.0  1.99 13.79  8.60 221 9999.0 999.0 999.0 999.0 99.0 99.00
2017 03 01 10 50 999 99.0 99.0  2.06 14.81  8.73 229 9999.0 999.0 999.0 999.0 99.0 99.00
2017 03 01 11 50 999 99.0 99.0  2.16 13.79  8.70 238 9999.0 999.0 999.0 999.0 99.0 99.00
2017 03 01 12 50 999 99.0 99.0  2.01 13.79  8.54 224 9999.0 999.0 999.0 999.0 99.0 99.00
2017 03 01 13 50 999 99.0 99.0  1.95 13.79  8.53 232 9999.0 999.0 999.0 999.0 99.0 99.00
2017 03 01 14 50 999 99.0 99.0  2.07 13.79  8.69 249 9999.0 999.0 999.0 999.0 99.0 99.00
2017 03 01 15 50 999 99.0 99.0  1.84 13.79  8.55 245 9999.0 999.0 999.0 999.0 99.0 99.00
2017 03 01 16 50 999 99.0 99.0  1.92 12.90  8.53 220 9999.0 999.0 999.0 999.0 99.0 99.00
2017 03 01 17 50 999 99.0 99.0  1.92 12.90  8.74 235 9999.0 999.0 999.0 999.0 99.0 99.00
2017 03 01 18 50 999 99.0 99.0  1.89 12.90  8.67 241 9999.0 999.0 999.0 999.0 99.0 99.00
2017 03 01 19 50 999 99.0 99.0  1.68 12.12  8.14 216 9999.0 999.0 999.0 999.0 99.0 99.00
2017 03 01 20 50 999 99.0 99.0  1.86 12.12  8.43 205 9999.0 999.0 999.0 999.0 99.0 99.00
2017 03 01 21 50 999 99.0 99.0  1.79 12.12  8.50 227 9999.0 999.0 999.0 999.0 99.0 99.00
2017 03 01 22 50 999 99.0 99.0  1.99 19.05  9.39 222 9999.0 999.0 999.0 999.0 99.0 99.00
2017 03 01 23 50 999 99.0 99.0  1.90 19.05  9.05 220 9999.0 999.0 999.0 999.0 99.0 99.00
2017 03 02 00 50 999 99.0 99.0  1.90 19.05  8.87 225 9999.0 999.0 999.0 999.0 99.0 99.00
2017 03 02 01 50 999 99.0 99.0  2.05 19.05  9.36 225 9999.0 999.0 999.0 999.0 99.0 99.00
2017 03 02 02 50 999 99.0 99.0  2.09 17.39  9.53 227 9999.0 999.0 999.0 999.0 99.0 99.00
2017 03 02 03 50 999 99.0 99.0  2.11 17.39  9.45 218 9999.0 999.0 999.0 999.0 99.0 99.00
2017 03 02 04 50 999 99.0 99.0  2.19 17.39  9.07 218 9999.0 999.0 999.0 999.0 99.0 99.00
2017 03 02 05 50 999 99.0 99.0  2.38 17.39  9.85 224 9999.0 999.0 999.0 999.0 99.0 99.00
2017 03 02 06 50 999 99.0 99.0  1.98 17.39  8.76 222 9999.0 999.0 999.0 999.0 99.0 99.00
2017 03 02 07 50 999 99.0 99.0  2.70 17.39 10.62 228 9999.0 999.0 999.0 999.0 99.0 99.00
2017 03 02 08 50 999 99.0 99.0  2.14 17.39  9.07 239 9999.0 999.0 999.0 999.0 99.0 99.00
2017 03 02 09 50 999 99.0 99.0  2.10 16.00  8.99 218 9999.0 999.0 999.0 999.0 99.0 99.00
2017 03 02 10 50 999 99.0 99.0  2.07 12.90  8.61 221 9999.0 999.0 999.0 999.0 99.0 99.00
2017 03 02 11 50 999 99.0 99.0  2.27 16.00  9.04 220 9999.0 999.0 999.0 999.0 99.0 99.00
2017 03 02 12 50 999 99.0 99.0  2.42 16.00  9.62 229 9999.0 999.0 999.0 999.0 99.0 99.00
2017 03 02 13 50 999 99.0 99.0  2.50 16.00  9.57 215 9999.0 999.0 999.0 999.0 99.0 99.00
2017 03 02 14 50 999 99.0 99.0  2.49 16.00  9.49 229 9999.0 999.0 999.0 999.0 99.0 99.00
2017 03 02 15 50 999 99.0 99.0  2.68 16.00  9.76 228 9999.0 999.0 999.0 999.0 99.0 99.00
2017 03 02 16 50 999 99.0 99.0  2.52 16.00  9.30 229 9999.0 999.0 999.0 999.0 99.0 99.00
2017 03 02 17 50 999 99.0 99.0  2.58 14.81  9.65 224 9999.0 999.0 999.0 999.0 99.0 99.00
2017 03 02 18 50 999 99.0 99.0  2.32 14.81  9.60 228 9999.0 999.0 999.0 999.0 99.0 99.00
2017 03 02 19 50 999 99.0 99.0  2.69 14.81  9.84 221 9999.0 999.0 999.0 999.0 99.0 99.00
2017 03 02 20 50 999 99.0 99.0  2.61 14.81  9.84 217 9999.0 999.0 999.0 999.0 99.0 99.00
2017 03 02 21 50 999 99.0 99.0  2.34 14.81  9.14 217 9999.0 999.0 999.0 999.0 99.0 99.00
2017 03 02 22 50 999 99.0 99.0  2.61 14.81  9.48 212 9999.0 999.0 999.0 999.0 99.0 99.00
2017 03 02 23 50 999 99.0 99.0  2.81 13.79  9.76 217 9999.0 999.0 999.0 999.0 99.0 99.00
2017 03 03 00 50 999 99.0 99.0  3.02 14.81  9.85 222 9999.0 999.0 999.0 999.0 99.0 99.00
2017 03 03 01 50 999 99.0 99.0  2.73 14.81  8.89 223 9999.0 999.0 999.0 999.0 99.0 99.00
2017 03 03 02 50 999 99.0 99.0  3.12 13.79  9.57 221 9999.0 999.0 999.0 999.0 99.0 99.00
2017 03 03 03 50 999 99.0 99.0  2.77 13.79  8.63 215 9999.0 999.0 999.0 999.0 99.0 99.00
2017 03 03 04 50 999 99.0 99.0  2.71 13.79  8.94 214 9999.0 999.0 999.0 999.0 99.0 99.00
2017 03 03 05 50 999 99.0 99.0  2.76 13.79  9.24 214 9999.0 999.0 999.0 999.0 99.0 99.00
2017 03 03 06 50 999 99.0 99.0  2.67 14.81  9.01 217 9999.0 999.0 999.0 999.0 99.0 99.00
2017 03 03 07 50 999 99.0 99.0  2.68 14.81  8.41 211 9999.0 999.0 999.0 999.0 99.0 99.00
2017 03 03 08 50 999 99.0 99.0  2.90 13.79  8.65 212 9999.0 999.0 999.0 999.0 99.0 99.00
2017 03 03 09 50 999 99.0 99.0  2.83 13.79  8.41 215 9999.0 999.0 999.0 999.0 99.0 99.00
2017 03 03 10 50 999 99.0 99.0  2.79 13.79  7.97 220 9999.0 999.0 999.0 999.0 99.0 99.00
2017 03 03 11 50 999 99.0 99.0  2.72 12.90  7.79 209 9999.0 999.0 999.0 999.0 99.0 99.00
2017 03 03 12 50 999 99.0 99.0  2.60 13.79  8.03 205 9999.0 999.0 999.0 999.0 99.0 99.00
2017 03 03 13 50 999 99.0 99.0  2.47 13.79  7.48 212 9999.0 999.0 999.0 999.0 99.0 99.00
2017 03 03 14 50 999 99.0 99.0  2.73 13.79  8.61 209 9999.0 999.0 999.0 999.0 99.0 99.00
2017 03 03 15 50 999 99.0 99.0  2.04 10.81  6.95 210 9999.0 999.0 999.0 999.0 99.0 99.00
2017 03 03 16 50 999 99.0 99.0  2.25 13.79  7.38 227 9999.0 999.0 999.0 999.0 99.0 99.00
2017 03 03 17 50 999 99.0 99.0  2.33 13.79  7.23 204 9999.0 999.0 999.0 999.0 99.0 99.00
2017 03 03 18 50 999 99.0 99.0  2.19 12.90  7.02 216 9999.0 999.0 999.0 999.0 99.0 99.00
2017 03 03 19 50 999 99.0 99.0  2.34 13.79  7.26 209 9999.0 999.0 999.0 999.0 99.0 99.00
2017 03 03 20 50 999 99.0 99.0  2.36 12.90  7.32 211 9999.0 999.0 999.0 999.0 99.0 99.00
2017 03 03 21 50 999 99.0 99.0  2.27 12.90  7.04 208 9999.0 999.0 999.0 999.0 99.0 99.00
2017 03 03 22 50 999 99.0 99.0  2.32 12.90  6.98 214 9999.0 999.0 999.0 999.0 99.0 99.00
2017 03 03 23 50 999 99.0 99.0  2.26 13.79  6.88 221 9999.0 999.0 999.0 999.0 99.0 99.00
2017 03 04 00 50 999 99.0 99.0  2.58 12.90  7.25 209 9999.0 999.0 999.0 999.0 99.0 99.00
2017 03 04 01 50 999 99.0 99.0  2.13 12.90  6.32 194 9999.0 999.0 999.0 999.0 99.0 99.00
2017 03 04 02 50 999 99.0 99.0  2.20 12.12  6.42 213 9999.0 999.0 999.0 999.0 99.0 99.00
2017 03 04 03 50 999 99.0 99.0  2.21 12.90  6.68 204 9999.0 999.0 999.0 999.0 99.0 99.00
2017 03 04 04 50 999 99.0 99.0  2.23 12.12  6.98 210 9999.0 999.0 999.0 999.0 99.0 99.00
2017 03 04 05 50 999 99.0 99.0  2.30 12.12  7.10 201 9999.0 999.0 999.0 999.0 99.0 99.00
2017 03 04 06 50 999 99.0 99.0  2.61 12.12  7.52 209 9999.0 999.0 999.0 999.0 99.0 99.00
2017 03 04 07 50 999 99.0 99.0  2.28 12.90  6.95 215 9999.0 999.0 999.0 999.0 99.0 99.00
2017 03 04 08 50 999 99.0 99.0  2.28 12.90  7.10 195 9999.0 999.0 999.0 999.0 99.0 99.00
2017 03 04 09 50 999 99.0 99.0  2.22 12.12  6.94 202 9999.0 999.0 999.0 999.0 99.0 99.00
2017 03 04 10 50 999 99.0 99.0  2.71 12.12  7.06 219 9999.0 999.0 999.0 999.0 99.0 99.00
2017 03 04 11 50 999 99.0 99.0  2.37 12.12  6.56 215 9999.0 999.0 999.0 999.0 99.0 99.00
2017 03 04 12 50 999 99.0 99.0  2.39 12.90  6.27 201 9999.0 999.0 999.0 999.0 99.0 99.00
2017 03 04 13 50 999 99.0 99.0  2.59 12.90  6.62 198 9999.0 999.0 999.0 999.0 99.0 99.00
2017 03 04 14 50 999 99.0 99.0  2.43 11.43  6.44 212 9999.0 999.0 999.0 999.0 99.0 99.00
2017 03 04 15 50 999 99.0 99.0  2.44  6.67  6.13 119 9999.0 999.0 999.0 999.0 99.0 99.00
2017 03 04 16 50 999 99.0 99.0  2.28 12.12  6.35 217 9999.0 999.0 999.0 999.0 99.0 99.00
2017 03 04 17 50 999 99.0 99.0  2.30 12.12  6.34 227 9999.0 999.0 999.0 999.0 99.0 99.00
2017 03 04 18 50 999 99.0 99.0  2.36  6.67  6.18 121 9999.0 999.0 999.0 999.0 99.0 99.00
2017 03 04 19 50 999 99.0 99.0  2.22 12.12  6.23 226 9999.0 999.0 999.0 999.0 99.0 99.00
2017 03 04 20 50 999 99.0 99.0  2.22 12.12  6.47 216 9999.0 999.0 999.0 999.0 99.0 99.00
2017 03 04 21 50 999 99.0 99.0  2.29 12.12  6.29 206 9999.0 999.0 999.0 999.0 99.0 99.00
2017 03 04 22 50 999 99.0 99.0  2.35 12.90  6.29 192 9999.0 999.0 999.0 999.0 99.0 99.00
2017 03 04 23 50 999 99.0 99.0  2.38 12.12  6.28 207 9999.0 999.0 999.0 999.0 99.0 99.00
2017 03 05 00 50 999 99.0 99.0  2.69  7.69  6.62 158 9999.0 999.0 999.0 999.0 99.0 99.00
2017 03 05 02 50 999 99.0 99.0  2.54 12.12  6.63 189 9999.0 999.0 999.0 999.0 99.0 99.00
2017 03 05 03 50 999 99.0 99.0  2.55 12.90  6.53 195 9999.0 999.0 999.0 999.0 99.0 99.00
2017 03 05 04 50 999 99.0 99.0  2.40  7.69  6.51 158 9999.0 999.0 999.0 999.0 99.0 99.00
2017 03 05 05 50 999 99.0 99.0  2.57 12.12  6.64 189 9999.0 999.0 999.0 999.0 99.0 99.00
2017 03 05 06 50 999 99.0 99.0  2.57 12.12  6.86 216 9999.0 999.0 999.0 999.0 99.0 99.00
2017 03 05 07 50 999 99.0 99.0  2.35 12.12  6.59 201 9999.0 999.0 999.0 999.0 99.0 99.00
2017 03 05 08 50 999 99.0 99.0  2.28  7.14  6.46 140 9999.0 999.0 999.0 999.0 99.0 99.00
2017 03 05 09 50 999 99.0 99.0  2.38 10.81  6.42 195 9999.0 999.0 999.0 999.0 99.0 99.00
2017 03 05 10 50 999 99.0 99.0  2.29  7.69  6.43 153 9999.0 999.0 999.0 999.0 99.0 99.00
2017 03 05 11 50 999 99.0 99.0  2.47 12.12  6.46 191 9999.0 999.0 999.0 999.0 99.0 99.00
2017 03 05 12 50 999 99.0 99.0  2.43  7.14  6.44 140 9999.0 999.0 999.0 999.0 99.0 99.00
2017 03 05 13 50 999 99.0 99.0  2.33  7.69  6.46 146 9999.0 999.0 999.0 999.0 99.0 99.00
2017 03 05 15 50 999 99.0 99.0  2.23  6.25  6.20 141 9999.0 999.0 999.0 999.0 99.0 99.00
2017 03 05 16 50 999 99.0 99.0  2.40  7.69  6.59 149 9999.0 999.0 999.0 999.0 99.0 99.00
2017 03 05 17 50 999 99.0 99.0  2.29  7.69  6.54 156 9999.0 999.0 999.0 999.0 99.0 99.00
2017 03 05 18 50 999 99.0 99.0  2.11  7.14  6.52 145 9999.0 999.0 999.0 999.0 99.0 99.00
2017 03 05 19 50 999 99.0 99.0  2.26  7.14  6.68 151 9999.0 999.0 999.0 999.0 99.0 99.00
2017 03 05 20 50 999 99.0 99.0  2.05  7.69  6.63 164 9999.0 999.0 999.0 999.0 99.0 99.00
2017 03 05 22 50 999 99.0 99.0  2.09 12.90  6.60 195 9999.0 999.0 999.0 999.0 99.0 99.00
2017 03 05 23 50 999 99.0 99.0  2.26 11.43  6.91 205 9999.0 999.0 999.0 999.0 99.0 99.00
2017 03 06 00 50 999 99.0 99.0  2.17 12.90  6.90 201 9999.0 999.0 999.0 999.0 99.0 99.00
2017 03 06 01 50 999 99.0 99.0  2.18 12.12  6.82 192 9999.0 999.0 999.0 999.0 99.0 99.00
2017 03 06 02 50 999 99.0 99.0  2.00 12.12  6.46 180 9999.0 999.0 999.0 999.0 99.0 99.00
2017 03 06 03 50 999 99.0 99.0  2.11 11.43  6.82 195 9999.0 999.0 999.0 999.0 99.0 99.00
2017 03 06 04 50 999 99.0 99.0  2.07 13.79  6.75 198 9999.0 999.0 999.0 999.0 99.0 99.00
2017 03 06 05 50 999 99.0 99.0  2.06 13.79  6.85 203 9999.0 999.0 999.0 999.0 99.0 99.00
2017 03 06 06 50 999 99.0 99.0  1.96 12.90  6.81 205 9999.0 999.0 999.0 999.0 99.0 99.00
2017 03 06 07 50 999 99.0 99.0  1.89 12.90  6.94 186 9999.0 999.0 999.0 999.0 99.0 99.00
2017 03 06 08 50 999 99.0 99.0  2.10 12.12  7.18 187 9999.0 999.0 999.0 999.0 99.0 99.00
2017 03 06 09 50 999 99.0 99.0  2.13 12.12  6.96 186 9999.0 999.0 999.0 999.0 99.0 99.00
2017 03 06 10 50 999 99.0 99.0  1.97 12.12  6.84 190 9999.0 999.0 999.0 999.0 99.0 99.00
2017 03 06 11 50 999 99.0 99.0  2.03 12.12  6.52 194 9999.0 999.0 999.0 999.0 99.0 99.00
2017 03 06 12 50 999 99.0 99.0  2.10 12.12  6.59 190 9999.0 999.0 999.0 999.0 99.0 99.00
2017 03 06 13 50 999 99.0 99.0  2.02 12.12  6.74 180 9999.0 999.0 999.0 999.0 99.0 99.00
2017 03 06 14 50 999 99.0 99.0  2.05 11.43  6.89 180 9999.0 999.0 999.0 999.0 99.0 99.00
2017 03 06 15 50 999 99.0 99.0  2.09 12.90  7.08 187 9999.0 999.0 999.0 999.0 99.0 99.00
2017 03 06 16 50 999 99.0 99.0  2.04 10.81  6.97 188 9999.0 999.0 999.0 999.0 99.0 99.00
2017 03 06 17 50 999 99.0 99.0  1.85 11.43  6.68 188 9999.0 999.0 999.0 999.0 99.0 99.00
2017 03 06 18 50 999 99.0 99.0  1.90 10.81  6.99 187 9999.0 999.0 999.0 999.0 99.0 99.00
2017 03 06 19 50 999 99.0 99.0  1.81 12.12  6.78 190 9999.0 999.0 999.0 999.0 99.0 99.00
2017 03 06 20 50 999 99.0 99.0  1.83 10.81  7.30 193 9999.0 999.0 999.0 999.0 99.0 99.00
2017 03 06 21 50 999 99.0 99.0  1.83 12.12  7.11 183 9999.0 999.0 999.0 999.0 99.0 99.00
2017 03 06 22 50 999 99.0 99.0  1.84 12.12  7.30 190 9999.0 999.0 999.0 999.0 99.0 99.00
2017 03 06 23 50 999 99.0 99.0  1.84 10.81  7.19 193 9999.0 999.0 999.0 999.0 99.0 99.00
2017 03 07 00 50 999 99.0 99.0  2.01 16.00  7.59 221 9999.0 999.0 999.0 999.0 99.0 99.00
2017 03 07 01 50 999 99.0 99.0  1.74 12.90  7.13 205 9999.0 999.0 999.0 999.0 99.0 99.00
2017 03 07 02 50 999 99.0 99.0  1.95 16.00  7.38 234 9999.0 999.0 999.0 999.0 99.0 99.00
2017 03 07 03 50 999 99.0 99.0  1.77 16.00  7.04 224 9999.0 999.0 999.0 999.0 99.0 99.00
2017 03 07 04 50 999 99.0 99.0  1.79 16.00  7.49 242 9999.0 999.0 999.0 999.0 99.0 99.00
2017 03 07 05 50 999 99.0 99.0  1.77 16.00  6.92 229 9999.0 999.0 999.0 999.0 99.0 99.00
2017 03 07 06 50 999 99.0 99.0  1.93 14.81  7.60 210 9999.0 999.0 999.0 999.0 99.0 99.00
2017 03 07 07 50 999 99.0 99.0  1.79 16.00  7.32 223 9999.0 999.0 999.0 999.0 99.0 99.00
2017 03 07 08 50 999 99.0 99.0  1.82 14.81  7.13 229 9999.0 999.0 999.0 999.0 99.0 99.00
2017 03 07 09 50 999 99.0 99.0  2.10 14.81  7.92 230 9999.0 999.0 999.0 999.0 99.0 99.00
2017 03 07 10 50 999 99.0 99.0  1.88 13.79  7.40 235 9999.0 999.0 999.0 999.0 99.0 99.00
2017 03 07 11 50 999 99.0 99.0  1.89 14.81  7.58 228 9999.0 999.0 999.0 999.0 99.0 99.00
2017 03 07 12 50 999 99.0 99.0  1.89 13.79  7.16 217 9999.0 999.0 999.0 999.0 99.0 99.00
2017 03 07 13 50 999 99.0 99.0  1.96 13.79  7.72 220 9999.0 999.0 999.0 999.0 99.0 99.00
2017 03 07 14 50 999 99.0 99.0  1.85 14.81  7.45 231 9999.0 999.0 999.0 999.0 99.0 99.00
2017 03 07 15 50 999 99.0 99.0  1.92 12.90  7.70 221 9999.0 999.0 999.0 999.0 99.0 99.00
2017 03 07 16 50 999 99.0 99.0  1.85 14.81  7.43 238 9999.0 999.0 999.0 999.0 99.0 99.00
2017 03 07 17 50 999 99.0 99.0  1.91 14.81  7.66 226 9999.0 999.0 999.0 999.0 99.0 99.00
2017 03 07 18 50 999 99.0 99.0  1.79 14.81  7.01 210 9999.0 999.0 999.0 999.0 99.0 99.00
2017 03 07 19 50 999 99.0 99.0  1.92 14.81  7.40 223 9999.0 999.0 999.0 999.0 99.0 99.00
2017 03 07 20 50 999 99.0 99.0  2.01 13.79  7.47 210 9999.0 999.0 999.0 999.0 99.0 99.00
2017 03 07 21 50 999 99.0 99.0  1.68 13.79  6.94 215 9999.0 999.0 999.0 999.0 99.0 99.00
2017 03 07 22 50 999 99.0 99.0  1.64 12.12  6.89 219 9999.0 999.0 999.0 999.0 99.0 99.00
2017 03 07 23 50 999 99.0 99.0  1.73 13.79  7.31 224 9999.0 999.0 999.0 999.0 99.0 99.00
2017 03 08 00 50 999 99.0 99.0  1.74 12.90  7.36 218 9999.0 999.0 999.0 999.0 99.0 99.00
2017 03 08 01 50 999 99.0 99.0  1.77 13.79  7.86 221 9999.0 999.0 999.0 999.0 99.0 99.00
2017 03 08 02 50 999 99.0 99.0  1.91 14.81  7.73 219 9999.0 999.0 999.0 999.0 99.0 99.00
2017 03 08 03 50 999 99.0 99.0  1.59 13.79  7.36 229 9999.0 999.0 999.0 999.0 99.0 99.00
2017 03 08 04 50 999 99.0 99.0  1.75 14.81  7.38 233 9999.0 999.0 999.0 999.0 99.0 99.00
2017 03 08 05 50 999 99.0 99.0  1.83 12.90  7.61 209 9999.0 999.0 999.0 999.0 99.0 99.00
2017 03 08 06 50 999 99.0 99.0  1.55 13.79  7.07 227 9999.0 999.0 999.0 999.0 99.0 99.00
2017 03 08 07 50 999 99.0 99.0  1.57 12.12  7.41 205 9999.0 999.0 999.0 999.0 99.0 99.00
2017 03 08 08 50 999 99.0 99.0  1.47 11.43  6.97 204 9999.0 999.0 999.0 999.0 99.0 99.00
2017 03 08 09 50 999 99.0 99.0  1.57 12.12  7.27 203 9999.0 999.0 999.0 999.0 99.0 99.00
2017 03 08 10 50 999 99.0 99.0  1.72 12.12  7.40 221 9999.0 999.0 999.0 999.0 99.0 99.00
2017 03 08 11 50 999 99.0 99.0  1.61 11.43  6.87 219 9999.0 999.0 999.0 999.0 99.0 99.00
2017 03 08 12 50 999 99.0 99.0  1.54 12.90  7.28 232 9999.0 999.0 999.0 999.0 99.0 99.00
2017 03 08 13 50 999 99.0 99.0  1.50 12.12  6.79 209 9999.0 999.0 999.0 999.0 99.0 99.00
2017 03 08 14 50 999 99.0 99.0  1.66 12.12  7.12 219 9999.0 999.0 999.0 999.0 99.0 99.00
2017 03 08 15 50 999 99.0 99.0  1.54 11.43  6.14 213 9999.0 999.0 999.0 999.0 99.0 99.00
2017 03 08 16 50 999 99.0 99.0  1.62 12.12  6.22 229 9999.0 999.0 999.0 999.0 99.0 99.00
2017 03 08 17 50 999 99.0 99.0  1.56 12.90  6.18 212 9999.0 999.0 999.0 999.0 99.0 99.00
2017 03 08 18 50 999 99.0 99.0  1.59 12.90  5.91 222 9999.0 999.0 999.0 999.0 99.0 99.00
2017 03 08 19 50 999 99.0 99.0  1.59 11.43  6.27 211 9999.0 999.0 999.0 999.0 99.0 99.00
2017 03 08 20 50 999 99.0 99.0  1.67 13.79  6.37 249 9999.0 999.0 999.0 999.0 99.0 99.00
2017 03 08 21 50 999 99.0 99.0  1.72 12.12  6.41 221 9999.0 999.0 999.0 999.0 99.0 99.00
2017 03 08 22 50 999 99.0 99.0  1.53 12.12  6.26 207 9999.0 999.0 999.0 999.0 99.0 99.00
2017 03 08 23 50 999 99.0 99.0  1.58 13.79  6.35 233 9999.0 999.0 999.0 999.0 99.0 99.00
2017 03 09 00 50 999 99.0 99.0  1.60 12.90  6.31 232 9999.0 999.0 999.0 999.0 99.0 99.00
2017 03 09 01 50 999 99.0 99.0  1.69 11.43  6.33 225 9999.0 999.0 999.0 999.0 99.0 99.00
2017 03 09 02 50 999 99.0 99.0  1.74 17.39  6.35 199 9999.0 999.0 999.0 999.0 99.0 99.00
2017 03 09 03 50 999 99.0 99.0  1.73 17.39  6.05 199 9999.0 999.0 999.0 999.0 99.0 99.00
2017 03 09 04 50 999 99.0 99.0  1.74 12.90  6.18 222 9999.0 999.0 999.0 999.0 99.0 99.00
2017 03 09 05 50 999 99.0 99.0  1.74 17.39  5.93 228 9999.0 999.0 999.0 999.0 99.0 99.00
2017 03 09 06 50 999 99.0 99.0  1.92 16.00  7.20 203 9999.0 999.0 999.0 999.0 99.0 99.00
2017 03 09 07 50 999 99.0 99.0  2.17 16.00  6.98 204 9999.0 999.0 999.0 999.0 99.0 99.00
2017 03 09 08 50 999 99.0 99.0  1.96 16.00  6.68 190 9999.0 999.0 999.0 999.0 99.0 99.00
2017 03 09 09 50 999 99.0 99.0  2.31 16.00  7.91 218 9999.0 999.0 999.0 999.0 99.0 99.00
2017 03 09 10 50 999 99.0 99.0  2.09 16.00  7.45 197 9999.0 999.0 999.0 999.0 99.0 99.00
2017 03 09 11 50 999 99.0 99.0  2.64 16.00  8.00 210 9999.0 999.0 999.0 999.0 99.0 99.00
2017 03 09 12 50 999 99.0 99.0  2.15 16.00  7.16 199 9999.0 999.0 999.0 999.0 99.0 99.00
2017 03 09 13 50 999 99.0 99.0  2.68 16.00  8.25 210 9999.0 999.0 999.0 999.0 99.0 99.00
2017 03 09 14 50 999 99.0 99.0  2.54 14.81  7.77 217 9999.0 999.0 999.0 999.0 99.0 99.00
2017 03 09 15 50 999 99.0 99.0  2.79 14.81  8.08 198 9999.0 999.0 999.0 999.0 99.0 99.00
2017 03 09 16 50 999 99.0 99.0  2.65 14.81  7.76 210 9999.0 999.0 999.0 999.0 99.0 99.00
2017 03 09 17 50 999 99.0 99.0  2.87 14.81  7.97 215 9999.0 999.0 999.0 999.0 99.0 99.00
2017 03 09 18 50 999 99.0 99.0  2.51 14.81  7.18 210 9999.0 999.0 999.0 999.0 99.0 99.00
2017 03 09 19 50 999 99.0 99.0  2.42 14.81  7.11 209 9999.0 999.0 999.0 999.0 99.0 99.00
2017 03 09 20 50 999 99.0 99.0  2.65 14.81  7.32 207 9999.0 999.0 999.0 999.0 99.0 99.00
2017 03 09 21 50 999 99.0 99.0  2.61 13.79  7.75 205 9999.0 999.0 999.0 999.0 99.0 99.00
2017 03 09 22 50 999 99.0 99.0  2.43 13.79  7.26 204 9999.0 999.0 999.0 999.0 99.0 99.00
2017 03 09 23 50 999 99.0 99.0  2.21 13.79  6.68 198 9999.0 999.0 999.0 999.0 99.0 99.00
2017 03 10 00 50 999 99.0 99.0  2.41 13.79  7.05 206 9999.0 999.0 999.0 999.0 99.0 99.00
2017 03 10 02 50 999 99.0 99.0  2.32 12.90  6.70 228 9999.0 999.0 999.0 999.0 99.0 99.00
2017 03 10 03 50 999 99.0 99.0  2.57 13.79  6.88 209 9999.0 999.0 999.0 999.0 99.0 99.00
2017 03 10 04 50 999 99.0 99.0  2.79 13.79  7.21 210 9999.0 999.0 999.0 999.0 99.0 99.00
2017 03 10 05 50 999 99.0 99.0  2.61 12.90  7.08 206 9999.0 999.0 999.0 999.0 99.0 99.00
2017 03 10 06 50 999 99.0 99.0  2.63 12.90  7.15 209 9999.0 999.0 999.0 999.0 99.0 99.00
2017 03 10 07 50 999 99.0 99.0  2.49 12.90  6.75 212 9999.0 999.0 999.0 999.0 99.0 99.00
2017 03 10 08 50 999 99.0 99.0  2.39 12.90  6.50 206 9999.0 999.0 999.0 999.0 99.0 99.00
2017 03 10 09 50 999 99.0 99.0  2.54 12.90  6.53 202 9999.0 999.0 999.0 999.0 99.0 99.00
2017 03 10 10 50 999 99.0 99.0  2.80 12.90  6.95 215 9999.0 999.0 999.0 999.0 99.0 99.00
2017 03 10 11 50 999 99.0 99.0  2.58 12.90  7.18 207 9999.0 999.0 999.0 999.0 99.0 99.00
2017 03 10 12 50 999 99.0 99.0  2.33 12.90  6.76 215 9999.0 999.0 999.0 999.0 99.0 99.00
2017 03 10 13 50 999 99.0 99.0  2.69 12.90  7.12 209 9999.0 999.0 999.0 999.0 99.0 99.00
2017 03 10 14 50 999 99.0 99.0  2.42 12.90  6.98 202 9999.0 999.0 999.0 999.0 99.0 99.00
2017 03 10 15 50 999 99.0 99.0  2.51 12.90  7.17 200 9999.0 999.0 999.0 999.0 99.0 99.00
2017 03 10 16 50 999 99.0 99.0  2.65 12.90  7.27 195 9999.0 999.0 999.0 999.0 99.0 99.00
2017 03 10 17 50 999 99.0 99.0  2.66 12.90  7.07 200 9999.0 999.0 999.0 999.0 99.0 99.00
2017 03 10 18 50 999 99.0 99.0  2.47 12.12  6.71 198 9999.0 999.0 999.0 999.0 99.0 99.00
2017 03 10 19 50 999 99.0 99.0  2.66 12.90  6.73 198 9999.0 999.0 999.0 999.0 99.0 99.00
2017 03 10 20 50 999 99.0 99.0  2.54 11.43  6.54 206 9999.0 999.0 999.0 999.0 99.0 99.00
2017 03 10 21 50 999 99.0 99.0  2.71 12.12  6.77 208 9999.0 999.0 999.0 999.0 99.0 99.00
2017 03 10 22 50 999 99.0 99.0  2.61 11.43  6.60 196 9999.0 999.0 999.0 999.0 99.0 99.00
2017 03 10 23 50 999 99.0 99.0  2.58 12.90  6.50 197 9999.0 999.0 999.0 999.0 99.0 99.00
2017 03 11 00 50 999 99.0 99.0  2.62 12.12  6.77 205 9999.0 999.0 999.0 999.0 99.0 99.00
2017 03 11 02 50 999 99.0 99.0  2.58 12.12  6.58 206 9999.0 999.0 999.0 999.0 99.0 99.00
2017 03 11 03 50 999 99.0 99.0  2.62 12.12  6.66 211 9999.0 999.0 999.0 999.0 99.0 99.00
2017 03 11 04 50 999 99.0 99.0  2.71 12.12  6.40 201 9999.0 999.0 999.0 999.0 99.0 99.00
2017 03 11 05 50 999 99.0 99.0  2.62  6.67  6.28 132 9999.0 999.0 999.0 999.0 99.0 99.00
2017 03 11 06 50 999 99.0 99.0  2.69 12.12  6.33 205 9999.0 999.0 999.0 999.0 99.0 99.00
2017 03 11 07 50 999 99.0 99.0  2.88  7.14  6.37 156 9999.0 999.0 999.0 999.0 99.0 99.00
2017 03 11 08 50 999 99.0 99.0  2.75 12.12  6.60 202 9999.0 999.0 999.0 999.0 99.0 99.00
2017 03 11 09 50 999 99.0 99.0  2.56  6.67  6.31 136 9999.0 999.0 999.0 999.0 99.0 99.00
2017 03 11 10 50 999 99.0 99.0  2.57  8.33  6.35 168 9999.0 999.0 999.0 999.0 99.0 99.00
2017 03 11 11 50 999 99.0 99.0  2.76 12.12  6.76 197 9999.0 999.0 999.0 999.0 99.0 99.00
2017 03 11 12 50 999 99.0 99.0  2.37 10.81  6.10 193 9999.0 999.0 999.0 999.0 99.0 99.00
2017 03 11 13 50 999 99.0 99.0  2.51 11.43  6.52 211 9999.0 999.0 999.0 999.0 99.0 99.00
2017 03 11 14 50 999 99.0 99.0  2.60  8.33  6.37 163 9999.0 999.0 999.0 999.0 99.0 99.00
2017 03 11 15 50 999 99.0 99.0  2.75 10.81  6.59 205 9999.0 999.0 999.0 999.0 99.0 99.00
2017 03 11 16 50 999 99.0 99.0  2.80  7.69  6.59 152 9999.0 999.0 999.0 999.0 99.0 99.00
2017 03 11 17 50 999 99.0 99.0  2.69  8.33  6.30 162 9999.0 999.0 999.0 999.0 99.0 99.00
2017 03 11 18 50 999 99.0 99.0  2.74  7.14  6.54 134 9999.0 999.0 999.0 999.0 99.0 99.00
2017 03 11 19 50 999 99.0 99.0  2.76  8.33  6.62 162 9999.0 999.0 999.0 999.0 99.0 99.00
2017 03 11 20 50 999 99.0 99.0  2.97 10.81  6.89 203 9999.0 999.0 999.0 999.0 99.0 99.00
2017 03 11 21 50 999 99.0 99.0  2.80  6.25  6.37 140 9999.0 999.0 999.0 999.0 99.0 99.00
2017 03 11 22 50 999 99.0 99.0  2.90  8.33  6.51 140 9999.0 999.0 999.0 999.0 99.0 99.00
2017 03 11 23 50 999 99.0 99.0  2.72  7.69  6.33 145 9999.0 999.0 999.0 999.0 99.0 99.00
2017 03 12 00 50 999 99.0 99.0  2.75  8.33  6.44 155 9999.0 999.0 999.0 999.0 99.0 99.00
2017 03 12 01 50 999 99.0 99.0  2.82  7.69  6.62 140 9999.0 999.0 999.0 999.0 99.0 99.00
2017 03 12 02 50 999 99.0 99.0  2.74  8.33  6.75 156 9999.0 999.0 999.0 999.0 99.0 99.00
2017 03 12 03 50 999 99.0 99.0  2.65  9.09  6.66 162 9999.0 999.0 999.0 999.0 99.0 99.00
2017 03 12 04 50 999 99.0 99.0  2.80  8.33  6.72 162 9999.0 999.0 999.0 999.0 99.0 99.00
2017 03 12 05 50 999 99.0 99.0  3.02  7.69  6.68 141 9999.0 999.0 999.0 999.0 99.0 99.00
2017 03 12 06 50 999 99.0 99.0  2.74  8.33  6.69 147 9999.0 999.0 999.0 999.0 99.0 99.00
2017 03 12 07 50 999 99.0 99.0  2.70  8.33  6.84 142 9999.0 999.0 999.0 999.0 99.0 99.00
2017 03 12 08 50 999 99.0 99.0  2.66  7.69  6.95 145 9999.0 999.0 999.0 999.0 99.0 99.00
2017 03 12 09 50 999 99.0 99.0  2.75  7.69  6.85 142 9999.0 999.0 999.0 999.0 99.0 99.00
2017 03 12 10 50 999 99.0 99.0  2.61  8.33  6.76 157 9999.0 999.0 999.0 999.0 99.0 99.00
2017 03 12 11 50 999 99.0 99.0  2.64  8.33  6.79 147 9999.0 999.0 999.0 999.0 99.0 99.00
2017 03 12 12 50 999 99.0 99.0  2.75  8.33  6.86 148 9999.0 999.0 999.0 999.0 99.0 99.00
2017 03 12 13 50 999 99.0 99.0  2.77  9.09  7.03 149 9999.0 999.0 999.0 999.0 99.0 99.00
2017 03 12 14 50 999 99.0 99.0  2.41 13.79  6.99 214 9999.0 999.0 999.0 999.0 99.0 99.00
2017 03 12 15 50 999 99.0 99.0  2.44  8.33  6.87 156 9999.0 999.0 999.0 999.0 99.0 99.00
2017 03 12 16 50 999 99.0 99.0  2.48  7.69  6.53 133 9999.0 999.0 999.0 999.0 99.0 99.00
2017 03 12 17 50 999 99.0 99.0  2.60  9.09  6.61 155 9999.0 999.0 999.0 999.0 99.0 99.00
2017 03 12 18 50 999 99.0 99.0  2.80  8.33  6.70 144 9999.0 999.0 999.0 999.0 99.0 99.00
2017 03 12 19 50 999 99.0 99.0  2.62  7.69  6.56 144 9999.0 999.0 999.0 999.0 99.0 99.00
2017 03 12 20 50 999 99.0 99.0  2.61  8.33  6.74 145 9999.0 999.0 999.0 999.0 99.0 99.00
2017 03 12 21 50 999 99.0 99.0  2.70  9.09  6.58 150 9999.0 999.0 999.0 999.0 99.0 99.00
2017 03 12 22 50 999 99.0 99.0  2.83  9.09  6.63 156 9999.0 999.0 999.0 999.0 99.0 99.00
2017 03 12 23 50 999 99.0 99.0  2.56  8.33  6.28 147 9999.0 999.0 999.0 999.0 99.0 99.00
2017 03 13 00 50 999 99.0 99.0  2.49  9.09  6.29 164 9999.0 999.0 999.0 999.0 99.0 99.00
2017 03 13 01 50 999 99.0 99.0  2.62  9.09  6.57 161 9999.0 999.0 999.0 999.0 99.0 99.00
2017 03 13 02 50 999 99.0 99.0  2.66 13.79  6.39 233 9999.0 999.0 999.0 999.0 99.0 99.00
2017 03 13 03 50 999 99.0 99.0  2.60  9.09  6.71 138 9999.0 999.0 999.0 999.0 99.0 99.00
2017 03 13 04 50 999 99.0 99.0  2.54  8.33  6.67 157 9999.0 999.0 999.0 999.0 99.0 99.00
2017 03 13 05 50 999 99.0 99.0  2.33  9.09  6.44 162 9999.0 999.0 999.0 999.0 99.0 99.00
2017 03 13 06 50 999 99.0 99.0  2.40  9.09  6.66 162 9999.0 999.0 999.0 999.0 99.0 99.00
2017 03 13 07 50 999 99.0 99.0  2.20  8.33  6.44 146 9999.0 999.0 999.0 999.0 99.0 99.00
2017 03 13 08 50 999 99.0 99.0  2.37 13.79  6.94 220 9999.0 999.0 999.0 999.0 99.0 99.00
2017 03 13 09 50 999 99.0 99.0  2.49  9.09  6.62 156 9999.0 999.0 999.0 999.0 99.0 99.00
2017 03 13 10 50 999 99.0 99.0  2.43  9.09  6.61 147 9999.0 999.0 999.0 999.0 99.0 99.00
2017 03 13 11 50 999 99.0 99.0  2.31  9.09  6.55 159 9999.0 999.0 999.0 999.0 99.0 99.00
2017 03 13 12 50 999 99.0 99.0  2.25  8.33  6.57 143 9999.0 999.0 999.0 999.0 99.0 99.00
2017 03 13 13 50 999 99.0 99.0  2.37  8.33  6.42 154 9999.0 999.0 999.0 999.0 99.0 99.00
2017 03 13 14 50 999 99.0 99.0  2.24 12.90  6.91 219 9999.0 999.0 999.0 999.0 99.0 99.00
2017 03 13 15 50 999 99.0 99.0  2.30  9.09  7.12 145 9999.0 999.0 999.0 999.0 99.0 99.00
2017 03 13 16 50 999 99.0 99.0  2.34  8.33  7.18 146 9999.0 999.0 999.0 999.0 99.0 99.00
2017 03 13 17 50 999 99.0 99.0  2.28  9.09  7.06 153 9999.0 999.0 999.0 999.0 99.0 99.00
2017 03 13 18 50 999 99.0 99.0  2.17  8.33  6.73 148 9999.0 999.0 999.0 999.0 99.0 99.00
2017 03 13 19 50 999 99.0 99.0  2.30  9.09  6.53 150 9999.0 999.0 999.0 999.0 99.0 99.00
2017 03 13 20 50 999 99.0 99.0  2.22  9.09  6.48 158 9999.0 999.0 999.0 999.0 99.0 99.00
2017 03 13 21 50 999 99.0 99.0  2.24 13.79  6.48 207 9999.0 999.0 999.0 999.0 99.0 99.00
2017 03 13 22 50 999 99.0 99.0  2.37  9.09  6.67 152 9999.0 999.0 999.0 999.0 99.0 99.00
2017 03 13 23 50 999 99.0 99.0  2.29  9.09  6.41 149 9999.0 999.0 999.0 999.0 99.0 99.00
2017 03 14 00 50 999 99.0 99.0  2.36  9.09  6.56 163 9999.0 999.0 999.0 999.0 99.0 99.00
2017 03 14 01 50 999 99.0 99.0  2.48 10.00  6.67 151 9999.0 999.0 999.0 999.0 99.0 99.00
2017 03 14 02 50 999 99.0 99.0  2.44  9.09  6.53 161 9999.0 999.0 999.0 999.0 99.0 99.00
2017 03 14 03 50 999 99.0 99.0  2.47  9.09  6.57 149 9999.0 999.0 999.0 999.0 99.0 99.00
2017 03 14 04 50 999 99.0 99.0  2.52 10.00  6.85 151 9999.0 999.0 999.0 999.0 99.0 99.00
2017 03 14 05 50 999 99.0 99.0  2.66 10.00  6.97 152 9999.0 999.0 999.0 999.0 99.0 99.00
2017 03 14 06 50 999 99.0 99.0  2.49 10.00  6.81 152 9999.0 999.0 999.0 999.0 99.0 99.00
2017 03 14 07 50 999 99.0 99.0  2.54 12.12  6.73 192 9999.0 999.0 999.0 999.0 99.0 99.00
2017 03 14 08 50 999 99.0 99.0  2.44 12.12  6.53 210 9999.0 999.0 999.0 999.0 99.0 99.00
2017 03 14 10 50 999 99.0 99.0  2.61 10.00  6.65 158 9999.0 999.0 999.0 999.0 99.0 99.00
2017 03 14 11 50 999 99.0 99.0  2.46 11.43  7.04 181 9999.0 999.0 999.0 999.0 99.0 99.00
2017 03 14 12 50 999 99.0 99.0  2.52 12.12  6.86 198 9999.0 999.0 999.0 999.0 99.0 99.00
2017 03 14 13 50 999 99.0 99.0  2.58 10.00  6.95 167 9999.0 999.0 999.0 999.0 99.0 99.00
2017 03 14 14 50 999 99.0 99.0  2.51 10.81  6.56 173 9999.0 999.0 999.0 999.0 99.0 99.00
2017 03 14 15 50 999 99.0 99.0  2.25  9.09  6.42 158 9999.0 999.0 999.0 999.0 99.0 99.00
2017 03 14 16 50 999 99.0 99.0  2.21 10.81  6.75 181 9999.0 999.0 999.0 999.0 99.0 99.00
2017 03 14 17 50 999 99.0 99.0  2.32 10.81  6.84 172 9999.0 999.0 999.0 999.0 99.0 99.00
2017 03 14 18 50 999 99.0 99.0  2.44 10.00  6.80 171 9999.0 999.0 999.0 999.0 99.0 99.00
2017 03 14 19 50 999 99.0 99.0  2.28 12.12  6.40 207 9999.0 999.0 999.0 999.0 99.0 99.00
2017 03 14 20 50 999 99.0 99.0  2.34  9.09  6.46 171 9999.0 999.0 999.0 999.0 99.0 99.00
2017 03 14 21 50 999 99.0 99.0  2.53 10.00  6.42 176 9999.0 999.0 999.0 999.0 99.0 99.00
2017 03 14 22 50 999 99.0 99.0  2.36  9.09  6.38 162 9999.0 999.0 999.0 999.0 99.0 99.00
2017 03 14 23 50 999 99.0 99.0  2.29 12.90  6.09 217 9999.0 999.0 999.0 999.0 99.0 99.00
2017 03 15 00 50 999 99.0 99.0  2.40 10.00  6.13 165 9999.0 999.0 999.0 999.0 99.0 99.00
2017 03 15 01 50 999 99.0 99.0  2.35 10.00  6.30 165 9999.0 999.0 999.0 999.0 99.0 99.00
2017 03 15 02 50 999 99.0 99.0  2.38 12.90  6.20 227 9999.0 999.0 999.0 999.0 99.0 99.00
2017 03 15 03 50 999 99.0 99.0  2.31 10.81  6.16 197 9999.0 999.0 999.0 999.0 99.0 99.00
2017 03 15 04 50 999 99.0 99.0  2.49 11.43  6.34 205 9999.0 999.0 999.0 999.0 99.0 99.00
2017 03 15 05 50 999 99.0 99.0  2.32  5.88  6.22 148 9999.0 999.0 999.0 999.0 99.0 99.00
2017 03 15 06 50 999 99.0 99.0  2.23 10.81  6.12 181 9999.0 999.0 999.0 999.0 99.0 99.00
2017 03 15 07 50 999 99.0 99.0  2.54 12.12  6.39 223 9999.0 999.0 999.0 999.0 99.0 99.00
2017 03 15 08 50 999 99.0 99.0  2.30 12.12  6.52 210 9999.0 999.0 999.0 999.0 99.0 99.00
2017 03 15 09 50 999 99.0 99.0  2.27  7.14  6.18 150 9999.0 999.0 999.0 999.0 99.0 99.00
2017 03 15 10 50 999 99.0 99.0  2.64 11.43  6.47 190 9999.0 999.0 999.0 999.0 99.0 99.00
2017 03 15 11 50 999 99.0 99.0  2.25  6.67  6.26 138 9999.0 999.0 999.0 999.0 99.0 99.00
2017 03 15 12 50 999 99.0 99.0  2.44  9.09  6.60 167 9999.0 999.0 999.0 999.0 99.0 99.00
2017 03 15 13 50 999 99.0 99.0  2.42  6.25  6.14 134 9999.0 999.0 999.0 999.0 99.0 99.00
2017 03 15 14 50 999 99.0 99.0  2.29 10.00  6.05 182 9999.0 999.0 999.0 999.0 99.0 99.00
2017 03 15 15 50 999 99.0 99.0  2.47  7.14  6.44 156 9999.0 999.0 999.0 999.0 99.0 99.00
2017 03 15 16 50 999 99.0 99.0  2.22 10.00  6.19 159 9999.0 999.0 999.0 999.0 99.0 99.00
2017 03 15 17 50 999 99.0 99.0  2.25 10.00  6.34 161 9999.0 999.0 999.0 999.0 99.0 99.00
2017 03 15 18 50 999 99.0 99.0  2.14  9.09  6.28 179 9999.0 999.0 999.0 999.0 99.0 99.00
2017 03 15 19 50 999 99.0 99.0  2.11  7.69  6.27 169 9999.0 999.0 999.0 999.0 99.0 99.00
2017 03 15 20 50 999 99.0 99.0  2.20  8.33  6.09 161 9999.0 999.0 999.0 999.0 99.0 99.00
2017 03 15 21 50 999 99.0 99.0  2.20  8.33  6.25 171 9999.0 999.0 999.0 999.0 99.0 99.00
2017 03 15 22 50 999 99.0 99.0  2.29  5.88  6.21 136 9999.0 999.0 999.0 999.0 99.0 99.00
2017 03 15 23 50 999 99.0 99.0  2.23 12.90  6.38 209 9999.0 999.0 999.0 999.0 99.0 99.00
2017 03 16 00 50 999 99.0 99.0  2.07 12.12  6.52 210 9999.0 999.0 999.0 999.0 99.0 99.00
2017 03 16 01 50 999 99.0 99.0  2.04 12.12  6.06 216 9999.0 999.0 999.0 999.0 99.0 99.00
2017 03 16 02 50 999 99.0 99.0  2.16 11.43  6.28 192 9999.0 999.0 999.0 999.0 99.0 99.00
2017 03 16 03 50 999 99.0 99.0  1.96 12.12  6.33 213 9999.0 999.0 999.0 999.0 99.0 99.00
2017 03 16 04 50 999 99.0 99.0  1.88 12.12  6.03 215 9999.0 999.0 999.0 999.0 99.0 99.00
2017 03 16 05 50 999 99.0 99.0  1.90 10.81  6.39 204 9999.0 999.0 999.0 999.0 99.0 99.00
2017 03 16 06 50 999 99.0 99.0  2.05 14.81  6.66 235 9999.0 999.0 999.0 999.0 99.0 99.00
2017 03 16 07 50 999 99.0 99.0  1.96  6.25  6.22 153 9999.0 999.0 999.0 999.0 99.0 99.00
2017 03 16 08 50 999 99.0 99.0  1.98 13.79  6.18 221 9999.0 999.0 999.0 999.0 99.0 99.00
2017 03 16 09 50 999 99.0 99.0  2.06 11.43  6.24 204 9999.0 999.0 999.0 999.0 99.0 99.00
2017 03 16 10 50 999 99.0 99.0  1.97 13.79  6.23 202 9999.0 999.0 999.0 999.0 99.0 99.00
2017 03 16 11 50 999 99.0 99.0  1.83 12.90  5.89 221 9999.0 999.0 999.0 999.0 99.0 99.00
2017 03 16 12 50 999 99.0 99.0  2.17 13.79  6.42 200 9999.0 999.0 999.0 999.0 99.0 99.00
2017 03 16 13 50 999 99.0 99.0  2.00 12.12  6.08 210 9999.0 999.0 999.0 999.0 99.0 99.00
2017 03 16 14 50 999 99.0 99.0  1.96 13.79  6.33 240 9999.0 999.0 999.0 999.0 99.0 99.00
2017 03 16 15 50 999 99.0 99.0  1.94 13.79  6.25 229 9999.0 999.0 999.0 999.0 99.0 99.00
2017 03 16 16 50 999 99.0 99.0  1.99 19.05  6.82 215 9999.0 999.0 999.0 999.0 99.0 99.00
2017 03 16 17 50 999 99.0 99.0  1.84 19.05  6.53 211 9999.0 999.0 999.0 999.0 99.0 99.00
2017 03 16 18 50 999 99.0 99.0  1.93 19.05  6.86 204 9999.0 999.0 999.0 999.0 99.0 99.00
2017 03 16 19 50 999 99.0 99.0  1.85 19.05  6.72 225 9999.0 999.0 999.0 999.0 99.0 99.00
2017 03 16 20 50 999 99.0 99.0  1.82 12.90  6.55 210 9999.0 999.0 999.0 999.0 99.0 99.00
2017 03 16 21 50 999 99.0 99.0  1.86 12.12  6.81 195 9999.0 999.0 999.0 999.0 99.0 99.00
2017 03 16 22 50 999 99.0 99.0  1.87 12.90  6.59 200 9999.0 999.0 999.0 999.0 99.0 99.00
2017 03 16 23 50 999 99.0 99.0  1.96 19.05  6.60 237 9999.0 999.0 999.0 999.0 99.0 99.00
2017 03 17 00 50 999 99.0 99.0  1.87 19.05  6.59 205 9999.0 999.0 999.0 999.0 99.0 99.00
2017 03 17 01 50 999 99.0 99.0  1.92 19.05  6.82 218 9999.0 999.0 999.0 999.0 99.0 99.00
2017 03 17 02 50 999 99.0 99.0  2.01 19.05  6.77 218 9999.0 999.0 999.0 999.0 99.0 99.00
2017 03 17 03 50 999 99.0 99.0  2.17 17.39  7.37 218 9999.0 999.0 999.0 999.0 99.0 99.00
2017 03 17 04 50 999 99.0 99.0  1.90 19.05  6.57 245 9999.0 999.0 999.0 999.0 99.0 99.00
2017 03 17 05 50 999 99.0 99.0  1.95 17.39  6.60 220 9999.0 999.0 999.0 999.0 99.0 99.00
2017 03 17 06 50 999 99.0 99.0  1.93 17.39  6.85 234 9999.0 999.0 999.0 999.0 99.0 99.00
2017 03 17 07 50 999 99.0 99.0  1.94 17.39  6.88 225 9999.0 999.0 999.0 999.0 99.0 99.00
2017 03 17 08 50 999 99.0 99.0  2.22 17.39  7.65 235 9999.0 999.0 999.0 999.0 99.0 99.00
2017 03 17 09 50 999 99.0 99.0  1.94 17.39  7.11 197 9999.0 999.0 999.0 999.0 99.0 99.00
2017 03 17 10 50 999 99.0 99.0  2.01 17.39  7.24 220 9999.0 999.0 999.0 999.0 99.0 99.00
2017 03 17 11 50 999 99.0 99.0  2.17 17.39  7.30 221 9999.0 999.0 999.0 999.0 99.0 99.00
2017 03 17 12 50 999 99.0 99.0  1.87 17.39  6.69 245 9999.0 999.0 999.0 999.0 99.0 99.00
2017 03 17 13 50 999 99.0 99.0  1.86 12.12  6.73 199 9999.0 999.0 999.0 999.0 99.0 99.00
2017 03 17 14 50 999 99.0 99.0  1.89 16.00  6.72 227 9999.0 999.0 999.0 999.0 99.0 99.00
2017 03 17 15 50 999 99.0 99.0  1.85 16.00  6.81 218 9999.0 999.0 999.0 999.0 99.0 99.00
2017 03 17 16 50 999 99.0 99.0  1.82 16.00  6.26 227 9999.0 999.0 999.0 999.0 99.0 99.00
2017 03 17 17 50 999 99.0 99.0  1.86 16.00  6.58 258 9999.0 999.0 999.0 999.0 99.0 99.00
2017 03 17 18 50 999 99.0 99.0  1.88 16.00  6.76 234 9999.0 999.0 999.0 999.0 99.0 99.00
2017 03 17 19 50 999 99.0 99.0  1.91 16.00  6.82 239 9999.0 999.0 999.0 999.0 99.0 99.00
2017 03 17 20 50 999 99.0 99.0  1.84 16.00  6.51 216 9999.0 999.0 999.0 999.0 99.0 99.00
2017 03 17 21 50 999 99.0 99.0  1.89 16.00  6.66 232 9999.0 999.0 999.0 999.0 99.0 99.00
2017 03 17 22 50 999 99.0 99.0  1.88 16.00  6.68 197 9999.0 999.0 999.0 999.0 99.0 99.00
2017 03 17 23 50 999 99.0 99.0  1.98 16.00  6.47 222 9999.0 999.0 999.0 999.0 99.0 99.00
2017 03 18 00 50 999 99.0 99.0  1.77 16.00  6.13 225 9999.0 999.0 999.0 999.0 99.0 99.00
2017 03 18 01 50 999 99.0 99.0  1.72 14.81  6.09 216 9999.0 999.0 999.0 999.0 99.0 99.00
2017 03 18 02 50 999 99.0 99.0  1.82 16.00  6.72 228 9999.0 999.0 999.0 999.0 99.0 99.00
2017 03 18 03 50 999 99.0 99.0  1.97 16.00  7.18 219 9999.0 999.0 999.0 999.0 99.0 99.00
2017 03 18 04 50 999 99.0 99.0  1.63 16.00  6.70 232 9999.0 999.0 999.0 999.0 99.0 99.00
2017 03 18 05 50 999 99.0 99.0  1.96 16.00  7.74 228 9999.0 999.0 999.0 999.0 99.0 99.00
2017 03 18 06 50 999 99.0 99.0  1.83 16.00  7.21 206 9999.0 999.0 999.0 999.0 99.0 99.00
2017 03 18 07 50 999 99.0 99.0  1.97 14.81  7.67 226 9999.0 999.0 999.0 999.0 99.0 99.00
2017 03 18 08 50 999 99.0 99.0  1.88 14.81  7.39 210 9999.0 999.0 999.0 999.0 99.0 99.00
2017 03 18 09 50 999 99.0 99.0  2.04 14.81  7.96 229 9999.0 999.0 999.0 999.0 99.0 99.00
2017 03 18 10 50 999 99.0 99.0  2.08 16.00  8.35 213 9999.0 999.0 999.0 999.0 99.0 99.00
2017 03 18 11 50 999 99.0 99.0  1.91 16.00  7.55 209 9999.0 999.0 999.0 999.0 99.0 99.00
2017 03 18 12 50 999 99.0 99.0  1.97 16.00  8.03 212 9999.0 999.0 999.0 999.0 99.0 99.00
2017 03 18 13 50 999 99.0 99.0  1.98 13.79  7.96 212 9999.0 999.0 999.0 999.0 99.0 99.00
2017 03 18 14 50 999 99.0 99.0  1.90 16.00  7.16 224 9999.0 999.0 999.0 999.0 99.0 99.00
2017 03 18 15 50 999 99.0 99.0  2.02 16.00  6.97 212 9999.0 999.0 999.0 999.0 99.0 99.00
2017 03 18 16 50 999 99.0 99.0  2.15 16.00  7.40 219 9999.0 999.0 999.0 999.0 99.0 99.00
2017 03 18 17 50 999 99.0 99.0  2.23 14.81  7.25 218 9999.0 999.0 999.0 999.0 99.0 99.00
2017 03 18 18 50 999 99.0 99.0  2.37 14.81  7.98 220 9999.0 999.0 999.0 999.0 99.0 99.00
2017 03 18 19 50 999 99.0 99.0  2.31 14.81  7.56 226 9999.0 999.0 999.0 999.0 99.0 99.00
2017 03 18 20 50 999 99.0 99.0  2.45 14.81  8.34 236 9999.0 999.0 999.0 999.0 99.0 99.00
2017 03 18 21 50 999 99.0 99.0  2.20 14.81  8.13 223 9999.0 999.0 999.0 999.0 99.0 99.00
2017 03 18 22 50 999 99.0 99.0  2.35 14.81  8.56 230 9999.0 999.0 999.0 999.0 99.0 99.00
2017 03 18 23 50 999 99.0 99.0  2.38 14.81  8.50 217 9999.0 999.0 999.0 999.0 99.0 99.00
2017 03 19 00 50 999 99.0 99.0  2.92 16.00  9.85 217 9999.0 999.0 999.0 999.0 99.0 99.00
2017 03 19 01 50 999 99.0 99.0  2.65 16.00  9.77 224 9999.0 999.0 999.0 999.0 99.0 99.00
2017 03 19 02 50 999 99.0 99.0  3.20 16.00 10.79 216 9999.0 999.0 999.0 999.0 99.0 99.00
2017 03 19 03 50 999 99.0 99.0  2.84 16.00 10.35 224 9999.0 999.0 999.0 999.0 99.0 99.00
2017 03 19 04 50 999 99.0 99.0  2.95 16.00 10.58 215 9999.0 999.0 999.0 999.0 99.0 99.00
2017 03 19 05 50 999 99.0 99.0  3.28 14.81 11.87 215 9999.0 999.0 999.0 999.0 99.0 99.00
2017 03 19 06 50 999 99.0 99.0  2.96 16.00 11.28 221 9999.0 999.0 999.0 999.0 99.0 99.00
2017 03 19 07 50 999 99.0 99.0  2.77 16.00 11.05 215 9999.0 999.0 999.0 999.0 99.0 99.00
2017 03 19 08 50 999 99.0 99.0  2.82 13.79 10.85 227 9999.0 999.0 999.0 999.0 99.0 99.00
2017 03 19 09 50 999 99.0 99.0  3.37 16.00 11.55 211 9999.0 999.0 999.0 999.0 99.0 99.00
2017 03 19 10 50 999 99.0 99.0  2.91 16.00  9.96 222 9999.0 999.0 999.0 999.0 99.0 99.00
2017 03 19 11 50 999 99.0 99.0  2.96 16.00  9.87 224 9999.0 999.0 999.0 999.0 99.0 99.00
2017 03 19 12 50 999 99.0 99.0  3.18 16.00 10.46 210 9999.0 999.0 999.0 999.0 99.0 99.00
2017 03 19 13 50 999 99.0 99.0  2.65 16.00  8.85 230 9999.0 999.0 999.0 999.0 99.0 99.00
2017 03 19 14 50 999 99.0 99.0  2.66 17.39  9.34 213 9999.0 999.0 999.0 999.0 99.0 99.00
2017 03 19 15 50 999 99.0 99.0  2.66 16.00  9.11 210 9999.0 999.0 999.0 999.0 99.0 99.00
2017 03 19 16 50 999 99.0 99.0  3.03 16.00  8.88 221 9999.0 999.0 999.0 999.0 99.0 99.00
2017 03 19 17 50 999 99.0 99.0  2.81 16.00  8.86 221 9999.0 999.0 999.0 999.0 99.0 99.00
2017 03 19 18 50 999 99.0 99.0  2.97 14.81  9.25 218 9999.0 999.0 999.0 999.0 99.0 99.00
2017 03 19 19 50 999 99.0 99.0  3.02 16.00 10.11 214 9999.0 999.0 999.0 999.0 99.0 99.00
2017 03 19 20 50 999 99.0 99.0  2.99 16.00  9.87 215 9999.0 999.0 999.0 999.0 99.0 99.00
2017 03 19 21 50 999 99.0 99.0  2.82 14.81  9.07 214 9999.0 999.0 999.0 999.0 99.0 99.00
2017 03 19 22 50 999 99.0 99.0  2.73 16.00  8.88 223 9999.0 999.0 999.0 999.0 99.0 99.00
2017 03 19 23 50 999 99.0 99.0  2.92 14.81  8.94 222 9999.0 999.0 999.0 999.0 99.0 99.00
2017 03 20 00 50 999 99.0 99.0  2.84 14.81  8.91 209 9999.0 999.0 999.0 999.0 99.0 99.00
2017 03 20 01 50 999 99.0 99.0  2.78 14.81  8.12 216 9999.0 999.0 999.0 999.0 99.0 99.00
2017 03 20 02 50 999 99.0 99.0  2.96 14.81  8.26 213 9999.0 999.0 999.0 999.0 99.0 99.00
2017 03 20 03 50 999 99.0 99.0  2.76 13.79  8.42 223 9999.0 999.0 999.0 999.0 99.0 99.00
2017 03 20 04 50 999 99.0 99.0  2.44 14.81  7.39 210 9999.0 999.0 999.0 999.0 99.0 99.00
2017 03 20 05 50 999 99.0 99.0  2.57 14.81  8.03 215 9999.0 999.0 999.0 999.0 99.0 99.00
2017 03 20 06 50 999 99.0 99.0  2.43 14.81  7.33 223 9999.0 999.0 999.0 999.0 99.0 99.00
2017 03 20 07 50 999 99.0 99.0  2.40 13.79  7.71 218 9999.0 999.0 999.0 999.0 99.0 99.00
2017 03 20 08 50 999 99.0 99.0  2.53 14.81  7.62 220 9999.0 999.0 999.0 999.0 99.0 99.00
2017 03 20 09 50 999 99.0 99.0  2.53 14.81  7.24 204 9999.0 999.0 999.0 999.0 99.0 99.00
2017 03 20 10 50 999 99.0 99.0  2.54 13.79  6.68 217 9999.0 999.0 999.0 999.0 99.0 99.00
2017 03 20 11 50 999 99.0 99.0  2.64 13.79  7.05 221 9999.0 999.0 999.0 999.0 99.0 99.00
2017 03 20 12 50 999 99.0 99.0  2.52 13.79  6.66 213 9999.0 999.0 999.0 999.0 99.0 99.00
2017 03 20 13 50 999 99.0 99.0  2.70 13.79  6.95 219 9999.0 999.0 999.0 999.0 99.0 99.00
2017 03 20 14 50 999 99.0 99.0  2.36 13.79  6.42 230 9999.0 999.0 999.0 999.0 99.0 99.00
2017 03 20 15 50 999 99.0 99.0  2.45 13.79  6.58 220 9999.0 999.0 999.0 999.0 99.0 99.00
2017 03 20 16 50 999 99.0 99.0  2.30 13.79  6.57 214 9999.0 999.0 999.0 999.0 99.0 99.00
2017 03 20 17 50 999 99.0 99.0  2.38 13.79  6.92 215 9999.0 999.0 999.0 999.0 99.0 99.00
2017 03 20 18 50 999 99.0 99.0  2.38 13.79  7.20 221 9999.0 999.0 999.0 999.0 99.0 99.00
2017 03 20 19 50 999 99.0 99.0  2.30 13.79  6.79 212 9999.0 999.0 999.0 999.0 99.0 99.00
2017 03 20 20 50 999 99.0 99.0  2.26 13.79  6.72 220 9999.0 999.0 999.0 999.0 99.0 99.00
2017 03 20 21 50 999 99.0 99.0  2.23 13.79  6.66 213 9999.0 999.0 999.0 999.0 99.0 99.00
2017 03 20 22 50 999 99.0 99.0  2.27 13.79  6.48 209 9999.0 999.0 999.0 999.0 99.0 99.00
2017 03 20 23 50 999 99.0 99.0  2.47 13.79  6.74 199 9999.0 999.0 999.0 999.0 99.0 99.00
2017 03 21 00 50 999 99.0 99.0  2.50 12.90  6.36 207 9999.0 999.0 999.0 999.0 99.0 99.00
2017 03 21 01 50 999 99.0 99.0  2.75 12.90  6.41 219 9999.0 999.0 999.0 999.0 99.0 99.00
2017 03 21 02 50 999 99.0 99.0  2.79 12.90  6.42 213 9999.0 999.0 999.0 999.0 99.0 99.00
2017 03 21 03 50 999 99.0 99.0  2.68 12.90  6.36 213 9999.0 999.0 999.0 999.0 99.0 99.00
2017 03 21 04 50 999 99.0 99.0  2.72 12.90  6.57 210 9999.0 999.0 999.0 999.0 99.0 99.00
2017 03 21 05 50 999 99.0 99.0  2.39 12.90  6.38 199 9999.0 999.0 999.0 999.0 99.0 99.00
2017 03 21 06 50 999 99.0 99.0  2.37 12.90  6.32 208 9999.0 999.0 999.0 999.0 99.0 99.00
2017 03 21 07 50 999 99.0 99.0  2.62 12.12  6.59 214 9999.0 999.0 999.0 999.0 99.0 99.00
2017 03 21 08 50 999 99.0 99.0  2.33 12.90  6.33 207 9999.0 999.0 999.0 999.0 99.0 99.00
2017 03 21 09 50 999 99.0 99.0  2.54 12.12  6.29 215 9999.0 999.0 999.0 999.0 99.0 99.00
2017 03 21 10 50 999 99.0 99.0  2.63  7.69  6.19 150 9999.0 999.0 999.0 999.0 99.0 99.00
2017 03 21 11 50 999 99.0 99.0  2.47  7.69  6.29 155 9999.0 999.0 999.0 999.0 99.0 99.00
2017 03 21 12 50 999 99.0 99.0  2.45 12.12  6.58 212 9999.0 999.0 999.0 999.0 99.0 99.00
2017 03 21 13 50 999 99.0 99.0  2.45  7.69  6.33 161 9999.0 999.0 999.0 999.0 99.0 99.00
2017 03 21 14 50 999 99.0 99.0  2.35  7.69  6.27 159 9999.0 999.0 999.0 999.0 99.0 99.00
2017 03 21 15 50 999 99.0 99.0  2.39  7.69  6.42 153 9999.0 999.0 999.0 999.0 99.0 99.00
2017 03 21 16 50 999 99.0 99.0  2.37  7.69  6.15 163 9999.0 999.0 999.0 999.0 99.0 99.00
2017 03 21 17 50 999 99.0 99.0  2.34  7.69  6.01 155 9999.0 999.0 999.0 999.0 99.0 99.00
2017 03 21 18 50 999 99.0 99.0  2.27  7.69  6.14 161 9999.0 999.0 999.0 999.0 99.0 99.00
2017 03 21 19 50 999 99.0 99.0  2.11  7.69  5.98 161 9999.0 999.0 999.0 999.0 99.0 99.00
2017 03 21 20 50 999 99.0 99.0  2.16  7.69  6.08 166 9999.0 999.0 999.0 999.0 99.0 99.00
2017 03 21 21 50 999 99.0 99.0  2.04  7.14  6.04 151 9999.0 999.0 999.0 999.0 99.0 99.00
2017 03 21 22 50 999 99.0 99.0  2.30  7.69  6.26 147 9999.0 999.0 999.0 999.0 99.0 99.00
2017 03 21 23 50 999 99.0 99.0  2.24  7.69  6.13 165 9999.0 999.0 999.0 999.0 99.0 99.00
2017 03 22 00 50 999 99.0 99.0  2.36  8.33  6.20 158 9999.0 999.0 999.0 999.0 99.0 99.00
2017 03 22 01 50 999 99.0 99.0  2.40  7.69  6.13 165 9999.0 999.0 999.0 999.0 99.0 99.00
2017 03 22 02 50 999 99.0 99.0  2.48  8.33  6.43 160 9999.0 999.0 999.0 999.0 99.0 99.00
2017 03 22 03 50 999 99.0 99.0  2.35 13.79  6.40 215 9999.0 999.0 999.0 999.0 99.0 99.00
2017 03 22 04 50 999 99.0 99.0  2.37  8.33  6.27 162 9999.0 999.0 999.0 999.0 99.0 99.00
2017 03 22 05 50 999 99.0 99.0  2.21 13.79  6.03 193 9999.0 999.0 999.0 999.0 99.0 99.00
2017 03 22 06 50 999 99.0 99.0  2.33 14.81  6.48 220 9999.0 999.0 999.0 999.0 99.0 99.00
2017 03 22 07 50 999 99.0 99.0  2.37 12.12  6.37 217 9999.0 999.0 999.0 999.0 99.0 99.00
2017 03 22 08 50 999 99.0 99.0  2.33  8.33  6.66 159 9999.0 999.0 999.0 999.0 99.0 99.00
2017 03 22 09 50 999 99.0 99.0  2.36 14.81  6.67 212 9999.0 999.0 999.0 999.0 99.0 99.00
2017 03 22 10 50 999 99.0 99.0  2.53  7.69  7.10 154 9999.0 999.0 999.0 999.0 99.0 99.00
2017 03 22 11 50 999 99.0 99.0  2.39 12.90  7.03 202 9999.0 999.0 999.0 999.0 99.0 99.00
2017 03 22 12 50 999 99.0 99.0  2.17 14.81  7.07 222 9999.0 999.0 999.0 999.0 99.0 99.00
2017 03 22 13 50 999 99.0 99.0  2.27  7.69  6.89 140 9999.0 999.0 999.0 999.0 99.0 99.00
2017 03 22 14 50 999 99.0 99.0  2.39 12.90  6.74 203 9999.0 999.0 999.0 999.0 99.0 99.00
2017 03 22 15 50 999 99.0 99.0  2.47 14.81  7.09 231 9999.0 999.0 999.0 999.0 99.0 99.00
2017 03 22 16 50 999 99.0 99.0  2.26 13.79  6.93 230 9999.0 999.0 999.0 999.0 99.0 99.00
2017 03 22 17 50 999 99.0 99.0  2.25 14.81  7.11 227 9999.0 999.0 999.0 999.0 99.0 99.00
2017 03 22 18 50 999 99.0 99.0  2.28 14.81  6.99 232 9999.0 999.0 999.0 999.0 99.0 99.00
2017 03 22 19 50 999 99.0 99.0  2.10 14.81  7.08 220 9999.0 999.0 999.0 999.0 99.0 99.00
2017 03 22 20 50 999 99.0 99.0  2.25 13.79  7.16 226 9999.0 999.0 999.0 999.0 99.0 99.00
2017 03 22 21 50 999 99.0 99.0  2.18 13.79  7.14 217 9999.0 999.0 999.0 999.0 99.0 99.00
2017 03 22 22 50 999 99.0 99.0  2.45 14.81  7.48 222 9999.0 999.0 999.0 999.0 99.0 99.00
2017 03 22 23 50 999 99.0 99.0  2.01 13.79  6.72 223 9999.0 999.0 999.0 999.0 99.0 99.00
2017 03 23 00 50 999 99.0 99.0  2.12 14.81  7.11 219 9999.0 999.0 999.0 999.0 99.0 99.00
2017 03 23 01 50 999 99.0 99.0  2.11 12.90  7.21 223 9999.0 999.0 999.0 999.0 99.0 99.00
2017 03 23 02 50 999 99.0 99.0  2.12 12.90  6.90 208 9999.0 999.0 999.0 999.0 99.0 99.00
2017 03 23 03 50 999 99.0 99.0  2.08 13.79  6.82 217 9999.0 999.0 999.0 999.0 99.0 99.00
2017 03 23 04 50 999 99.0 99.0  2.19 13.79  7.02 221 9999.0 999.0 999.0 999.0 99.0 99.00
2017 03 23 05 50 999 99.0 99.0  2.37 13.79  7.50 224 9999.0 999.0 999.0 999.0 99.0 99.00
2017 03 23 06 50 999 99.0 99.0  2.21 13.79  7.57 229 9999.0 999.0 999.0 999.0 99.0 99.00
2017 03 23 07 50 999 99.0 99.0  2.13 14.81  7.17 224 9999.0 999.0 999.0 999.0 99.0 99.00
2017 03 23 08 50 999 99.0 99.0  2.29 13.79  7.35 219 9999.0 999.0 999.0 999.0 99.0 99.00
2017 03 23 09 50 999 99.0 99.0  2.44 13.79  8.16 220 9999.0 999.0 999.0 999.0 99.0 99.00
2017 03 23 10 50 999 99.0 99.0  2.40 13.79  8.34 222 9999.0 999.0 999.0 999.0 99.0 99.00
2017 03 23 11 50 999 99.0 99.0  2.27 12.90  7.50 225 9999.0 999.0 999.0 999.0 99.0 99.00
2017 03 23 12 50 999 99.0 99.0  2.31 13.79  7.76 216 9999.0 999.0 999.0 999.0 99.0 99.00
2017 03 23 13 50 999 99.0 99.0  2.15 13.79  7.74 221 9999.0 999.0 999.0 999.0 99.0 99.00
2017 03 23 14 50 999 99.0 99.0  2.32 13.79  7.99 228 9999.0 999.0 999.0 999.0 99.0 99.00
2017 03 23 15 50 999 99.0 99.0  2.23 13.79  7.79 222 9999.0 999.0 999.0 999.0 99.0 99.00
2017 03 23 16 50 999 99.0 99.0  2.37 12.90  8.18 221 9999.0 999.0 999.0 999.0 99.0 99.00
2017 03 23 17 50 999 99.0 99.0  2.32 13.79  8.10 229 9999.0 999.0 999.0 999.0 99.0 99.00
2017 03 23 18 50 999 99.0 99.0  2.10 12.90  7.89 223 9999.0 999.0 999.0 999.0 99.0 99.00
2017 03 23 19 50 999 99.0 99.0  2.26 12.90  8.17 226 9999.0 999.0 999.0 999.0 99.0 99.00
2017 03 23 20 50 999 99.0 99.0  2.45 13.79  8.91 224 9999.0 999.0 999.0 999.0 99.0 99.00
2017 03 23 21 50 999 99.0 99.0  2.17 13.79  8.76 224 9999.0 999.0 999.0 999.0 99.0 99.00
2017 03 23 22 50 999 99.0 99.0  2.23 13.79  8.60 223 9999.0 999.0 999.0 999.0 99.0 99.00
2017 03 23 23 50 999 99.0 99.0  1.94 13.79  7.50 216 9999.0 999.0 999.0 999.0 99.0 99.00
2017 03 24 00 50 999 99.0 99.0  2.33 12.90  8.22 222 9999.0 999.0 999.0 999.0 99.0 99.00
2017 03 24 01 50 999 99.0 99.0  2.16 13.79  7.95 224 9999.0 999.0 999.0 999.0 99.0 99.00
2017 03 24 02 50 999 99.0 99.0  2.12 13.79  8.26 221 9999.0 999.0 999.0 999.0 99.0 99.00
2017 03 24 03 50 999 99.0 99.0  2.19 13.79  8.51 224 9999.0 999.0 999.0 999.0 99.0 99.00
2017 03 24 04 50 999 99.0 99.0  2.02 13.79  8.21 222 9999.0 999.0 999.0 999.0 99.0 99.00
2017 03 24 05 50 999 99.0 99.0  2.19 13.79  8.86 213 9999.0 999.0 999.0 999.0 99.0 99.00
2017 03 24 06 50 999 99.0 99.0  1.91 12.90  8.17 221 9999.0 999.0 999.0 999.0 99.0 99.00
2017 03 24 07 50 999 99.0 99.0  2.09 13.79  8.45 222 9999.0 999.0 999.0 999.0 99.0 99.00
2017 03 24 08 50 999 99.0 99.0  1.95 13.79  8.17 223 9999.0 999.0 999.0 999.0 99.0 99.00
2017 03 24 09 50 999 99.0 99.0  2.05 13.79  7.90 217 9999.0 999.0 999.0 999.0 99.0 99.00
2017 03 24 10 50 999 99.0 99.0  1.80 13.79  6.74 225 9999.0 999.0 999.0 999.0 99.0 99.00
2017 03 24 11 50 999 99.0 99.0  2.06 13.79  7.21 222 9999.0 999.0 999.0 999.0 99.0 99.00
2017 03 24 12 50 999 99.0 99.0  2.17 12.90  7.47 222 9999.0 999.0 999.0 999.0 99.0 99.00
2017 03 24 13 50 999 99.0 99.0  2.11 13.79  7.50 219 9999.0 999.0 999.0 999.0 99.0 99.00
2017 03 24 14 50 999 99.0 99.0  1.93 13.79  7.09 214 9999.0 999.0 999.0 999.0 99.0 99.00
2017 03 24 15 50 999 99.0 99.0  1.89 13.79  7.18 223 9999.0 999.0 999.0 999.0 99.0 99.00
2017 03 24 16 50 999 99.0 99.0  1.98 13.79  7.55 217 9999.0 999.0 999.0 999.0 99.0 99.00
2017 03 24 17 50 999 99.0 99.0  1.90 13.79  7.15 219 9999.0 999.0 999.0 999.0 99.0 99.00
2017 03 24 18 50 999 99.0 99.0  1.93 12.90  7.24 211 9999.0 999.0 999.0 999.0 99.0 99.00
2017 03 24 19 50 999 99.0 99.0  1.64 12.90  6.79 228 9999.0 999.0 999.0 999.0 99.0 99.00
2017 03 24 20 50 999 99.0 99.0  2.05 12.90  7.59 228 9999.0 999.0 999.0 999.0 99.0 99.00
2017 03 24 21 50 999 99.0 99.0  1.81 12.90  7.28 222 9999.0 999.0 999.0 999.0 99.0 99.00
2017 03 24 22 50 999 99.0 99.0  1.89 12.90  7.21 224 9999.0 999.0 999.0 999.0 99.0 99.00
2017 03 24 23 50 999 99.0 99.0  1.86 13.79  7.02 228 9999.0 999.0 999.0 999.0 99.0 99.00
2017 03 25 00 50 999 99.0 99.0  1.71 13.79  6.95 232 9999.0 999.0 999.0 999.0 99.0 99.00
2017 03 25 01 50 999 99.0 99.0  1.82 12.90  6.96 219 9999.0 999.0 999.0 999.0 99.0 99.00
2017 03 25 02 50 999 99.0 99.0  1.65 12.90  6.49 228 9999.0 999.0 999.0 999.0 99.0 99.00
2017 03 25 03 50 999 99.0 99.0  1.70 12.12  6.71 219 9999.0 999.0 999.0 999.0 99.0 99.00
2017 03 25 04 50 999 99.0 99.0  1.79 12.12  7.00 214 9999.0 999.0 999.0 999.0 99.0 99.00
2017 03 25 05 50 999 99.0 99.0  1.76 12.90  7.13 215 9999.0 999.0 999.0 999.0 99.0 99.00
2017 03 25 06 50 999 99.0 99.0  1.68 12.12  6.75 219 9999.0 999.0 999.0 999.0 99.0 99.00
2017 03 25 07 50 999 99.0 99.0  1.78 12.90  7.17 212 9999.0 999.0 999.0 999.0 99.0 99.00
2017 03 25 08 50 999 99.0 99.0  1.52 12.12  6.81 214 9999.0 999.0 999.0 999.0 99.0 99.00
2017 03 25 09 50 999 99.0 99.0  1.57 12.12  6.97 213 9999.0 999.0 999.0 999.0 99.0 99.00
2017 03 25 10 50 999 99.0 99.0  1.60 12.90  7.13 226 9999.0 999.0 999.0 999.0 99.0 99.00
2017 03 25 11 50 999 99.0 99.0  1.56 12.12  7.22 221 9999.0 999.0 999.0 999.0 99.0 99.00
2017 03 25 12 50 999 99.0 99.0  1.67 13.79  7.76 216 9999.0 999.0 999.0 999.0 99.0 99.00
2017 03 25 13 50 999 99.0 99.0  1.83 12.12  7.95 217 9999.0 999.0 999.0 999.0 99.0 99.00
2017 03 25 14 50 999 99.0 99.0  1.76 12.90  7.54 219 9999.0 999.0 999.0 999.0 99.0 99.00
2017 03 25 15 50 999 99.0 99.0  1.49 12.90  7.02 206 9999.0 999.0 999.0 999.0 99.0 99.00
2017 03 25 16 50 999 99.0 99.0  1.60 12.90  7.41 225 9999.0 999.0 999.0 999.0 99.0 99.00
2017 03 25 17 50 999 99.0 99.0  1.56 12.90  6.81 224 9999.0 999.0 999.0 999.0 99.0 99.00
2017 03 25 18 50 999 99.0 99.0  1.60 12.90  7.14 218 9999.0 999.0 999.0 999.0 99.0 99.00
2017 03 25 19 50 999 99.0 99.0  1.51 12.90  6.91 229 9999.0 999.0 999.0 999.0 99.0 99.00
2017 03 25 20 50 999 99.0 99.0  1.67 12.90  7.34 212 9999.0 999.0 999.0 999.0 99.0 99.00
2017 03 25 21 50 999 99.0 99.0  1.39 12.12  6.49 227 9999.0 999.0 999.0 999.0 99.0 99.00
2017 03 25 22 50 999 99.0 99.0  1.44 12.90  6.47 218 9999.0 999.0 999.0 999.0 99.0 99.00
2017 03 25 23 50 999 99.0 99.0  1.52 12.90  7.12 225 9999.0 999.0 999.0 999.0 99.0 99.00
2017 03 26 00 50 999 99.0 99.0  1.56 12.90  7.09 220 9999.0 999.0 999.0 999.0 99.0 99.00
2017 03 26 01 50 999 99.0 99.0  1.51 12.90  6.78 214 9999.0 999.0 999.0 999.0 99.0 99.00
2017 03 26 02 50 999 99.0 99.0  1.55 12.12  6.75 200 9999.0 999.0 999.0 999.0 99.0 99.00
2017 03 26 03 50 999 99.0 99.0  1.61 12.12  6.91 227 9999.0 999.0 999.0 999.0 99.0 99.00
2017 03 26 04 50 999 99.0 99.0  1.53 12.12  6.61 228 9999.0 999.0 999.0 999.0 99.0 99.00
2017 03 26 05 50 999 99.0 99.0  1.54 12.12  6.95 226 9999.0 999.0 999.0 999.0 99.0 99.00
2017 03 26 06 50 999 99.0 99.0  1.55 12.90  6.94 222 9999.0 999.0 999.0 999.0 99.0 99.00
2017 03 26 07 50 999 99.0 99.0  1.58 12.12  7.49 213 9999.0 999.0 999.0 999.0 99.0 99.00
2017 03 26 08 50 999 99.0 99.0  1.63 12.12  7.43 213 9999.0 999.0 999.0 999.0 99.0 99.00
2017 03 26 09 50 999 99.0 99.0  1.54 12.12  7.14 212 9999.0 999.0 999.0 999.0 99.0 99.00
2017 03 26 10 50 999 99.0 99.0  1.53 10.81  7.73 220 9999.0 999.0 999.0 999.0 99.0 99.00
2017 03 26 11 50 999 99.0 99.0  1.42 12.90  7.63 222 9999.0 999.0 999.0 999.0 99.0 99.00
2017 03 26 12 50 999 99.0 99.0  1.52 11.43  7.98 224 9999.0 999.0 999.0 999.0 99.0 99.00
2017 03 26 13 50 999 99.0 99.0  1.57 12.12  7.78 216 9999.0 999.0 999.0 999.0 99.0 99.00
2017 03 26 14 50 999 99.0 99.0  1.65 12.12  7.91 216 9999.0 999.0 999.0 999.0 99.0 99.00
2017 03 26 15 50 999 99.0 99.0  1.55 12.12  7.65 221 9999.0 999.0 999.0 999.0 99.0 99.00
2017 03 26 16 50 999 99.0 99.0  1.66 12.12  7.33 219 9999.0 999.0 999.0 999.0 99.0 99.00
2017 03 26 17 50 999 99.0 99.0  1.54 11.43  6.79 208 9999.0 999.0 999.0 999.0 99.0 99.00
2017 03 26 18 50 999 99.0 99.0  1.58 11.43  6.98 219 9999.0 999.0 999.0 999.0 99.0 99.00
2017 03 26 19 50 999 99.0 99.0  1.69 11.43  7.48 219 9999.0 999.0 999.0 999.0 99.0 99.00
2017 03 26 20 50 999 99.0 99.0  1.60 11.43  7.34 227 9999.0 999.0 999.0 999.0 99.0 99.00
2017 03 26 21 50 999 99.0 99.0  1.63 11.43  7.16 224 9999.0 999.0 999.0 999.0 99.0 99.00
2017 03 26 22 50 999 99.0 99.0  1.59 16.00  6.93 225 9999.0 999.0 999.0 999.0 99.0 99.00
2017 03 26 23 50 999 99.0 99.0  1.62 16.00  7.46 232 9999.0 999.0 999.0 999.0 99.0 99.00
2017 03 27 00 50 999 99.0 99.0  1.64 14.81  7.41 228 9999.0 999.0 999.0 999.0 99.0 99.00
2017 03 27 01 50 999 99.0 99.0  1.48 16.00  6.75 215 9999.0 999.0 999.0 999.0 99.0 99.00
2017 03 27 02 50 999 99.0 99.0  1.49 14.81  6.56 213 9999.0 999.0 999.0 999.0 99.0 99.00
2017 03 27 03 50 999 99.0 99.0  1.76 14.81  7.19 226 9999.0 999.0 999.0 999.0 99.0 99.00
2017 03 27 04 50 999 99.0 99.0  1.64 14.81  6.92 209 9999.0 999.0 999.0 999.0 99.0 99.00
2017 03 27 05 50 999 99.0 99.0  1.61 11.43  6.57 210 9999.0 999.0 999.0 999.0 99.0 99.00
2017 03 27 06 50 999 99.0 99.0  1.61 14.81  6.70 232 9999.0 999.0 999.0 999.0 99.0 99.00
2017 03 27 07 50 999 99.0 99.0  1.84 14.81  7.30 227 9999.0 999.0 999.0 999.0 99.0 99.00
2017 03 27 08 50 999 99.0 99.0  1.73 14.81  7.33 214 9999.0 999.0 999.0 999.0 99.0 99.00
2017 03 27 09 50 999 99.0 99.0  1.53 14.81  7.01 224 9999.0 999.0 999.0 999.0 99.0 99.00
2017 03 27 10 50 999 99.0 99.0  1.53 14.81  7.03 228 9999.0 999.0 999.0 999.0 99.0 99.00
2017 03 27 11 50 999 99.0 99.0  1.68 14.81  7.17 229 9999.0 999.0 999.0 999.0 99.0 99.00
2017 03 27 12 50 999 99.0 99.0  1.57 14.81  7.13 229 9999.0 999.0 999.0 999.0 99.0 99.00
2017 03 27 13 50 999 99.0 99.0  1.67 14.81  7.72 217 9999.0 999.0 999.0 999.0 99.0 99.00
2017 03 27 14 50 999 99.0 99.0  1.69 14.81  8.02 228 9999.0 999.0 999.0 999.0 99.0 99.00
2017 03 27 15 50 999 99.0 99.0  1.71 14.81  7.76 225 9999.0 999.0 999.0 999.0 99.0 99.00
2017 03 27 16 50 999 99.0 99.0  1.67 13.79  7.96 233 9999.0 999.0 999.0 999.0 99.0 99.00
2017 03 27 17 50 999 99.0 99.0  1.69 13.79  7.86 224 9999.0 999.0 999.0 999.0 99.0 99.00
2017 03 27 18 50 999 99.0 99.0  1.53 14.81  7.82 233 9999.0 999.0 999.0 999.0 99.0 99.00
2017 03 27 19 50 999 99.0 99.0  1.64 13.79  8.02 228 9999.0 999.0 999.0 999.0 99.0 99.00
2017 03 27 20 50 999 99.0 99.0  1.69 13.79  7.95 225 9999.0 999.0 999.0 999.0 99.0 99.00
2017 03 27 21 50 999 99.0 99.0  1.51 13.79  7.81 231 9999.0 999.0 999.0 999.0 99.0 99.00
2017 03 27 22 50 999 99.0 99.0  1.70 13.79  8.45 228 9999.0 999.0 999.0 999.0 99.0 99.00
2017 03 27 23 50 999 99.0 99.0  1.50 12.90  7.70 232 9999.0 999.0 999.0 999.0 99.0 99.00
2017 03 28 00 50 999 99.0 99.0  1.72 13.79  8.66 228 9999.0 999.0 999.0 999.0 99.0 99.00
2017 03 28 01 50 999 99.0 99.0  1.59 12.90  8.14 230 9999.0 999.0 999.0 999.0 99.0 99.00
2017 03 28 02 50 999 99.0 99.0  1.54 13.79  7.79 231 9999.0 999.0 999.0 999.0 99.0 99.00
2017 03 28 03 50 999 99.0 99.0  1.65 14.81  8.07 224 9999.0 999.0 999.0 999.0 99.0 99.00
2017 03 28 04 50 999 99.0 99.0  1.80 12.90  8.44 227 9999.0 999.0 999.0 999.0 99.0 99.00
2017 03 28 05 50 999 99.0 99.0  1.52 14.81  7.61 226 9999.0 999.0 999.0 999.0 99.0 99.00
2017 03 28 06 50 999 99.0 99.0  1.81 13.79  8.60 205 9999.0 999.0 999.0 999.0 99.0 99.00
2017 03 28 07 50 999 99.0 99.0  1.76 13.79  8.48 208 9999.0 999.0 999.0 999.0 99.0 99.00
2017 03 28 08 50 999 99.0 99.0  1.85 12.90  8.75 206 9999.0 999.0 999.0 999.0 99.0 99.00
2017 03 28 09 50 999 99.0 99.0  1.77 12.90  8.50 209 9999.0 999.0 999.0 999.0 99.0 99.00
2017 03 28 10 50 999 99.0 99.0  1.75 13.79  8.53 208 9999.0 999.0 999.0 999.0 99.0 99.00
2017 03 28 11 50 999 99.0 99.0  1.93 12.12  8.95 202 9999.0 999.0 999.0 999.0 99.0 99.00
2017 03 28 12 50 999 99.0 99.0  2.20 12.12  9.51 192 9999.0 999.0 999.0 999.0 99.0 99.00
2017 03 28 13 50 999 99.0 99.0  2.03 12.90  9.53 199 9999.0 999.0 999.0 999.0 99.0 99.00
2017 03 28 14 50 999 99.0 99.0  2.04 12.90  9.61 190 9999.0 999.0 999.0 999.0 99.0 99.00
2017 03 28 17 50 999 99.0 99.0  1.97 13.79  9.19 221 9999.0 999.0 999.0 999.0 99.0 99.00
2017 03 28 18 50 999 99.0 99.0  1.87 12.90  8.83 212 9999.0 999.0 999.0 999.0 99.0 99.00
2017 03 28 19 50 999 99.0 99.0  1.98 12.90  9.14 203 9999.0 999.0 999.0 999.0 99.0 99.00
2017 03 28 20 50 999 99.0 99.0  1.85 12.12  9.06 201 9999.0 999.0 999.0 999.0 99.0 99.00
2017 03 28 21 50 999 99.0 99.0  1.86 12.12  9.19 192 9999.0 999.0 999.0 999.0 99.0 99.00
2017 03 28 22 50 999 99.0 99.0  1.75 13.79  8.78 218 9999.0 999.0 999.0 999.0 99.0 99.00
2017 03 28 23 50 999 99.0 99.0  1.72 12.90  8.55 216 9999.0 999.0 999.0 999.0 99.0 99.00
2017 03 29 00 50 999 99.0 99.0  1.87 12.90  9.00 209 9999.0 999.0 999.0 999.0 99.0 99.00
2017 03 29 01 50 999 99.0 99.0  1.70 12.12  8.01 195 9999.0 999.0 999.0 999.0 99.0 99.00
2017 03 29 02 50 999 99.0 99.0  1.80 11.43  8.16 201 9999.0 999.0 999.0 999.0 99.0 99.00
2017 03 29 03 50 999 99.0 99.0  1.78 12.90  8.20 230 9999.0 999.0 999.0 999.0 99.0 99.00
2017 03 29 04 50 999 99.0 99.0  1.70 11.43  7.48 187 9999.0 999.0 999.0 999.0 99.0 99.00
2017 03 29 05 50 999 99.0 99.0  1.84 12.12  7.40 218 9999.0 999.0 999.0 999.0 99.0 99.00
2017 03 29 06 50 999 99.0 99.0  1.93 11.43  7.59 203 9999.0 999.0 999.0 999.0 99.0 99.00
2017 03 29 07 50 999 99.0 99.0  1.89 12.12  7.37 206 9999.0 999.0 999.0 999.0 99.0 99.00
2017 03 29 08 50 999 99.0 99.0  1.72 16.00  6.56 239 9999.0 999.0 999.0 999.0 99.0 99.00
2017 03 29 09 50 999 99.0 99.0  1.90 12.90  7.36 209 9999.0 999.0 999.0 999.0 99.0 99.00
2017 03 29 10 50 999 99.0 99.0  1.92 12.90  7.24 220 9999.0 999.0 999.0 999.0 99.0 99.00
2017 03 29 11 50 999 99.0 99.0  1.80 11.43  6.80 193 9999.0 999.0 999.0 999.0 99.0 99.00
2017 03 29 12 50 999 99.0 99.0  2.13 14.81  7.58 229 9999.0 999.0 999.0 999.0 99.0 99.00
2017 03 29 13 50 999 99.0 99.0  2.11 11.43  7.60 195 9999.0 999.0 999.0 999.0 99.0 99.00
2017 03 29 14 50 999 99.0 99.0  2.17 11.43  7.78 198 9999.0 999.0 999.0 999.0 99.0 99.00
2017 03 29 15 50 999 99.0 99.0  2.21 13.79  8.00 228 9999.0 999.0 999.0 999.0 99.0 99.00
2017 03 29 16 50 999 99.0 99.0  2.42 11.43  8.27 196 9999.0 999.0 999.0 999.0 99.0 99.00
2017 03 29 17 50 999 99.0 99.0  2.16 14.81  7.82 237 9999.0 999.0 999.0 999.0 99.0 99.00
2017 03 29 18 50 999 99.0 99.0  2.33 14.81  8.41 225 9999.0 999.0 999.0 999.0 99.0 99.00
2017 03 29 19 50 999 99.0 99.0  2.25 13.79  7.92 214 9999.0 999.0 999.0 999.0 99.0 99.00
2017 03 29 20 50 999 99.0 99.0  2.04 12.90  7.72 205 9999.0 999.0 999.0 999.0 99.0 99.00
2017 03 29 21 50 999 99.0 99.0  2.14 13.79  7.57 212 9999.0 999.0 999.0 999.0 99.0 99.00
2017 03 29 22 50 999 99.0 99.0  2.07 14.81  7.56 220 9999.0 999.0 999.0 999.0 99.0 99.00
2017 03 29 23 50 999 99.0 99.0  2.15 13.79  7.13 211 9999.0 999.0 999.0 999.0 99.0 99.00
2017 03 30 00 50 999 99.0 99.0  2.01 14.81  6.62 223 9999.0 999.0 999.0 999.0 99.0 99.00
2017 03 30 01 50 999 99.0 99.0  2.24 11.43  7.11 207 9999.0 999.0 999.0 999.0 99.0 99.00
2017 03 30 02 50 999 99.0 99.0  2.05 13.79  6.62 213 9999.0 999.0 999.0 999.0 99.0 99.00
2017 03 30 03 50 999 99.0 99.0  2.17 13.79  6.80 219 9999.0 999.0 999.0 999.0 99.0 99.00
2017 03 30 04 50 999 99.0 99.0  2.28 14.81  7.35 223 9999.0 999.0 999.0 999.0 99.0 99.00
2017 03 30 05 50 999 99.0 99.0  2.10 13.79  6.87 211 9999.0 999.0 999.0 999.0 99.0 99.00
2017 03 30 06 50 999 99.0 99.0  2.18 11.43  6.43 203 9999.0 999.0 999.0 999.0 99.0 99.00
2017 03 30 07 50 999 99.0 99.0  2.25 13.79  6.86 211 9999.0 999.0 999.0 999.0 99.0 99.00
2017 03 30 08 50 999 99.0 99.0  2.32 13.79  6.85 205 9999.0 999.0 999.0 999.0 99.0 99.00
2017 03 30 09 50 999 99.0 99.0  2.38 13.79  6.95 220 9999.0 999.0 999.0 999.0 99.0 99.00
2017 03 30 10 50 999 99.0 99.0  2.21 13.79  6.98 221 9999.0 999.0 999.0 999.0 99.0 99.00
2017 03 30 11 50 999 99.0 99.0  2.35 14.81  7.09 211 9999.0 999.0 999.0 999.0 99.0 99.00
2017 03 30 12 50 999 99.0 99.0  2.32 13.79  7.33 217 9999.0 999.0 999.0 999.0 99.0 99.00
2017 03 30 13 50 999 99.0 99.0  2.29 12.90  7.10 205 9999.0 999.0 999.0 999.0 99.0 99.00
2017 03 30 14 50 999 99.0 99.0  2.08 14.81  6.87 216 9999.0 999.0 999.0 999.0 99.0 99.00
2017 03 30 15 50 999 99.0 99.0  2.48 13.79  7.97 223 9999.0 999.0 999.0 999.0 99.0 99.00
2017 03 30 16 50 999 99.0 99.0  2.41 12.90  8.35 226 9999.0 999.0 999.0 999.0 99.0 99.00
2017 03 30 17 50 999 99.0 99.0  2.51 13.79  7.04 229 9999.0 999.0 999.0 999.0 99.0 99.00
2017 03 30 18 50 999 99.0 99.0  2.45 13.79  7.14 225 9999.0 999.0 999.0 999.0 99.0 99.00
2017 03 30 19 50 999 99.0 99.0  2.39 13.79  6.58 212 9999.0 999.0 999.0 999.0 99.0 99.00
2017 03 30 20 50 999 99.0 99.0  2.50 13.79  6.86 217 9999.0 999.0 999.0 999.0 99.0 99.00
2017 03 30 21 50 999 99.0 99.0  2.40 13.79  6.60 210 9999.0 999.0 999.0 999.0 99.0 99.00
2017 03 30 22 50 999 99.0 99.0  2.31 13.79  6.68 222 9999.0 999.0 999.0 999.0 99.0 99.00
2017 03 30 23 50 999 99.0 99.0  2.60 13.79  7.36 215 9999.0 999.0 999.0 999.0 99.0 99.00
2017 03 31 00 50 999 99.0 99.0  2.34 16.00  6.90 226 9999.0 999.0 999.0 999.0 99.0 99.00
2017 03 31 01 50 999 99.0 99.0  2.48 13.79  6.99 216 9999.0 999.0 999.0 999.0 99.0 99.00
2017 03 31 03 50 999 99.0 99.0  2.36 14.81  6.78 208 9999.0 999.0 999.0 999.0 99.0 99.00
2017 03 31 04 50 999 99.0 99.0  2.14 12.90  6.81 208 9999.0 999.0 999.0 999.0 99.0 99.00
2017 03 31 05 50 999 99.0 99.0  2.43 13.79  7.14 219 9999.0 999.0 999.0 999.0 99.0 99.00
2017 03 31 06 50 999 99.0 99.0  2.33 14.81  7.00 221 9999.0 999.0 999.0 999.0 99.0 99.00
2017 03 31 07 50 999 99.0 99.0  2.19 13.79  6.82 217 9999.0 999.0 999.0 999.0 99.0 99.00
2017 03 31 08 50 999 99.0 99.0  2.11 14.81  6.69 220 9999.0 999.0 999.0 999.0 99.0 99.00
2017 03 31 09 50 999 99.0 99.0  2.33 14.81  7.53 227 9999.0 999.0 999.0 999.0 99.0 99.00
2017 03 31 10 50 999 99.0 99.0  2.49 14.81  7.14 215 9999.0 999.0 999.0 999.0 99.0 99.00
2017 03 31 11 50 999 99.0 99.0  2.18 14.81  7.50 226 9999.0 999.0 999.0 999.0 99.0 99.00
2017 03 31 12 50 999 99.0 99.0  2.11 13.79  7.06 215 9999.0 999.0 999.0 999.0 99.0 99.00
2017 03 31 13 50 999 99.0 99.0  2.27 14.81  7.83 217 9999.0 999.0 999.0 999.0 99.0 99.00
2017 03 31 14 50 999 99.0 99.0  2.08 14.81  7.13 224 9999.0 999.0 999.0 999.0 99.0 99.00
2017 03 31 15 50 999 99.0 99.0  1.87 12.90  6.70 217 9999.0 999.0 999.0 999.0 99.0 99.00
2017 03 31 16 50 999 99.0 99.0  2.09 14.81  6.96 223 9999.0 999.0 999.0 999.0 99.0 99.00
2017 03 31 17 50 999 99.0 99.0  1.93 12.90  6.61 215 9999.0 999.0 999.0 999.0 99.0 99.00
2017 03 31 18 50 999 99.0 99.0  2.20 13.79  7.21 221 9999.0 999.0 999.0 999.0 99.0 99.00
2017 03 31 19 50 999 99.0 99.0  2.12 14.81  7.11 219 9999.0 999.0 999.0 999.0 99.0 99.00
2017 03 31 20 50 999 99.0 99.0  1.99 14.81  6.86 224 9999.0 999.0 999.0 999.0 99.0 99.00
2017 03 31 21 50 999 99.0 99.0  2.06 14.81  6.98 230 9999.0 999.0 999.0 999.0 99.0 99.00
2017 03 31 22 50 999 99.0 99.0  2.03 13.79  7.16 221 9999.0 999.0 999.0 999.0 99.0 99.00
2017 03 31 23 50 999 99.0 99.0  2.08 13.79  7.27 224 9999.0 999.0 999.0 999.0 99.0 99.00
2017 04 01 00 50 999 99.0 99.0  1.92 13.79  7.10 204 9999.0 999.0 999.0 999.0 99.0 99.00
2017 04 01 01 50 999 99.0 99.0  2.06 16.00  7.40 223 9999.0 999.0 999.0 999.0 99.0 99.00
2017 04 01 02 50 999 99.0 99.0  2.23 14.81  7.96 226 9999.0 999.0 999.0 999.0 99.0 99.00
2017 04 01 03 50 999 99.0 99.0  1.99 13.79  7.23 237 9999.0 999.0 999.0 999.0 99.0 99.00
2017 04 01 04 50 999 99.0 99.0  2.07 14.81  7.19 238 9999.0 999.0 999.0 999.0 99.0 99.00
2017 04 01 05 50 999 99.0 99.0  2.01 14.81  7.10 221 9999.0 999.0 999.0 999.0 99.0 99.00
2017 04 01 06 50 999 99.0 99.0  2.10 14.81  7.35 222 9999.0 999.0 999.0 999.0 99.0 99.00
2017 04 01 07 50 999 99.0 99.0  1.90 13.79  6.42 217 9999.0 999.0 999.0 999.0 99.0 99.00
2017 04 01 08 50 999 99.0 99.0  1.84 16.00  6.47 262 9999.0 999.0 999.0 999.0 99.0 99.00
2017 04 01 09 50 999 99.0 99.0  1.96 12.90  6.91 209 9999.0 999.0 999.0 999.0 99.0 99.00
2017 04 01 10 50 999 99.0 99.0  1.95 14.81  6.81 219 9999.0 999.0 999.0 999.0 99.0 99.00
2017 04 01 11 50 999 99.0 99.0  1.99 13.79  6.80 225 9999.0 999.0 999.0 999.0 99.0 99.00
2017 04 01 12 50 999 99.0 99.0  1.94 13.79  6.58 222 9999.0 999.0 999.0 999.0 99.0 99.00
2017 04 01 13 50 999 99.0 99.0  1.82 14.81  6.37 209 9999.0 999.0 999.0 999.0 99.0 99.00
2017 04 01 14 50 999 99.0 99.0  1.86 14.81  6.74 216 9999.0 999.0 999.0 999.0 99.0 99.00
2017 04 01 15 50 999 99.0 99.0  1.79 14.81  6.73 215 9999.0 999.0 999.0 999.0 99.0 99.00
2017 04 01 16 50 999 99.0 99.0  1.93 12.90  7.00 211 9999.0 999.0 999.0 999.0 99.0 99.00
2017 04 01 17 50 999 99.0 99.0  1.99 14.81  7.41 225 9999.0 999.0 999.0 999.0 99.0 99.00
2017 04 01 18 50 999 99.0 99.0  1.79 13.79  6.95 225 9999.0 999.0 999.0 999.0 99.0 99.00
2017 04 01 19 50 999 99.0 99.0  1.95 14.81  7.18 216 9999.0 999.0 999.0 999.0 99.0 99.00
2017 04 01 20 50 999 99.0 99.0  2.09 13.79  7.46 215 9999.0 999.0 999.0 999.0 99.0 99.00
2017 04 01 21 50 999 99.0 99.0  1.98 14.81  6.78 231 9999.0 999.0 999.0 999.0 99.0 99.00
2017 04 01 22 50 999 99.0 99.0  2.02 13.79  6.67 206 9999.0 999.0 999.0 999.0 99.0 99.00
2017 04 01 23 50 999 99.0 99.0  1.99 14.81  6.56 230 9999.0 999.0 999.0 999.0 99.0 99.00
2017 04 02 00 50 999 99.0 99.0  2.06 13.79  6.38 211 9999.0 999.0 999.0 999.0 99.0 99.00
2017 04 02 01 50 999 99.0 99.0  2.12 13.79  6.65 226 9999.0 999.0 999.0 999.0 99.0 99.00
2017 04 02 02 50 999 99.0 99.0  2.08 13.79  6.34 232 9999.0 999.0 999.0 999.0 99.0 99.00
2017 04 02 03 50 999 99.0 99.0  2.11 14.81  6.55 241 9999.0 999.0 999.0 999.0 99.0 99.00
2017 04 02 04 50 999 99.0 99.0  2.18 13.79  6.14 221 9999.0 999.0 999.0 999.0 99.0 99.00
2017 04 02 05 50 999 99.0 99.0  2.32 12.90  6.11 213 9999.0 999.0 999.0 999.0 99.0 99.00
2017 04 02 06 50 999 99.0 99.0  2.49  5.88  6.44 124 9999.0 999.0 999.0 999.0 99.0 99.00
2017 04 02 07 50 999 99.0 99.0  2.36 12.90  6.22 233 9999.0 999.0 999.0 999.0 99.0 99.00
2017 04 02 08 50 999 99.0 99.0  2.48  6.25  6.44 128 9999.0 999.0 999.0 999.0 99.0 99.00
2017 04 02 09 50 999 99.0 99.0  2.51 13.79  6.31 227 9999.0 999.0 999.0 999.0 99.0 99.00
2017 04 02 10 50 999 99.0 99.0  2.33  6.67  6.04 127 9999.0 999.0 999.0 999.0 99.0 99.00
2017 04 02 11 50 999 99.0 99.0  2.58  6.25  6.19 130 9999.0 999.0 999.0 999.0 99.0 99.00
2017 04 02 12 50 999 99.0 99.0  2.42 13.79  6.33 211 9999.0 999.0 999.0 999.0 99.0 99.00
2017 04 02 14 50 999 99.0 99.0  2.49 14.81  6.41 213 9999.0 999.0 999.0 999.0 99.0 99.00
2017 04 02 15 50 999 99.0 99.0  2.39 13.79  6.34 225 9999.0 999.0 999.0 999.0 99.0 99.00
2017 04 02 16 50 999 99.0 99.0  2.31  6.67  6.25 129 9999.0 999.0 999.0 999.0 99.0 99.00
2017 04 02 17 50 999 99.0 99.0  2.22  6.67  6.23 118 9999.0 999.0 999.0 999.0 99.0 99.00
2017 04 02 18 50 999 99.0 99.0  2.24 14.81  6.69 237 9999.0 999.0 999.0 999.0 99.0 99.00
2017 04 02 19 50 999 99.0 99.0  2.15 14.81  6.44 225 9999.0 999.0 999.0 999.0 99.0 99.00
2017 04 02 20 50 999 99.0 99.0  2.24  6.67  6.16 118 9999.0 999.0 999.0 999.0 99.0 99.00
2017 04 02 21 50 999 99.0 99.0  2.18  7.14  6.16 117 9999.0 999.0 999.0 999.0 99.0 99.00
2017 04 02 22 50 999 99.0 99.0  2.29  7.14  6.13 106 9999.0 999.0 999.0 999.0 99.0 99.00
2017 04 02 23 50 999 99.0 99.0  2.29  6.67  5.98 127 9999.0 999.0 999.0 999.0 99.0 99.00
2017 04 03 00 50 999 99.0 99.0  2.31 14.81  6.14 228 9999.0 999.0 999.0 999.0 99.0 99.00
2017 04 03 01 50 999 99.0 99.0  2.24 17.39  6.14 196 9999.0 999.0 999.0 999.0 99.0 99.00
2017 04 03 02 50 999 99.0 99.0  2.32 12.90  6.01 222 9999.0 999.0 999.0 999.0 99.0 99.00
2017 04 03 03 50 999 99.0 99.0  2.32  7.14  5.92 126 9999.0 999.0 999.0 999.0 99.0 99.00
2017 04 03 04 50 999 99.0 99.0  2.38  6.67  6.20 126 9999.0 999.0 999.0 999.0 99.0 99.00
2017 04 03 05 50 999 99.0 99.0  2.30 14.81  6.31 228 9999.0 999.0 999.0 999.0 99.0 99.00
2017 04 03 06 50 999 99.0 99.0  2.37 14.81  6.47 223 9999.0 999.0 999.0 999.0 99.0 99.00
2017 04 03 07 50 999 99.0 99.0  2.32  7.14  6.30 145 9999.0 999.0 999.0 999.0 99.0 99.00
2017 04 03 08 50 999 99.0 99.0  2.41  6.67  6.28 129 9999.0 999.0 999.0 999.0 99.0 99.00
2017 04 03 09 50 999 99.0 99.0  2.57 13.79  6.53 216 9999.0 999.0 999.0 999.0 99.0 99.00
2017 04 03 10 50 999 99.0 99.0  2.40  7.14  6.23 130 9999.0 999.0 999.0 999.0 99.0 99.00
2017 04 03 11 50 999 99.0 99.0  2.34  6.67  6.14 121 9999.0 999.0 999.0 999.0 99.0 99.00
2017 04 03 12 50 999 99.0 99.0  2.49  7.14  6.24 129 9999.0 999.0 999.0 999.0 99.0 99.00
2017 04 03 13 50 999 99.0 99.0  2.46  7.14  6.52 119 9999.0 999.0 999.0 999.0 99.0 99.00
2017 04 03 14 50 999 99.0 99.0  2.35 17.39  6.41 312 9999.0 999.0 999.0 999.0 99.0 99.00
2017 04 03 15 50 999 99.0 99.0  2.47  6.67  6.35 120 9999.0 999.0 999.0 999.0 99.0 99.00
2017 04 03 16 50 999 99.0 99.0  2.32  7.14  6.13 112 9999.0 999.0 999.0 999.0 99.0 99.00
2017 04 03 17 50 999 99.0 99.0  2.32  7.14  6.24 125 9999.0 999.0 999.0 999.0 99.0 99.00
2017 04 03 18 50 999 99.0 99.0  2.29  7.14  6.61 118 9999.0 999.0 999.0 999.0 99.0 99.00
2017 04 03 19 50 999 99.0 99.0  2.31 17.39  6.46 266 9999.0 999.0 999.0 999.0 99.0 99.00
2017 04 03 20 50 999 99.0 99.0  2.31 13.79  6.65 226 9999.0 999.0 999.0 999.0 99.0 99.00
2017 04 03 21 50 999 99.0 99.0  2.42 17.39  6.55 261 9999.0 999.0 999.0 999.0 99.0 99.00
2017 04 03 22 50 999 99.0 99.0  2.40 17.39  6.98 270 9999.0 999.0 999.0 999.0 99.0 99.00
2017 04 03 23 50 999 99.0 99.0  2.36 16.00  6.75 234 9999.0 999.0 999.0 999.0 99.0 99.00
2017 04 04 00 50 999 99.0 99.0  2.37 17.39  6.77 243 9999.0 999.0 999.0 999.0 99.0 99.00
2017 04 04 01 50 999 99.0 99.0  2.39 16.00  6.61 207 9999.0 999.0 999.0 999.0 99.0 99.00
2017 04 04 02 50 999 99.0 99.0  2.47 16.00  7.10 220 9999.0 999.0 999.0 999.0 99.0 99.00
2017 04 04 03 50 999 99.0 99.0  2.42 16.00  7.14 228 9999.0 999.0 999.0 999.0 99.0 99.00
2017 04 04 04 50 999 99.0 99.0  2.50 16.00  7.22 235 9999.0 999.0 999.0 999.0 99.0 99.00
2017 04 04 05 50 999 99.0 99.0  2.25 16.00  6.53 225 9999.0 999.0 999.0 999.0 99.0 99.00
2017 04 04 06 50 999 99.0 99.0  2.33 16.00  6.87 241 9999.0 999.0 999.0 999.0 99.0 99.00
2017 04 04 07 50 999 99.0 99.0  2.37 16.00  7.10 230 9999.0 999.0 999.0 999.0 99.0 99.00
2017 04 04 08 50 999 99.0 99.0  2.69 16.00  7.75 245 9999.0 999.0 999.0 999.0 99.0 99.00
2017 04 04 09 50 999 99.0 99.0  2.44 14.81  7.50 231 9999.0 999.0 999.0 999.0 99.0 99.00
2017 04 04 10 50 999 99.0 99.0  2.60 14.81  7.75 225 9999.0 999.0 999.0 999.0 99.0 99.00
2017 04 04 11 50 999 99.0 99.0  2.57 16.00  7.90 233 9999.0 999.0 999.0 999.0 99.0 99.00
2017 04 04 12 50 999 99.0 99.0  2.66 16.00  8.32 243 9999.0 999.0 999.0 999.0 99.0 99.00
2017 04 04 13 50 999 99.0 99.0  2.40 16.00  7.86 229 9999.0 999.0 999.0 999.0 99.0 99.00
2017 04 04 14 50 999 99.0 99.0  2.48 14.81  7.47 224 9999.0 999.0 999.0 999.0 99.0 99.00
2017 04 04 16 50 999 99.0 99.0  2.43 14.81  7.53 224 9999.0 999.0 999.0 999.0 99.0 99.00
2017 04 04 17 50 999 99.0 99.0  2.21 14.81  7.11 227 9999.0 999.0 999.0 999.0 99.0 99.00
2017 04 04 18 50 999 99.0 99.0  2.42 14.81  7.72 236 9999.0 999.0 999.0 999.0 99.0 99.00
2017 04 04 19 50 999 99.0 99.0  2.18 14.81  7.06 220 9999.0 999.0 999.0 999.0 99.0 99.00
2017 04 04 20 50 999 99.0 99.0  2.50 14.81  7.60 230 9999.0 999.0 999.0 999.0 99.0 99.00
2017 04 04 21 50 999 99.0 99.0  2.18 14.81  6.79 233 9999.0 999.0 999.0 999.0 99.0 99.00
2017 04 04 22 50 999 99.0 99.0  2.35 13.79  6.70 229 9999.0 999.0 999.0 999.0 99.0 99.00
2017 04 04 23 50 999 99.0 99.0  2.61 14.81  7.01 225 9999.0 999.0 999.0 999.0 99.0 99.00
2017 04 05 00 50 999 99.0 99.0  2.47 14.81  7.02 228 9999.0 999.0 999.0 999.0 99.0 99.00
2017 04 05 01 50 999 99.0 99.0  2.51 13.79  7.06 225 9999.0 999.0 999.0 999.0 99.0 99.00
2017 04 05 02 50 999 99.0 99.0  2.33 14.81  6.58 231 9999.0 999.0 999.0 999.0 99.0 99.00
2017 04 05 03 50 999 99.0 99.0  2.34 13.79  6.80 221 9999.0 999.0 999.0 999.0 99.0 99.00
2017 04 05 04 50 999 99.0 99.0  2.24 13.79  6.76 230 9999.0 999.0 999.0 999.0 99.0 99.00
2017 04 05 05 50 999 99.0 99.0  2.25 13.79  6.75 238 9999.0 999.0 999.0 999.0 99.0 99.00
2017 04 05 06 50 999 99.0 99.0  2.09 13.79  6.91 224 9999.0 999.0 999.0 999.0 99.0 99.00
2017 04 05 07 50 999 99.0 99.0  2.27 13.79  7.01 229 9999.0 999.0 999.0 999.0 99.0 99.00
2017 04 05 08 50 999 99.0 99.0  2.22 13.79  6.73 232 9999.0 999.0 999.0 999.0 99.0 99.00
2017 04 05 09 50 999 99.0 99.0  2.40 13.79  7.04 223 9999.0 999.0 999.0 999.0 99.0 99.00
2017 04 05 10 50 999 99.0 99.0  2.48 13.79  7.07 233 9999.0 999.0 999.0 999.0 99.0 99.00
2017 04 05 11 50 999 99.0 99.0  2.32 12.90  6.79 216 9999.0 999.0 999.0 999.0 99.0 99.00
2017 04 05 12 50 999 99.0 99.0  2.43 12.90  6.76 217 9999.0 999.0 999.0 999.0 99.0 99.00
2017 04 05 13 50 999 99.0 99.0  2.29 12.90  6.56 229 9999.0 999.0 999.0 999.0 99.0 99.00
2017 04 05 14 50 999 99.0 99.0  2.34 13.79  6.60 218 9999.0 999.0 999.0 999.0 99.0 99.00
2017 04 05 15 50 999 99.0 99.0  2.34 12.90  6.40 218 9999.0 999.0 999.0 999.0 99.0 99.00
2017 04 05 16 50 999 99.0 99.0  2.30 12.90  6.54 213 9999.0 999.0 999.0 999.0 99.0 99.00
2017 04 05 17 50 999 99.0 99.0  2.12 12.90  6.64 227 9999.0 999.0 999.0 999.0 99.0 99.00
2017 04 05 18 50 999 99.0 99.0  2.00 12.90  6.31 240 9999.0 999.0 999.0 999.0 99.0 99.00
2017 04 05 19 50 999 99.0 99.0  1.94 12.12  6.15 242 9999.0 999.0 999.0 999.0 99.0 99.00
2017 04 05 20 50 999 99.0 99.0  2.00 12.90  6.25 235 9999.0 999.0 999.0 999.0 99.0 99.00
2017 04 05 21 50 999 99.0 99.0  2.08 12.12  6.35 228 9999.0 999.0 999.0 999.0 99.0 99.00
2017 04 05 22 50 999 99.0 99.0  2.01 12.12  6.21 221 9999.0 999.0 999.0 999.0 99.0 99.00
2017 04 05 23 50 999 99.0 99.0  2.06 12.90  6.23 231 9999.0 999.0 999.0 999.0 99.0 99.00
2017 04 06 00 50 999 99.0 99.0  2.07 12.12  6.16 225 9999.0 999.0 999.0 999.0 99.0 99.00
2017 04 06 01 50 999 99.0 99.0  2.06 12.12  6.30 217 9999.0 999.0 999.0 999.0 99.0 99.00
2017 04 06 02 50 999 99.0 99.0  2.12 12.12  6.13 216 9999.0 999.0 999.0 999.0 99.0 99.00
2017 04 06 03 50 999 99.0 99.0  2.07 12.90  5.96 233 9999.0 999.0 999.0 999.0 99.0 99.00
2017 04 06 04 50 999 99.0 99.0  1.95 12.12  6.04 225 9999.0 999.0 999.0 999.0 99.0 99.00
2017 04 06 05 50 999 99.0 99.0  1.96 12.90  6.15 208 9999.0 999.0 999.0 999.0 99.0 99.00
2017 04 06 06 50 999 99.0 99.0  2.10 12.12  6.64 225 9999.0 999.0 999.0 999.0 99.0 99.00
2017 04 06 07 50 999 99.0 99.0  2.05 12.12  6.03 216 9999.0 999.0 999.0 999.0 99.0 99.00
2017 04 06 08 50 999 99.0 99.0  2.00 12.90  6.39 215 9999.0 999.0 999.0 999.0 99.0 99.00
2017 04 06 09 50 999 99.0 99.0  1.86 11.43  6.08 224 9999.0 999.0 999.0 999.0 99.0 99.00
2017 04 06 10 50 999 99.0 99.0  2.07  7.14  5.98 131 9999.0 999.0 999.0 999.0 99.0 99.00
2017 04 06 11 50 999 99.0 99.0  1.98  6.67  6.11 136 9999.0 999.0 999.0 999.0 99.0 99.00
2017 04 06 12 50 999 99.0 99.0  2.17 11.43  6.13 227 9999.0 999.0 999.0 999.0 99.0 99.00
2017 04 06 13 50 999 99.0 99.0  2.12  7.14  6.02 138 9999.0 999.0 999.0 999.0 99.0 99.00
2017 04 06 14 50 999 99.0 99.0  1.94 12.12  5.88 221 9999.0 999.0 999.0 999.0 99.0 99.00
2017 04 06 15 50 999 99.0 99.0  2.02  6.25  5.75 124 9999.0 999.0 999.0 999.0 99.0 99.00
2017 04 06 16 50 999 99.0 99.0  2.08  6.67  6.12 134 9999.0 999.0 999.0 999.0 99.0 99.00
2017 04 06 17 50 999 99.0 99.0  2.03  6.67  5.88 123 9999.0 999.0 999.0 999.0 99.0 99.00
2017 04 06 18 50 999 99.0 99.0  2.05  6.67  5.94 129 9999.0 999.0 999.0 999.0 99.0 99.00
2017 04 06 19 50 999 99.0 99.0  1.88  6.67  5.75 132 9999.0 999.0 999.0 999.0 99.0 99.00
2017 04 06 20 50 999 99.0 99.0  1.91  6.67  5.87 131 9999.0 999.0 999.0 999.0 99.0 99.00
2017 04 06 21 50 999 99.0 99.0  2.02 12.90  6.13 229 9999.0 999.0 999.0 999.0 99.0 99.00
2017 04 06 22 50 999 99.0 99.0  1.98 17.39  6.16 186 9999.0 999.0 999.0 999.0 99.0 99.00
2017 04 06 23 50 999 99.0 99.0  2.02  7.14  6.10 131 9999.0 999.0 999.0 999.0 99.0 99.00
2017 04 07 00 50 999 99.0 99.0  1.96  6.67  6.17 130 9999.0 999.0 999.0 999.0 99.0 99.00
2017 04 07 01 50 999 99.0 99.0  2.01  7.69  6.26 123 9999.0 999.0 999.0 999.0 99.0 99.00
2017 04 07 02 50 999 99.0 99.0  2.02 11.43  6.05 199 9999.0 999.0 999.0 999.0 99.0 99.00
2017 04 07 03 50 999 99.0 99.0  2.04 19.05  6.10 226 9999.0 999.0 999.0 999.0 99.0 99.00
2017 04 07 04 50 999 99.0 99.0  2.03  6.67  6.07 133 9999.0 999.0 999.0 999.0 99.0 99.00
2017 04 07 05 50 999 99.0 99.0  2.09  7.69  5.95 126 9999.0 999.0 999.0 999.0 99.0 99.00
2017 04 07 06 50 999 99.0 99.0  2.24 17.39  6.28 195 9999.0 999.0 999.0 999.0 99.0 99.00
2017 04 07 07 50 999 99.0 99.0  2.26 17.39  6.44 209 9999.0 999.0 999.0 999.0 99.0 99.00
2017 04 07 08 50 999 99.0 99.0  2.23 17.39  6.54 217 9999.0 999.0 999.0 999.0 99.0 99.00
2017 04 07 09 50 999 99.0 99.0  2.12 17.39  6.37 217 9999.0 999.0 999.0 999.0 99.0 99.00
2017 04 07 10 50 999 99.0 99.0  2.24 17.39  6.17 207 9999.0 999.0 999.0 999.0 99.0 99.00
2017 04 07 11 50 999 99.0 99.0  2.10 16.00  5.88 211 9999.0 999.0 999.0 999.0 99.0 99.00
2017 04 07 12 50 999 99.0 99.0  2.15  6.25  5.92 140 9999.0 999.0 999.0 999.0 99.0 99.00
2017 04 07 13 50 999 99.0 99.0  2.28 17.39  6.24 212 9999.0 999.0 999.0 999.0 99.0 99.00
2017 04 07 14 50 999 99.0 99.0  2.18 17.39  6.28 235 9999.0 999.0 999.0 999.0 99.0 99.00
2017 04 07 15 50 999 99.0 99.0  2.37 17.39  6.33 236 9999.0 999.0 999.0 999.0 99.0 99.00
2017 04 07 16 50 999 99.0 99.0  2.22 16.00  6.42 239 9999.0 999.0 999.0 999.0 99.0 99.00
2017 04 07 17 50 999 99.0 99.0  2.36 17.39  6.49 196 9999.0 999.0 999.0 999.0 99.0 99.00
2017 04 07 18 50 999 99.0 99.0  2.37 16.00  6.60 232 9999.0 999.0 999.0 999.0 99.0 99.00
2017 04 07 19 50 999 99.0 99.0  2.39 16.00  6.76 220 9999.0 999.0 999.0 999.0 99.0 99.00
2017 04 07 20 50 999 99.0 99.0  2.11 16.00  6.67 237 9999.0 999.0 999.0 999.0 99.0 99.00
2017 04 07 21 50 999 99.0 99.0  2.29 16.00  7.03 231 9999.0 999.0 999.0 999.0 99.0 99.00
2017 04 07 22 50 999 99.0 99.0  2.34 16.00  7.19 233 9999.0 999.0 999.0 999.0 99.0 99.00
2017 04 07 23 50 999 99.0 99.0  2.23 16.00  6.87 227 9999.0 999.0 999.0 999.0 99.0 99.00
2017 04 08 00 50 999 99.0 99.0  2.26 14.81  6.82 229 9999.0 999.0 999.0 999.0 99.0 99.00
2017 04 08 01 50 999 99.0 99.0  2.22 16.00  6.53 216 9999.0 999.0 999.0 999.0 99.0 99.00
2017 04 08 02 50 999 99.0 99.0  2.26 16.00  6.86 227 9999.0 999.0 999.0 999.0 99.0 99.00
2017 04 08 03 50 999 99.0 99.0  2.19 16.00  6.60 211 9999.0 999.0 999.0 999.0 99.0 99.00
2017 04 08 04 50 999 99.0 99.0  2.37 16.00  6.73 229 9999.0 999.0 999.0 999.0 99.0 99.00
2017 04 08 05 50 999 99.0 99.0  2.14 16.00  6.69 211 9999.0 999.0 999.0 999.0 99.0 99.00
2017 04 08 06 50 999 99.0 99.0  2.45 16.00  6.97 227 9999.0 999.0 999.0 999.0 99.0 99.00
2017 04 08 07 50 999 99.0 99.0  2.41 14.81  6.78 230 9999.0 999.0 999.0 999.0 99.0 99.00
2017 04 08 08 50 999 99.0 99.0  2.32 16.00  6.77 228 9999.0 999.0 999.0 999.0 99.0 99.00
2017 04 08 09 50 999 99.0 99.0  2.33 14.81  6.81 215 9999.0 999.0 999.0 999.0 99.0 99.00
2017 04 08 10 50 999 99.0 99.0  2.22 14.81  6.41 234 9999.0 999.0 999.0 999.0 99.0 99.00
2017 04 08 11 50 999 99.0 99.0  2.22 14.81  7.09 230 9999.0 999.0 999.0 999.0 99.0 99.00
2017 04 08 12 50 999 99.0 99.0  2.36 13.79  7.02 225 9999.0 999.0 999.0 999.0 99.0 99.00
2017 04 08 13 50 999 99.0 99.0  2.38 14.81  6.76 240 9999.0 999.0 999.0 999.0 99.0 99.00
2017 04 08 14 50 999 99.0 99.0  2.29 17.39  6.99 305 9999.0 999.0 999.0 999.0 99.0 99.00
2017 04 08 15 50 999 99.0 99.0  2.44 16.00  6.85 220 9999.0 999.0 999.0 999.0 99.0 99.00
2017 04 08 17 50 999 99.0 99.0  2.26 16.00  6.90 257 9999.0 999.0 999.0 999.0 99.0 99.00
2017 04 08 18 50 999 99.0 99.0  2.34 14.81  6.84 219 9999.0 999.0 999.0 999.0 99.0 99.00
2017 04 08 19 50 999 99.0 99.0  2.26 16.00  6.72 259 9999.0 999.0 999.0 999.0 99.0 99.00
2017 04 08 20 50 999 99.0 99.0  2.33 13.79  7.30 225 9999.0 999.0 999.0 999.0 99.0 99.00
2017 04 08 21 50 999 99.0 99.0  2.07 14.81  6.84 229 9999.0 999.0 999.0 999.0 99.0 99.00
2017 04 08 22 50 999 99.0 99.0  2.09 12.90  6.83 228 9999.0 999.0 999.0 999.0 99.0 99.00
2017 04 08 23 50 999 99.0 99.0  2.23 13.79  7.25 229 9999.0 999.0 999.0 999.0 99.0 99.00
2017 04 09 00 50 999 99.0 99.0  2.18 13.79  7.05 229 9999.0 999.0 999.0 999.0 99.0 99.00
2017 04 09 01 50 999 99.0 99.0  2.01 13.79  6.54 230 9999.0 999.0 999.0 999.0 99.0 99.00
2017 04 09 02 50 999 99.0 99.0  2.31 13.79  6.67 227 9999.0 999.0 999.0 999.0 99.0 99.00
2017 04 09 03 50 999 99.0 99.0  2.17 12.12  6.51 220 9999.0 999.0 999.0 999.0 99.0 99.00
2017 04 09 04 50 999 99.0 99.0  2.18 13.79  6.58 221 9999.0 999.0 999.0 999.0 99.0 99.00
2017 04 09 05 50 999 99.0 99.0  2.32 12.90  6.84 231 9999.0 999.0 999.0 999.0 99.0 99.00
2017 04 09 06 50 999 99.0 99.0  2.38 12.90  6.87 227 9999.0 999.0 999.0 999.0 99.0 99.00
2017 04 09 07 50 999 99.0 99.0  2.59 12.12  6.76 220 9999.0 999.0 999.0 999.0 99.0 99.00
2017 04 09 08 50 999 99.0 99.0  2.55  8.33  6.80 178 9999.0 999.0 999.0 999.0 99.0 99.00
2017 04 09 09 50 999 99.0 99.0  2.67 12.90  6.70 212 9999.0 999.0 999.0 999.0 99.0 99.00
2017 04 09 10 50 999 99.0 99.0  2.56  7.69  6.51 160 9999.0 999.0 999.0 999.0 99.0 99.00
2017 04 09 11 50 999 99.0 99.0  2.78 12.90  6.47 231 9999.0 999.0 999.0 999.0 99.0 99.00
2017 04 09 12 50 999 99.0 99.0  2.52  7.69  6.79 159 9999.0 999.0 999.0 999.0 99.0 99.00
2017 04 09 13 50 999 99.0 99.0  2.51  8.33  6.69 165 9999.0 999.0 999.0 999.0 99.0 99.00
2017 04 09 14 50 999 99.0 99.0  2.42  7.69  6.73 157 9999.0 999.0 999.0 999.0 99.0 99.00
2017 04 09 15 50 999 99.0 99.0  2.49 11.43  6.73 203 9999.0 999.0 999.0 999.0 99.0 99.00
2017 04 09 16 50 999 99.0 99.0  2.58  7.14  6.57 146 9999.0 999.0 999.0 999.0 99.0 99.00
2017 04 09 17 50 999 99.0 99.0  2.44 12.12  6.62 221 9999.0 999.0 999.0 999.0 99.0 99.00
2017 04 09 18 50 999 99.0 99.0  2.58  7.14  6.59 143 9999.0 999.0 999.0 999.0 99.0 99.00
2017 04 09 19 50 999 99.0 99.0  2.29  7.14  6.67 136 9999.0 999.0 999.0 999.0 99.0 99.00
2017 04 09 20 50 999 99.0 99.0  2.51  8.33  6.69 171 9999.0 999.0 999.0 999.0 99.0 99.00
2017 04 09 21 50 999 99.0 99.0  2.25  7.69  6.35 166 9999.0 999.0 999.0 999.0 99.0 99.00
2017 04 09 22 50 999 99.0 99.0  2.33 12.12  6.60 231 9999.0 999.0 999.0 999.0 99.0 99.00
2017 04 09 23 50 999 99.0 99.0  2.30 10.81  6.38 203 9999.0 999.0 999.0 999.0 99.0 99.00
2017 04 10 00 50 999 99.0 99.0  2.27  8.33  6.63 168 9999.0 999.0 999.0 999.0 99.0 99.00
2017 04 10 01 50 999 99.0 99.0  2.24  7.14  6.69 147 9999.0 999.0 999.0 999.0 99.0 99.00
2017 04 10 02 50 999 99.0 99.0  2.21  7.69  6.47 160 9999.0 999.0 999.0 999.0 99.0 99.00
2017 04 10 03 50 999 99.0 99.0  2.05  7.69  6.31 152 9999.0 999.0 999.0 999.0 99.0 99.00
2017 04 10 04 50 999 99.0 99.0  2.08  8.33  6.41 171 9999.0 999.0 999.0 999.0 99.0 99.00
2017 04 10 05 50 999 99.0 99.0  1.99  7.69  6.12 164 9999.0 999.0 999.0 999.0 99.0 99.00
2017 04 10 06 50 999 99.0 99.0  2.10  7.69  6.45 158 9999.0 999.0 999.0 999.0 99.0 99.00
2017 04 10 07 50 999 99.0 99.0  2.01  7.69  6.38 160 9999.0 999.0 999.0 999.0 99.0 99.00
2017 04 10 08 50 999 99.0 99.0  2.00 16.00  6.25 300 9999.0 999.0 999.0 999.0 99.0 99.00
2017 04 10 09 50 999 99.0 99.0  2.03  7.14  6.36 152 9999.0 999.0 999.0 999.0 99.0 99.00
2017 04 10 10 50 999 99.0 99.0  1.92 16.00  6.60 332 9999.0 999.0 999.0 999.0 99.0 99.00
2017 04 10 11 50 999 99.0 99.0  1.89 16.00  6.49 295 9999.0 999.0 999.0 999.0 99.0 99.00
2017 04 10 12 50 999 99.0 99.0  1.78 16.00  6.47 305 9999.0 999.0 999.0 999.0 99.0 99.00
2017 04 10 13 50 999 99.0 99.0  1.65  7.69  6.30 160 9999.0 999.0 999.0 999.0 99.0 99.00
2017 04 10 14 50 999 99.0 99.0  1.85  7.14  6.23 158 9999.0 999.0 999.0 999.0 99.0 99.00
2017 04 10 15 50 999 99.0 99.0  1.75  7.14  6.21 156 9999.0 999.0 999.0 999.0 99.0 99.00
2017 04 10 16 50 999 99.0 99.0  1.75  6.67  5.97 153 9999.0 999.0 999.0 999.0 99.0 99.00
2017 04 10 17 50 999 99.0 99.0  1.84  6.67  6.06 150 9999.0 999.0 999.0 999.0 99.0 99.00
2017 04 10 18 50 999 99.0 99.0  1.90  6.67  6.09 145 9999.0 999.0 999.0 999.0 99.0 99.00
2017 04 10 19 50 999 99.0 99.0  1.76 14.81  6.21 269 9999.0 999.0 999.0 999.0 99.0 99.00
2017 04 10 20 50 999 99.0 99.0  1.81  7.69  6.28 160 9999.0 999.0 999.0 999.0 99.0 99.00
2017 04 10 21 50 999 99.0 99.0  1.80  7.14  6.38 150 9999.0 999.0 999.0 999.0 99.0 99.00
2017 04 10 22 50 999 99.0 99.0  1.89  8.33  6.29 162 9999.0 999.0 999.0 999.0 99.0 99.00
2017 04 10 23 50 999 99.0 99.0  1.79 14.81  6.18 238 9999.0 999.0 999.0 999.0 99.0 99.00
2017 04 11 00 50 999 99.0 99.0  1.74 14.81  6.11 284 9999.0 999.0 999.0 999.0 99.0 99.00
2017 04 11 01 50 999 99.0 99.0  1.81 14.81  6.13 292 9999.0 999.0 999.0 999.0 99.0 99.00
2017 04 11 02 50 999 99.0 99.0  1.77 14.81  6.26 270 9999.0 999.0 999.0 999.0 99.0 99.00
2017 04 11 03 50 999 99.0 99.0  1.74 13.79  6.29 221 9999.0 999.0 999.0 999.0 99.0 99.00
2017 04 11 04 50 999 99.0 99.0  1.77 14.81  6.35 262 9999.0 999.0 999.0 999.0 99.0 99.00
2017 04 11 05 50 999 99.0 99.0  1.50 16.00  5.90 239 9999.0 999.0 999.0 999.0 99.0 99.00
2017 04 11 06 50 999 99.0 99.0  1.74 13.79  6.47 256 9999.0 999.0 999.0 999.0 99.0 99.00
2017 04 11 07 50 999 99.0 99.0  1.95 13.79  6.80 239 9999.0 999.0 999.0 999.0 99.0 99.00
2017 04 11 08 50 999 99.0 99.0  1.73 14.81  6.77 244 9999.0 999.0 999.0 999.0 99.0 99.00
2017 04 11 09 50 999 99.0 99.0  1.75 12.90  6.74 216 9999.0 999.0 999.0 999.0 99.0 99.00
2017 04 11 10 50 999 99.0 99.0  1.70 13.79  6.82 232 9999.0 999.0 999.0 999.0 99.0 99.00
2017 04 11 11 50 999 99.0 99.0  1.71 14.81  6.85 245 9999.0 999.0 999.0 999.0 99.0 99.00
2017 04 11 12 50 999 99.0 99.0  1.73 13.79  6.98 234 9999.0 999.0 999.0 999.0 99.0 99.00
2017 04 11 13 50 999 99.0 99.0  1.74 13.79  7.24 252 9999.0 999.0 999.0 999.0 99.0 99.00
2017 04 11 14 50 999 99.0 99.0  1.72 14.81  7.32 220 9999.0 999.0 999.0 999.0 99.0 99.00
2017 04 11 15 50 999 99.0 99.0  1.71 14.81  7.67 249 9999.0 999.0 999.0 999.0 99.0 99.00
2017 04 11 16 50 999 99.0 99.0  1.62 12.90  7.22 239 9999.0 999.0 999.0 999.0 99.0 99.00
2017 04 11 18 50 999 99.0 99.0  1.74 13.79  7.40 258 9999.0 999.0 999.0 999.0 99.0 99.00
2017 04 11 19 50 999 99.0 99.0  1.82 13.79  7.58 227 9999.0 999.0 999.0 999.0 99.0 99.00
2017 04 11 20 50 999 99.0 99.0  1.69 12.90  7.37 219 9999.0 999.0 999.0 999.0 99.0 99.00
2017 04 11 21 50 999 99.0 99.0  1.77 14.81  7.76 230 9999.0 999.0 999.0 999.0 99.0 99.00
2017 04 11 22 50 999 99.0 99.0  1.62 12.90  7.28 213 9999.0 999.0 999.0 999.0 99.0 99.00
2017 04 11 23 50 999 99.0 99.0  1.76 13.79  7.98 233 9999.0 999.0 999.0 999.0 99.0 99.00
2017 04 12 00 50 999 99.0 99.0  1.63 12.12  7.77 225 9999.0 999.0 999.0 999.0 99.0 99.00
2017 04 12 01 50 999 99.0 99.0  1.75 13.79  8.39 227 9999.0 999.0 999.0 999.0 99.0 99.00
2017 04 12 02 50 999 99.0 99.0  1.58 13.79  8.28 241 9999.0 999.0 999.0 999.0 99.0 99.00
2017 04 12 03 50 999 99.0 99.0  1.62 13.79  8.56 228 9999.0 999.0 999.0 999.0 99.0 99.00
2017 04 12 04 50 999 99.0 99.0  1.54 12.90  8.10 223 9999.0 999.0 999.0 999.0 99.0 99.00
2017 04 12 05 50 999 99.0 99.0  1.65 11.43  8.61 222 9999.0 999.0 999.0 999.0 99.0 99.00
2017 04 12 06 50 999 99.0 99.0  1.77 13.79  8.69 229 9999.0 999.0 999.0 999.0 99.0 99.00
2017 04 12 07 50 999 99.0 99.0  1.65 13.79  8.35 245 9999.0 999.0 999.0 999.0 99.0 99.00
2017 04 12 08 50 999 99.0 99.0  1.56 12.90  8.18 220 9999.0 999.0 999.0 999.0 99.0 99.00
2017 04 12 09 50 999 99.0 99.0  1.58 12.90  8.23 226 9999.0 999.0 999.0 999.0 99.0 99.00
2017 04 12 10 50 999 99.0 99.0  1.51 13.79  7.71 234 9999.0 999.0 999.0 999.0 99.0 99.00
2017 04 12 11 50 999 99.0 99.0  1.49 12.90  7.41 224 9999.0 999.0 999.0 999.0 99.0 99.00
2017 04 12 12 50 999 99.0 99.0  1.59 12.12  7.71 224 9999.0 999.0 999.0 999.0 99.0 99.00
2017 04 12 13 50 999 99.0 99.0  1.59 12.90  7.64 242 9999.0 999.0 999.0 999.0 99.0 99.00
2017 04 12 14 50 999 99.0 99.0  1.57 13.79  7.85 239 9999.0 999.0 999.0 999.0 99.0 99.00
2017 04 12 15 50 999 99.0 99.0  1.37 12.90  7.48 257 9999.0 999.0 999.0 999.0 99.0 99.00
2017 04 12 16 50 999 99.0 99.0  1.52 12.90  7.85 245 9999.0 999.0 999.0 999.0 99.0 99.00
2017 04 12 17 50 999 99.0 99.0  1.52 12.12  8.34 226 9999.0 999.0 999.0 999.0 99.0 99.00
2017 04 12 18 50 999 99.0 99.0  1.41 12.90  7.59 217 9999.0 999.0 999.0 999.0 99.0 99.00
2017 04 12 19 50 999 99.0 99.0  1.45 13.79  7.95 236 9999.0 999.0 999.0 999.0 99.0 99.00
2017 04 12 20 50 999 99.0 99.0  1.40 13.79  8.00 226 9999.0 999.0 999.0 999.0 99.0 99.00
2017 04 12 21 50 999 99.0 99.0  1.34 12.12  7.65 214 9999.0 999.0 999.0 999.0 99.0 99.00
2017 04 12 22 50 999 99.0 99.0  1.30 12.90  7.53 234 9999.0 999.0 999.0 999.0 99.0 99.00
2017 04 12 23 50 999 99.0 99.0  1.31 13.79  7.55 228 9999.0 999.0 999.0 999.0 99.0 99.00
2017 04 13 00 50 999 99.0 99.0  1.40 12.90  7.89 235 9999.0 999.0 999.0 999.0 99.0 99.00
2017 04 13 01 50 999 99.0 99.0  1.31 12.90  7.91 248 9999.0 999.0 999.0 999.0 99.0 99.00
2017 04 13 02 50 999 99.0 99.0  1.33 13.79  8.07 224 9999.0 999.0 999.0 999.0 99.0 99.00
2017 04 13 03 50 999 99.0 99.0  1.48 12.90  8.63 221 9999.0 999.0 999.0 999.0 99.0 99.00
2017 04 13 04 50 999 99.0 99.0  1.37 12.90  8.20 231 9999.0 999.0 999.0 999.0 99.0 99.00
2017 04 13 05 50 999 99.0 99.0  1.54 13.79  9.17 225 9999.0 999.0 999.0 999.0 99.0 99.00
2017 04 13 06 50 999 99.0 99.0  1.74 12.90  8.92 228 9999.0 999.0 999.0 999.0 99.0 99.00
2017 04 13 07 50 999 99.0 99.0  1.64 12.90  8.71 211 9999.0 999.0 999.0 999.0 99.0 99.00
2017 04 13 08 50 999 99.0 99.0  1.64 12.12  8.32 214 9999.0 999.0 999.0 999.0 99.0 99.00
2017 04 13 09 50 999 99.0 99.0  1.69 12.90  8.08 215 9999.0 999.0 999.0 999.0 99.0 99.00
2017 04 13 10 50 999 99.0 99.0  1.70 12.12  8.52 214 9999.0 999.0 999.0 999.0 99.0 99.00
2017 04 13 11 50 999 99.0 99.0  1.81 12.12  8.88 217 9999.0 999.0 999.0 999.0 99.0 99.00
2017 04 13 12 50 999 99.0 99.0  1.89 13.79  9.20 226 9999.0 999.0 999.0 999.0 99.0 99.00
2017 04 13 13 50 999 99.0 99.0  1.93 12.12  9.23 212 9999.0 999.0 999.0 999.0 99.0 99.00
2017 04 13 14 50 999 99.0 99.0  2.04 13.79  9.82 223 9999.0 999.0 999.0 999.0 99.0 99.00
2017 04 13 15 50 999 99.0 99.0  1.79 12.90  9.53 219 9999.0 999.0 999.0 999.0 99.0 99.00
2017 04 13 16 50 999 99.0 99.0  1.98 12.12  9.47 211 9999.0 999.0 999.0 999.0 99.0 99.00
2017 04 13 17 50 999 99.0 99.0  2.10 12.90 10.07 216 9999.0 999.0 999.0 999.0 99.0 99.00
2017 04 13 18 50 999 99.0 99.0  1.82 12.90  9.38 217 9999.0 999.0 999.0 999.0 99.0 99.00
2017 04 13 19 50 999 99.0 99.0  2.22 12.12  9.47 217 9999.0 999.0 999.0 999.0 99.0 99.00
2017 04 13 20 50 999 99.0 99.0  2.00 10.81  9.15 212 9999.0 999.0 999.0 999.0 99.0 99.00
2017 04 13 21 50 999 99.0 99.0  2.00 10.00  9.19 215 9999.0 999.0 999.0 999.0 99.0 99.00
2017 04 13 22 50 999 99.0 99.0  1.86 12.90  9.34 224 9999.0 999.0 999.0 999.0 99.0 99.00
2017 04 13 23 50 999 99.0 99.0  1.86 12.90  9.38 220 9999.0 999.0 999.0 999.0 99.0 99.00
2017 04 14 00 50 999 99.0 99.0  1.96 12.12  9.69 210 9999.0 999.0 999.0 999.0 99.0 99.00
2017 04 14 01 50 999 99.0 99.0  1.82 12.90  9.46 224 9999.0 999.0 999.0 999.0 99.0 99.00
2017 04 14 02 50 999 99.0 99.0  2.01 12.12  9.43 219 9999.0 999.0 999.0 999.0 99.0 99.00
2017 04 14 03 50 999 99.0 99.0  1.61 10.81  8.91 205 9999.0 999.0 999.0 999.0 99.0 99.00
2017 04 14 04 50 999 99.0 99.0  1.67 12.12  9.06 216 9999.0 999.0 999.0 999.0 99.0 99.00
2017 04 14 05 50 999 99.0 99.0  1.67 12.12  8.71 217 9999.0 999.0 999.0 999.0 99.0 99.00
2017 04 14 06 50 999 99.0 99.0  1.66 19.05  8.31 223 9999.0 999.0 999.0 999.0 99.0 99.00
2017 04 14 07 50 999 99.0 99.0  1.83 19.05  9.16 226 9999.0 999.0 999.0 999.0 99.0 99.00
2017 04 14 08 50 999 99.0 99.0  1.64 19.05  8.28 219 9999.0 999.0 999.0 999.0 99.0 99.00
2017 04 14 09 50 999 99.0 99.0  1.75 19.05  8.02 203 9999.0 999.0 999.0 999.0 99.0 99.00
2017 04 14 10 50 999 99.0 99.0  1.74 10.81  7.24 210 9999.0 999.0 999.0 999.0 99.0 99.00
2017 04 14 11 50 999 99.0 99.0  1.73 19.05  7.39 192 9999.0 999.0 999.0 999.0 99.0 99.00
2017 04 14 12 50 999 99.0 99.0  1.60 11.43  7.38 212 9999.0 999.0 999.0 999.0 99.0 99.00
2017 04 14 13 50 999 99.0 99.0  1.94 19.05  8.11 220 9999.0 999.0 999.0 999.0 99.0 99.00
2017 04 14 14 50 999 99.0 99.0  1.89 19.05  7.80 222 9999.0 999.0 999.0 999.0 99.0 99.00
2017 04 14 15 50 999 99.0 99.0  1.64 19.05  7.67 201 9999.0 999.0 999.0 999.0 99.0 99.00
2017 04 14 16 50 999 99.0 99.0  1.78 17.39  8.27 210 9999.0 999.0 999.0 999.0 99.0 99.00
2017 04 14 18 50 999 99.0 99.0  1.80 17.39  7.64 220 9999.0 999.0 999.0 999.0 99.0 99.00
2017 04 14 19 50 999 99.0 99.0  1.87 17.39  7.76 209 9999.0 999.0 999.0 999.0 99.0 99.00
2017 04 14 20 50 999 99.0 99.0  1.75 17.39  7.51 221 9999.0 999.0 999.0 999.0 99.0 99.00
2017 04 14 21 50 999 99.0 99.0  1.70 17.39  7.57 221 9999.0 999.0 999.0 999.0 99.0 99.00
2017 04 14 22 50 999 99.0 99.0  1.66 17.39  7.41 200 9999.0 999.0 999.0 999.0 99.0 99.00
2017 04 14 23 50 999 99.0 99.0  1.86 17.39  8.04 209 9999.0 999.0 999.0 999.0 99.0 99.00
2017 04 15 00 50 999 99.0 99.0  1.79 17.39  8.00 213 9999.0 999.0 999.0 999.0 99.0 99.00
2017 04 15 01 50 999 99.0 99.0  1.61 17.39  7.66 198 9999.0 999.0 999.0 999.0 99.0 99.00
2017 04 15 02 50 999 99.0 99.0  1.74 10.00  7.50 175 9999.0 999.0 999.0 999.0 99.0 99.00
2017 04 15 03 50 999 99.0 99.0  1.86 17.39  7.83 220 9999.0 999.0 999.0 999.0 99.0 99.00
2017 04 15 04 50 999 99.0 99.0  1.85 17.39  7.78 236 9999.0 999.0 999.0 999.0 99.0 99.00
2017 04 15 05 50 999 99.0 99.0  1.97 10.81  7.85 186 9999.0 999.0 999.0 999.0 99.0 99.00
2017 04 15 06 50 999 99.0 99.0  1.80 17.39  7.46 212 9999.0 999.0 999.0 999.0 99.0 99.00
2017 04 15 07 50 999 99.0 99.0  1.85 16.00  7.45 221 9999.0 999.0 999.0 999.0 99.0 99.00
2017 04 15 08 50 999 99.0 99.0  2.12 16.00  7.66 213 9999.0 999.0 999.0 999.0 99.0 99.00
2017 04 15 09 50 999 99.0 99.0  1.80 16.00  7.01 223 9999.0 999.0 999.0 999.0 99.0 99.00
2017 04 15 10 50 999 99.0 99.0  1.82 16.00  7.19 224 9999.0 999.0 999.0 999.0 99.0 99.00
2017 04 15 11 50 999 99.0 99.0  1.70  9.09  6.57 176 9999.0 999.0 999.0 999.0 99.0 99.00
2017 04 15 12 50 999 99.0 99.0  1.81 16.00  6.92 231 9999.0 999.0 999.0 999.0 99.0 99.00
2017 04 15 13 50 999 99.0 99.0  1.86 16.00  7.31 215 9999.0 999.0 999.0 999.0 99.0 99.00
2017 04 15 14 50 999 99.0 99.0  1.69 16.00  7.04 227 9999.0 999.0 999.0 999.0 99.0 99.00
2017 04 15 15 50 999 99.0 99.0  1.64 17.39  6.38 230 9999.0 999.0 999.0 999.0 99.0 99.00
2017 04 15 16 50 999 99.0 99.0  1.55 16.00  6.35 200 9999.0 999.0 999.0 999.0 99.0 99.00
2017 04 15 17 50 999 99.0 99.0  1.69 16.00  7.14 209 9999.0 999.0 999.0 999.0 99.0 99.00
2017 04 15 18 50 999 99.0 99.0  1.65 16.00  6.85 250 9999.0 999.0 999.0 999.0 99.0 99.00
2017 04 15 19 50 999 99.0 99.0  1.70 16.00  6.97 217 9999.0 999.0 999.0 999.0 99.0 99.00
2017 04 15 20 50 999 99.0 99.0  1.72 16.00  7.11 211 9999.0 999.0 999.0 999.0 99.0 99.00
2017 04 15 21 50 999 99.0 99.0  1.65 16.00  6.97 209 9999.0 999.0 999.0 999.0 99.0 99.00
2017 04 15 22 50 999 99.0 99.0  1.72 16.00  6.99 221 9999.0 999.0 999.0 999.0 99.0 99.00
2017 04 15 23 50 999 99.0 99.0  1.69 16.00  6.60 198 9999.0 999.0 999.0 999.0 99.0 99.00
2017 04 16 00 50 999 99.0 99.0  1.77 16.00  6.97 222 9999.0 999.0 999.0 999.0 99.0 99.00
2017 04 16 01 50 999 99.0 99.0  1.86 16.00  7.38 217 9999.0 999.0 999.0 999.0 99.0 99.00
2017 04 16 02 50 999 99.0 99.0  1.77 14.81  7.27 225 9999.0 999.0 999.0 999.0 99.0 99.00
2017 04 16 03 50 999 99.0 99.0  1.57 13.79  7.08 232 9999.0 999.0 999.0 999.0 99.0 99.00
2017 04 16 04 50 999 99.0 99.0  1.70 16.00  7.08 240 9999.0 999.0 999.0 999.0 99.0 99.00
2017 04 16 05 50 999 99.0 99.0  1.77 16.00  7.17 205 9999.0 999.0 999.0 999.0 99.0 99.00
2017 04 16 06 50 999 99.0 99.0  1.77 16.00  7.47 220 9999.0 999.0 999.0 999.0 99.0 99.00
2017 04 16 07 50 999 99.0 99.0  1.71 14.81  6.75 222 9999.0 999.0 999.0 999.0 99.0 99.00
2017 04 16 08 50 999 99.0 99.0  1.60 13.79  6.55 228 9999.0 999.0 999.0 999.0 99.0 99.00
2017 04 16 09 50 999 99.0 99.0  1.76 14.81  6.94 220 9999.0 999.0 999.0 999.0 99.0 99.00
2017 04 16 10 50 999 99.0 99.0  1.69 14.81  6.67 217 9999.0 999.0 999.0 999.0 99.0 99.00
2017 04 16 11 50 999 99.0 99.0  1.79 16.00  6.93 200 9999.0 999.0 999.0 999.0 99.0 99.00
2017 04 16 12 50 999 99.0 99.0  1.65 13.79  6.73 173 9999.0 999.0 999.0 999.0 99.0 99.00
2017 04 16 13 50 999 99.0 99.0  1.72 16.00  7.20 230 9999.0 999.0 999.0 999.0 99.0 99.00
2017 04 16 14 50 999 99.0 99.0  1.80 13.79  6.75 220 9999.0 999.0 999.0 999.0 99.0 99.00
2017 04 16 15 50 999 99.0 99.0  1.69 14.81  6.37 219 9999.0 999.0 999.0 999.0 99.0 99.00
2017 04 16 16 50 999 99.0 99.0  1.56 14.81  6.54 227 9999.0 999.0 999.0 999.0 99.0 99.00
2017 04 16 17 50 999 99.0 99.0  1.78 16.00  7.20 219 9999.0 999.0 999.0 999.0 99.0 99.00
2017 04 16 18 50 999 99.0 99.0  1.80 14.81  7.57 222 9999.0 999.0 999.0 999.0 99.0 99.00
2017 04 16 19 50 999 99.0 99.0  1.78 14.81  7.40 225 9999.0 999.0 999.0 999.0 99.0 99.00
2017 04 16 20 50 999 99.0 99.0  1.65 14.81  7.03 222 9999.0 999.0 999.0 999.0 99.0 99.00
2017 04 16 21 50 999 99.0 99.0  1.79 14.81  7.70 223 9999.0 999.0 999.0 999.0 99.0 99.00
2017 04 16 22 50 999 99.0 99.0  1.75 14.81  7.20 218 9999.0 999.0 999.0 999.0 99.0 99.00
2017 04 16 23 50 999 99.0 99.0  1.71 14.81  7.02 224 9999.0 999.0 999.0 999.0 99.0 99.00
2017 04 17 00 50 999 99.0 99.0  1.59 13.79  6.75 223 9999.0 999.0 999.0 999.0 99.0 99.00
2017 04 17 01 50 999 99.0 99.0  1.65 14.81  6.91 226 9999.0 999.0 999.0 999.0 99.0 99.00
2017 04 17 02 50 999 99.0 99.0  1.75 14.81  7.13 215 9999.0 999.0 999.0 999.0 99.0 99.00
2017 04 17 03 50 999 99.0 99.0  1.53 14.81  7.09 223 9999.0 999.0 999.0 999.0 99.0 99.00
2017 04 17 04 50 999 99.0 99.0  1.66 13.79  6.87 225 9999.0 999.0 999.0 999.0 99.0 99.00
2017 04 17 05 50 999 99.0 99.0  1.55 13.79  6.48 227 9999.0 999.0 999.0 999.0 99.0 99.00
2017 04 17 06 50 999 99.0 99.0  1.57 13.79  7.01 220 9999.0 999.0 999.0 999.0 99.0 99.00
2017 04 17 07 50 999 99.0 99.0  1.71 13.79  7.17 230 9999.0 999.0 999.0 999.0 99.0 99.00
2017 04 17 08 50 999 99.0 99.0  1.78 13.79  6.73 224 9999.0 999.0 999.0 999.0 99.0 99.00
2017 04 17 09 50 999 99.0 99.0  1.80 13.79  6.43 233 9999.0 999.0 999.0 999.0 99.0 99.00
2017 04 17 10 50 999 99.0 99.0  1.69 13.79  6.68 225 9999.0 999.0 999.0 999.0 99.0 99.00
2017 04 17 11 50 999 99.0 99.0  1.52 14.81  6.12 221 9999.0 999.0 999.0 999.0 99.0 99.00
2017 04 17 12 50 999 99.0 99.0  1.56 12.90  6.07 230 9999.0 999.0 999.0 999.0 99.0 99.00
2017 04 17 13 50 999 99.0 99.0  1.66 13.79  6.61 228 9999.0 999.0 999.0 999.0 99.0 99.00
2017 04 17 14 50 999 99.0 99.0  1.74 13.79  6.33 223 9999.0 999.0 999.0 999.0 99.0 99.00
2017 04 17 15 50 999 99.0 99.0  1.83 13.79  7.00 222 9999.0 999.0 999.0 999.0 99.0 99.00
2017 04 17 16 50 999 99.0 99.0  1.87 13.79  7.03 217 9999.0 999.0 999.0 999.0 99.0 99.00
2017 04 17 18 50 999 99.0 99.0  1.66 13.79  6.84 222 9999.0 999.0 999.0 999.0 99.0 99.00
2017 04 17 19 50 999 99.0 99.0  1.60 13.79  6.63 220 9999.0 999.0 999.0 999.0 99.0 99.00
2017 04 17 20 50 999 99.0 99.0  1.60 13.79  6.68 214 9999.0 999.0 999.0 999.0 99.0 99.00
2017 04 17 21 50 999 99.0 99.0  1.59 12.12  6.92 224 9999.0 999.0 999.0 999.0 99.0 99.00
2017 04 17 22 50 999 99.0 99.0  1.67 12.90  7.50 222 9999.0 999.0 999.0 999.0 99.0 99.00
2017 04 17 23 50 999 99.0 99.0  1.66 12.90  7.47 221 9999.0 999.0 999.0 999.0 99.0 99.00
2017 04 18 00 50 999 99.0 99.0  1.70 12.90  7.04 224 9999.0 999.0 999.0 999.0 99.0 99.00
2017 04 18 01 50 999 99.0 99.0  1.60 13.79  6.71 213 9999.0 999.0 999.0 999.0 99.0 99.00
2017 04 18 02 50 999 99.0 99.0  1.70 12.90  6.44 204 9999.0 999.0 999.0 999.0 99.0 99.00
2017 04 18 03 50 999 99.0 99.0  1.62 14.81  6.33 234 9999.0 999.0 999.0 999.0 99.0 99.00
2017 04 18 04 50 999 99.0 99.0  1.79 13.79  6.74 214 9999.0 999.0 999.0 999.0 99.0 99.00
2017 04 18 05 50 999 99.0 99.0  1.77 10.00  6.56 220 9999.0 999.0 999.0 999.0 99.0 99.00
2017 04 18 06 50 999 99.0 99.0  1.74 12.12  6.49 227 9999.0 999.0 999.0 999.0 99.0 99.00
2017 04 18 07 50 999 99.0 99.0  1.72 10.00  6.38 218 9999.0 999.0 999.0 999.0 99.0 99.00
2017 04 18 08 50 999 99.0 99.0  1.77 13.79  6.41 209 9999.0 999.0 999.0 999.0 99.0 99.00
2017 04 18 09 50 999 99.0 99.0  1.90 12.12  6.74 214 9999.0 999.0 999.0 999.0 99.0 99.00
2017 04 18 10 50 999 99.0 99.0  1.95 12.90  6.88 224 9999.0 999.0 999.0 999.0 99.0 99.00
2017 04 18 11 50 999 99.0 99.0  1.81 21.05  6.75 253 9999.0 999.0 999.0 999.0 99.0 99.00
2017 04 18 12 50 999 99.0 99.0  1.74 21.05  6.71 206 9999.0 999.0 999.0 999.0 99.0 99.00
2017 04 18 13 50 999 99.0 99.0  1.92 21.05  7.46 235 9999.0 999.0 999.0 999.0 99.0 99.00
2017 04 18 14 50 999 99.0 99.0  1.68 21.05  7.21 223 9999.0 999.0 999.0 999.0 99.0 99.00
2017 04 18 15 50 999 99.0 99.0  1.83 12.90  7.72 217 9999.0 999.0 999.0 999.0 99.0 99.00
2017 04 18 16 50 999 99.0 99.0  1.88 19.05  8.06 194 9999.0 999.0 999.0 999.0 99.0 99.00
2017 04 18 17 50 999 99.0 99.0  1.98 19.05  8.81 228 9999.0 999.0 999.0 999.0 99.0 99.00
2017 04 18 18 50 999 99.0 99.0  1.68 19.05  7.84 218 9999.0 999.0 999.0 999.0 99.0 99.00
2017 04 18 19 50 999 99.0 99.0  1.79 19.05  8.88 223 9999.0 999.0 999.0 999.0 99.0 99.00
2017 04 18 20 50 999 99.0 99.0  1.60 19.05  8.33 213 9999.0 999.0 999.0 999.0 99.0 99.00
2017 04 18 21 50 999 99.0 99.0  1.80 19.05  8.73 223 9999.0 999.0 999.0 999.0 99.0 99.00
2017 04 18 22 50 999 99.0 99.0  1.69 17.39  7.57 237 9999.0 999.0 999.0 999.0 99.0 99.00
2017 04 18 23 50 999 99.0 99.0  2.14 19.05  9.42 221 9999.0 999.0 999.0 999.0 99.0 99.00
2017 04 19 00 50 999 99.0 99.0  1.69 17.39  8.30 236 9999.0 999.0 999.0 999.0 99.0 99.00
2017 04 19 01 50 999 99.0 99.0  1.87 17.39  8.76 217 9999.0 999.0 999.0 999.0 99.0 99.00
2017 04 19 02 50 999 99.0 99.0  1.83 17.39  8.40 224 9999.0 999.0 999.0 999.0 99.0 99.00
2017 04 19 03 50 999 99.0 99.0  1.83 17.39  7.86 222 9999.0 999.0 999.0 999.0 99.0 99.00
2017 04 19 04 50 999 99.0 99.0  2.14 17.39  8.05 234 9999.0 999.0 999.0 999.0 99.0 99.00
2017 04 19 05 50 999 99.0 99.0  2.06 17.39  7.79 236 9999.0 999.0 999.0 999.0 99.0 99.00
2017 04 19 06 50 999 99.0 99.0  2.05 17.39  7.73 222 9999.0 999.0 999.0 999.0 99.0 99.00
2017 04 19 07 50 999 99.0 99.0  2.00 17.39  7.47 223 9999.0 999.0 999.0 999.0 99.0 99.00
2017 04 19 08 50 999 99.0 99.0  1.99 17.39  7.55 236 9999.0 999.0 999.0 999.0 99.0 99.00
2017 04 19 09 50 999 99.0 99.0  2.34 17.39  8.04 214 9999.0 999.0 999.0 999.0 99.0 99.00
2017 04 19 10 50 999 99.0 99.0  2.18 16.00  7.84 218 9999.0 999.0 999.0 999.0 99.0 99.00
2017 04 19 11 50 999 99.0 99.0  2.26 17.39  8.26 221 9999.0 999.0 999.0 999.0 99.0 99.00
2017 04 19 12 50 999 99.0 99.0  2.10 16.00  7.51 232 9999.0 999.0 999.0 999.0 99.0 99.00
2017 04 19 13 50 999 99.0 99.0  2.31 17.39  8.20 231 9999.0 999.0 999.0 999.0 99.0 99.00
2017 04 19 14 50 999 99.0 99.0  2.17 16.00  7.99 225 9999.0 999.0 999.0 999.0 99.0 99.00
2017 04 19 15 50 999 99.0 99.0  2.38 16.00  8.35 220 9999.0 999.0 999.0 999.0 99.0 99.00
2017 04 19 16 50 999 99.0 99.0  2.52 16.00  8.95 229 9999.0 999.0 999.0 999.0 99.0 99.00
2017 04 19 17 50 999 99.0 99.0  2.41 16.00  8.38 215 9999.0 999.0 999.0 999.0 99.0 99.00
2017 04 19 18 50 999 99.0 99.0  2.43 16.00  8.88 232 9999.0 999.0 999.0 999.0 99.0 99.00
2017 04 19 19 50 999 99.0 99.0  2.40 16.00  8.81 217 9999.0 999.0 999.0 999.0 99.0 99.00
2017 04 19 20 50 999 99.0 99.0  2.18 16.00  8.43 210 9999.0 999.0 999.0 999.0 99.0 99.00
2017 04 19 21 50 999 99.0 99.0  2.42 16.00  9.07 229 9999.0 999.0 999.0 999.0 99.0 99.00
2017 04 19 22 50 999 99.0 99.0  2.31 16.00  8.58 220 9999.0 999.0 999.0 999.0 99.0 99.00
2017 04 19 23 50 999 99.0 99.0  2.19 14.81  7.46 229 9999.0 999.0 999.0 999.0 99.0 99.00
2017 04 20 00 50 999 99.0 99.0  2.23 16.00  7.37 215 9999.0 999.0 999.0 999.0 99.0 99.00
2017 04 20 01 50 999 99.0 99.0  2.10 16.00  6.66 226 9999.0 999.0 999.0 999.0 99.0 99.00
2017 04 20 02 50 999 99.0 99.0  2.20 14.81  7.30 233 9999.0 999.0 999.0 999.0 99.0 99.00
2017 04 20 03 50 999 99.0 99.0  2.40 16.00  7.55 212 9999.0 999.0 999.0 999.0 99.0 99.00
2017 04 20 04 50 999 99.0 99.0  2.38 16.00  7.57 226 9999.0 999.0 999.0 999.0 99.0 99.00
2017 04 20 05 50 999 99.0 99.0  2.44 16.00  7.41 217 9999.0 999.0 999.0 999.0 99.0 99.00
2017 04 20 06 50 999 99.0 99.0  2.40 16.00  7.16 228 9999.0 999.0 999.0 999.0 99.0 99.00
2017 04 20 07 50 999 99.0 99.0  2.44 14.81  7.36 232 9999.0 999.0 999.0 999.0 99.0 99.00
2017 04 20 08 50 999 99.0 99.0  2.23 14.81  6.72 229 9999.0 999.0 999.0 999.0 99.0 99.00
2017 04 20 09 50 999 99.0 99.0  2.31 14.81  7.19 222 9999.0 999.0 999.0 999.0 99.0 99.00
2017 04 20 10 50 999 99.0 99.0  2.25 14.81  7.23 224 9999.0 999.0 999.0 999.0 99.0 99.00
2017 04 20 11 50 999 99.0 99.0  2.46 14.81  7.02 219 9999.0 999.0 999.0 999.0 99.0 99.00
2017 04 20 12 50 999 99.0 99.0  2.24 14.81  7.23 224 9999.0 999.0 999.0 999.0 99.0 99.00
2017 04 20 13 50 999 99.0 99.0  2.30 16.00  6.90 195 9999.0 999.0 999.0 999.0 99.0 99.00
2017 04 20 14 50 999 99.0 99.0  2.23 14.81  6.93 226 9999.0 999.0 999.0 999.0 99.0 99.00
2017 04 20 15 50 999 99.0 99.0  2.53 16.00  6.69 237 9999.0 999.0 999.0 999.0 99.0 99.00
2017 04 20 16 50 999 99.0 99.0  2.47 14.81  6.88 224 9999.0 999.0 999.0 999.0 99.0 99.00
2017 04 20 18 50 999 99.0 99.0  2.24 13.79  6.36 227 9999.0 999.0 999.0 999.0 99.0 99.00
2017 04 20 19 50 999 99.0 99.0  2.46 14.81  6.60 208 9999.0 999.0 999.0 999.0 99.0 99.00
2017 04 20 20 50 999 99.0 99.0  2.47 14.81  6.96 239 9999.0 999.0 999.0 999.0 99.0 99.00
2017 04 20 21 50 999 99.0 99.0  2.37 14.81  6.94 229 9999.0 999.0 999.0 999.0 99.0 99.00
2017 04 20 22 50 999 99.0 99.0  2.29 14.81  6.64 222 9999.0 999.0 999.0 999.0 99.0 99.00
2017 04 20 23 50 999 99.0 99.0  2.21 14.81  6.55 211 9999.0 999.0 999.0 999.0 99.0 99.00
2017 04 21 00 50 999 99.0 99.0  2.31 14.81  6.80 227 9999.0 999.0 999.0 999.0 99.0 99.00
2017 04 21 01 50 999 99.0 99.0  2.46 13.79  7.15 218 9999.0 999.0 999.0 999.0 99.0 99.00
2017 04 21 02 50 999 99.0 99.0  2.39 14.81  7.07 229 9999.0 999.0 999.0 999.0 99.0 99.00
2017 04 21 03 50 999 99.0 99.0  2.30 13.79  6.84 223 9999.0 999.0 999.0 999.0 99.0 99.00
2017 04 21 04 50 999 99.0 99.0  2.38 13.79  7.03 221 9999.0 999.0 999.0 999.0 99.0 99.00
2017 04 21 05 50 999 99.0 99.0  2.30 13.79  6.26 217 9999.0 999.0 999.0 999.0 99.0 99.00
2017 04 21 06 50 999 99.0 99.0  2.33 13.79  6.89 211 9999.0 999.0 999.0 999.0 99.0 99.00
2017 04 21 07 50 999 99.0 99.0  2.18 13.79  7.04 218 9999.0 999.0 999.0 999.0 99.0 99.00
2017 04 21 08 50 999 99.0 99.0  2.25 12.90  6.82 227 9999.0 999.0 999.0 999.0 99.0 99.00
2017 04 21 09 50 999 99.0 99.0  2.18 13.79  6.52 221 9999.0 999.0 999.0 999.0 99.0 99.00
2017 04 21 10 50 999 99.0 99.0  2.25 12.90  6.62 212 9999.0 999.0 999.0 999.0 99.0 99.00
2017 04 21 11 50 999 99.0 99.0  2.23 13.79  6.38 229 9999.0 999.0 999.0 999.0 99.0 99.00
2017 04 21 12 50 999 99.0 99.0  2.23 13.79  6.64 224 9999.0 999.0 999.0 999.0 99.0 99.00
2017 04 21 13 50 999 99.0 99.0  2.27 13.79  6.81 219 9999.0 999.0 999.0 999.0 99.0 99.00
2017 04 21 14 50 999 99.0 99.0  2.49 12.90  6.92 223 9999.0 999.0 999.0 999.0 99.0 99.00
2017 04 21 15 50 999 99.0 99.0  2.58 13.79  7.23 223 9999.0 999.0 999.0 999.0 99.0 99.00
2017 04 21 16 50 999 99.0 99.0  2.33 13.79  6.78 235 9999.0 999.0 999.0 999.0 99.0 99.00
2017 04 21 17 50 999 99.0 99.0  2.67 13.79  7.22 225 9999.0 999.0 999.0 999.0 99.0 99.00
2017 04 21 18 50 999 99.0 99.0  2.37 13.79  7.14 214 9999.0 999.0 999.0 999.0 99.0 99.00
2017 04 21 19 50 999 99.0 99.0  2.31 12.90  6.83 205 9999.0 999.0 999.0 999.0 99.0 99.00
2017 04 21 20 50 999 99.0 99.0  2.38 12.90  7.12 235 9999.0 999.0 999.0 999.0 99.0 99.00
2017 04 21 21 50 999 99.0 99.0  2.47 13.79  7.51 225 9999.0 999.0 999.0 999.0 99.0 99.00
2017 04 21 22 50 999 99.0 99.0  2.41 13.79  7.20 231 9999.0 999.0 999.0 999.0 99.0 99.00
2017 04 21 23 50 999 99.0 99.0  2.51 13.79  7.41 236 9999.0 999.0 999.0 999.0 99.0 99.00
2017 04 22 00 50 999 99.0 99.0  2.37 13.79  7.06 223 9999.0 999.0 999.0 999.0 99.0 99.00
2017 04 22 01 50 999 99.0 99.0  2.55 12.90  7.69 222 9999.0 999.0 999.0 999.0 99.0 99.00
2017 04 22 02 50 999 99.0 99.0  2.86 13.79  8.45 222 9999.0 999.0 999.0 999.0 99.0 99.00
2017 04 22 04 50 999 99.0 99.0  2.75 19.05  7.80 196 9999.0 999.0 999.0 999.0 99.0 99.00
2017 04 22 05 50 999 99.0 99.0  3.03 17.39  8.49 219 9999.0 999.0 999.0 999.0 99.0 99.00
2017 04 22 06 50 999 99.0 99.0  2.88 17.39  8.61 214 9999.0 999.0 999.0 999.0 99.0 99.00
2017 04 22 07 50 999 99.0 99.0  3.14 14.81  8.55 220 9999.0 999.0 999.0 999.0 99.0 99.00
2017 04 22 08 50 999 99.0 99.0  3.27 16.00  8.52 212 9999.0 999.0 999.0 999.0 99.0 99.00
2017 04 22 09 50 999 99.0 99.0  3.08 13.79  8.50 216 9999.0 999.0 999.0 999.0 99.0 99.00
2017 04 22 10 50 999 99.0 99.0  3.23 16.00  8.86 213 9999.0 999.0 999.0 999.0 99.0 99.00
2017 04 22 11 50 999 99.0 99.0  3.18 16.00  8.73 210 9999.0 999.0 999.0 999.0 99.0 99.00
2017 04 22 12 50 999 99.0 99.0  3.51 17.39  8.81 219 9999.0 999.0 999.0 999.0 99.0 99.00
2017 04 22 13 50 999 99.0 99.0  3.17 14.81  8.20 233 9999.0 999.0 999.0 999.0 99.0 99.00
2017 04 22 14 50 999 99.0 99.0  3.12 16.00  8.24 216 9999.0 999.0 999.0 999.0 99.0 99.00
2017 04 22 15 50 999 99.0 99.0  3.22 17.39  8.41 204 9999.0 999.0 999.0 999.0 99.0 99.00
2017 04 22 16 50 999 99.0 99.0  3.18 14.81  8.11 223 9999.0 999.0 999.0 999.0 99.0 99.00
2017 04 22 17 50 999 99.0 99.0  3.26 16.00  8.10 222 9999.0 999.0 999.0 999.0 99.0 99.00
2017 04 22 18 50 999 99.0 99.0  3.23 16.00  7.85 218 9999.0 999.0 999.0 999.0 99.0 99.00
2017 04 22 19 50 999 99.0 99.0  3.16 16.00  7.81 237 9999.0 999.0 999.0 999.0 99.0 99.00
2017 04 22 20 50 999 99.0 99.0  2.74 14.81  7.38 216 9999.0 999.0 999.0 999.0 99.0 99.00
2017 04 22 21 50 999 99.0 99.0  3.07 14.81  7.92 224 9999.0 999.0 999.0 999.0 99.0 99.00
2017 04 22 22 50 999 99.0 99.0  3.04 16.00  7.55 223 9999.0 999.0 999.0 999.0 99.0 99.00
2017 04 22 23 50 999 99.0 99.0  2.90 16.00  7.51 231 9999.0 999.0 999.0 999.0 99.0 99.00
2017 04 23 00 50 999 99.0 99.0  3.02 16.00  7.97 246 9999.0 999.0 999.0 999.0 99.0 99.00
2017 04 23 01 50 999 99.0 99.0  3.15 14.81  7.93 229 9999.0 999.0 999.0 999.0 99.0 99.00
2017 04 23 02 50 999 99.0 99.0  3.25 14.81  7.79 228 9999.0 999.0 999.0 999.0 99.0 99.00
2017 04 23 03 50 999 99.0 99.0  3.09 14.81  7.68 220 9999.0 999.0 999.0 999.0 99.0 99.00
2017 04 23 04 50 999 99.0 99.0  3.25 16.00  7.95 211 9999.0 999.0 999.0 999.0 99.0 99.00
2017 04 23 05 50 999 99.0 99.0  2.85 14.81  7.24 217 9999.0 999.0 999.0 999.0 99.0 99.00
2017 04 23 06 50 999 99.0 99.0  3.03 14.81  7.69 225 9999.0 999.0 999.0 999.0 99.0 99.00
2017 04 23 07 50 999 99.0 99.0  2.77 14.81  7.18 225 9999.0 999.0 999.0 999.0 99.0 99.00
2017 04 23 08 50 999 99.0 99.0  2.72 13.79  6.85 215 9999.0 999.0 999.0 999.0 99.0 99.00
2017 04 23 09 50 999 99.0 99.0  2.81 14.81  6.99 216 9999.0 999.0 999.0 999.0 99.0 99.00
2017 04 23 10 50 999 99.0 99.0  2.92 14.81  7.00 210 9999.0 999.0 999.0 999.0 99.0 99.00
2017 04 23 11 50 999 99.0 99.0  2.79 13.79  7.07 213 9999.0 999.0 999.0 999.0 99.0 99.00
2017 04 23 12 50 999 99.0 99.0  2.70 14.81  6.77 204 9999.0 999.0 999.0 999.0 99.0 99.00
2017 04 23 13 50 999 99.0 99.0  2.83 12.90  6.85 225 9999.0 999.0 999.0 999.0 99.0 99.00
2017 04 23 14 50 999 99.0 99.0  2.81 13.79  6.88 219 9999.0 999.0 999.0 999.0 99.0 99.00
2017 04 23 15 50 999 99.0 99.0  2.87 13.79  6.93 228 9999.0 999.0 999.0 999.0 99.0 99.00
2017 04 23 16 50 999 99.0 99.0  2.90 14.81  6.90 221 9999.0 999.0 999.0 999.0 99.0 99.00
2017 04 23 17 50 999 99.0 99.0  2.94  7.69  6.74 121 9999.0 999.0 999.0 999.0 99.0 99.00
2017 04 23 18 50 999 99.0 99.0  2.82  7.69  6.64 117 9999.0 999.0 999.0 999.0 99.0 99.00
2017 04 23 19 50 999 99.0 99.0  3.18  7.69  6.77 124 9999.0 999.0 999.0 999.0 99.0 99.00
2017 04 23 20 50 999 99.0 99.0  3.07  7.69  6.96 136 9999.0 999.0 999.0 999.0 99.0 99.00
2017 04 23 21 50 999 99.0 99.0  2.86 13.79  6.83 211 9999.0 999.0 999.0 999.0 99.0 99.00
2017 04 23 22 50 999 99.0 99.0  2.92  7.69  6.82 104 9999.0 999.0 999.0 999.0 99.0 99.00
2017 04 23 23 50 999 99.0 99.0  2.84  7.69  6.48 119 9999.0 999.0 999.0 999.0 99.0 99.00
2017 04 24 00 50 999 99.0 99.0  3.08  7.14  6.65 145 9999.0 999.0 999.0 999.0 99.0 99.00
2017 04 24 01 50 999 99.0 99.0  2.94  7.69  6.73 124 9999.0 999.0 999.0 999.0 99.0 99.00
2017 04 24 02 50 999 99.0 99.0  2.74  8.33  6.48 115 9999.0 999.0 999.0 999.0 99.0 99.00
2017 04 24 03 50 999 99.0 99.0  2.90  7.69  6.65 133 9999.0 999.0 999.0 999.0 99.0 99.00
2017 04 24 04 50 999 99.0 99.0  2.74  7.69  6.46 127 9999.0 999.0 999.0 999.0 99.0 99.00
2017 04 24 05 50 999 99.0 99.0  3.04  7.69  6.67 138 9999.0 999.0 999.0 999.0 99.0 99.00
2017 04 24 06 50 999 99.0 99.0  2.72 14.81  6.81 216 9999.0 999.0 999.0 999.0 99.0 99.00
2017 04 24 07 50 999 99.0 99.0  2.91  7.69  6.58 132 9999.0 999.0 999.0 999.0 99.0 99.00
2017 04 24 08 50 999 99.0 99.0  3.01  7.69  6.74 129 9999.0 999.0 999.0 999.0 99.0 99.00
2017 04 24 09 50 999 99.0 99.0  2.96  7.69  6.67 126 9999.0 999.0 999.0 999.0 99.0 99.00
2017 04 24 10 50 999 99.0 99.0  2.83  7.69  6.63 128 9999.0 999.0 999.0 999.0 99.0 99.00
2017 04 24 11 50 999 99.0 99.0  3.08  7.69  6.74 136 9999.0 999.0 999.0 999.0 99.0 99.00
2017 04 24 12 50 999 99.0 99.0  2.82  8.33  6.67 140 9999.0 999.0 999.0 999.0 99.0 99.00
2017 04 24 13 50 999 99.0 99.0  2.99  7.69  6.82 128 9999.0 999.0 999.0 999.0 99.0 99.00
2017 04 24 14 50 999 99.0 99.0  3.06  8.33  7.05 142 9999.0 999.0 999.0 999.0 99.0 99.00
2017 04 24 15 50 999 99.0 99.0  2.95  7.69  6.78 133 9999.0 999.0 999.0 999.0 99.0 99.00
2017 04 24 16 50 999 99.0 99.0  2.77  7.69  6.68 134 9999.0 999.0 999.0 999.0 99.0 99.00
2017 04 24 17 50 999 99.0 99.0  3.05  8.33  6.86 132 9999.0 999.0 999.0 999.0 99.0 99.00
2017 04 24 18 50 999 99.0 99.0  2.84  8.33  6.92 129 9999.0 999.0 999.0 999.0 99.0 99.00
2017 04 24 19 50 999 99.0 99.0  2.77  8.33  6.82 142 9999.0 999.0 999.0 999.0 99.0 99.00
2017 04 24 20 50 999 99.0 99.0  3.00  7.69  7.05 131 9999.0 999.0 999.0 999.0 99.0 99.00
2017 04 24 21 50 999 99.0 99.0  2.50  7.69  6.46 123 9999.0 999.0 999.0 999.0 99.0 99.00
2017 04 24 22 50 999 99.0 99.0  2.52 12.90  6.64 220 9999.0 999.0 999.0 999.0 99.0 99.00
2017 04 24 23 50 999 99.0 99.0  2.57 12.90  6.81 217 9999.0 999.0 999.0 999.0 99.0 99.00
2017 04 25 00 50 999 99.0 99.0  2.56 12.90  6.54 220 9999.0 999.0 999.0 999.0 99.0 99.00
2017 04 25 01 50 999 99.0 99.0  2.68 12.90  6.83 212 9999.0 999.0 999.0 999.0 99.0 99.00
2017 04 25 02 50 999 99.0 99.0  2.61 13.79  6.37 194 9999.0 999.0 999.0 999.0 99.0 99.00
2017 04 25 03 50 999 99.0 99.0  2.62 12.90  6.60 215 9999.0 999.0 999.0 999.0 99.0 99.00
2017 04 25 04 50 999 99.0 99.0  2.52 13.79  6.59 219 9999.0 999.0 999.0 999.0 99.0 99.00
2017 04 25 05 50 999 99.0 99.0  2.79 12.90  6.67 210 9999.0 999.0 999.0 999.0 99.0 99.00
2017 04 25 06 50 999 99.0 99.0  2.68  8.33  6.69 135 9999.0 999.0 999.0 999.0 99.0 99.00
2017 04 25 07 50 999 99.0 99.0  2.61  8.33  6.45 128 9999.0 999.0 999.0 999.0 99.0 99.00
2017 04 25 08 50 999 99.0 99.0  2.65  7.14  6.42 137 9999.0 999.0 999.0 999.0 99.0 99.00
2017 04 25 09 50 999 99.0 99.0  2.88  7.69  6.55 131 9999.0 999.0 999.0 999.0 99.0 99.00
2017 04 25 10 50 999 99.0 99.0  2.73 12.90  6.60 216 9999.0 999.0 999.0 999.0 99.0 99.00
2017 04 25 11 50 999 99.0 99.0  2.77  7.69  6.32 128 9999.0 999.0 999.0 999.0 99.0 99.00
2017 04 25 12 50 999 99.0 99.0  2.68  7.69  6.49 145 9999.0 999.0 999.0 999.0 99.0 99.00
2017 04 25 13 50 999 99.0 99.0  2.71  7.69  6.42 135 9999.0 999.0 999.0 999.0 99.0 99.00
2017 04 25 14 50 999 99.0 99.0  2.73  7.14  6.44 129 9999.0 999.0 999.0 999.0 99.0 99.00
2017 04 25 15 50 999 99.0 99.0  2.77  8.33  6.38 140 9999.0 999.0 999.0 999.0 99.0 99.00
2017 04 25 16 50 999 99.0 99.0  2.64  7.69  6.14 120 9999.0 999.0 999.0 999.0 99.0 99.00
2017 04 25 17 50 999 99.0 99.0  2.99  8.33  6.22 127 9999.0 999.0 999.0 999.0 99.0 99.00
2017 04 25 18 50 999 99.0 99.0  2.83  7.14  6.40 137 9999.0 999.0 999.0 999.0 99.0 99.00
2017 04 25 19 50 999 99.0 99.0  2.87  8.33  6.43 135 9999.0 999.0 999.0 999.0 99.0 99.00
2017 04 25 20 50 999 99.0 99.0  2.86  8.33  6.36 135 9999.0 999.0 999.0 999.0 99.0 99.00
2017 04 25 21 50 999 99.0 99.0  2.88  7.69  6.51 132 9999.0 999.0 999.0 999.0 99.0 99.00
2017 04 25 22 50 999 99.0 99.0  2.49  7.14  6.39 120 9999.0 999.0 999.0 999.0 99.0 99.00
2017 04 25 23 50 999 99.0 99.0  2.81  8.33  6.56 124 9999.0 999.0 999.0 999.0 99.0 99.00
2017 04 26 00 50 999 99.0 99.0  2.82  7.69  6.54 129 9999.0 999.0 999.0 999.0 99.0 99.00
2017 04 26 01 50 999 99.0 99.0  2.66  8.33  6.50 142 9999.0 999.0 999.0 999.0 99.0 99.00
2017 04 26 02 50 999 99.0 99.0  2.83  9.09  6.44 152 9999.0 999.0 999.0 999.0 99.0 99.00
2017 04 26 03 50 999 99.0 99.0  3.07  8.33  6.65 144 9999.0 999.0 999.0 999.0 99.0 99.00
2017 04 26 04 50 999 99.0 99.0  2.82  7.69  6.40 130 9999.0 999.0 999.0 999.0 99.0 99.00
2017 04 26 05 50 999 99.0 99.0  2.92  7.69  6.47 128 9999.0 999.0 999.0 999.0 99.0 99.00
2017 04 26 06 50 999 99.0 99.0  3.00  8.33  6.46 142 9999.0 999.0 999.0 999.0 99.0 99.00
2017 04 26 07 50 999 99.0 99.0  3.22  7.69  6.66 125 9999.0 999.0 999.0 999.0 99.0 99.00
2017 04 26 08 50 999 99.0 99.0  3.04  9.09  6.68 138 9999.0 999.0 999.0 999.0 99.0 99.00
2017 04 26 09 50 999 99.0 99.0  2.97  7.69  6.35 136 9999.0 999.0 999.0 999.0 99.0 99.00
2017 04 26 10 50 999 99.0 99.0  2.88  7.69  6.38 141 9999.0 999.0 999.0 999.0 99.0 99.00
2017 04 26 11 50 999 99.0 99.0  3.02  8.33  6.60 136 9999.0 999.0 999.0 999.0 99.0 99.00
2017 04 26 12 50 999 99.0 99.0  2.93  8.33  6.55 141 9999.0 999.0 999.0 999.0 99.0 99.00
2017 04 26 13 50 999 99.0 99.0  2.86  8.33  6.55 131 9999.0 999.0 999.0 999.0 99.0 99.00
2017 04 26 14 50 999 99.0 99.0  3.06  8.33  6.79 145 9999.0 999.0 999.0 999.0 99.0 99.00
2017 04 26 15 50 999 99.0 99.0  2.96  8.33  6.65 143 9999.0 999.0 999.0 999.0 99.0 99.00
2017 04 26 16 50 999 99.0 99.0  3.24  7.69  6.63 143 9999.0 999.0 999.0 999.0 99.0 99.00
2017 04 26 17 50 999 99.0 99.0  3.32  9.09  6.91 136 9999.0 999.0 999.0 999.0 99.0 99.00
2017 04 26 18 50 999 99.0 99.0  3.25  9.09  6.73 145 9999.0 999.0 999.0 999.0 99.0 99.00
2017 04 26 19 50 999 99.0 99.0  3.11  8.33  6.69 136 9999.0 999.0 999.0 999.0 99.0 99.00
2017 04 26 20 50 999 99.0 99.0  3.33  8.33  7.09 142 9999.0 999.0 999.0 999.0 99.0 99.00
2017 04 26 21 50 999 99.0 99.0  3.09  9.09  6.77 147 9999.0 999.0 999.0 999.0 99.0 99.00
2017 04 26 22 50 999 99.0 99.0  3.04  8.33  6.75 131 9999.0 999.0 999.0 999.0 99.0 99.00
2017 04 26 23 50 999 99.0 99.0  2.92  9.09  6.60 128 9999.0 999.0 999.0 999.0 99.0 99.00
2017 04 27 00 50 999 99.0 99.0  2.99  8.33  6.66 134 9999.0 999.0 999.0 999.0 99.0 99.00
2017 04 27 01 50 999 99.0 99.0  2.65  8.33  6.63 140 9999.0 999.0 999.0 999.0 99.0 99.00
2017 04 27 02 50 999 99.0 99.0  2.81  8.33  6.82 138 9999.0 999.0 999.0 999.0 99.0 99.00
2017 04 27 03 50 999 99.0 99.0  2.62  9.09  6.63 140 9999.0 999.0 999.0 999.0 99.0 99.00
2017 04 27 04 50 999 99.0 99.0  2.74  8.33  6.84 142 9999.0 999.0 999.0 999.0 99.0 99.00
2017 04 27 05 50 999 99.0 99.0  2.74  7.69  6.94 143 9999.0 999.0 999.0 999.0 99.0 99.00
2017 04 27 06 50 999 99.0 99.0  2.55  9.09  6.75 136 9999.0 999.0 999.0 999.0 99.0 99.00
2017 04 27 07 50 999 99.0 99.0  2.83  8.33  7.00 141 9999.0 999.0 999.0 999.0 99.0 99.00
2017 04 27 08 50 999 99.0 99.0  2.69  8.33  6.78 131 9999.0 999.0 999.0 999.0 99.0 99.00
2017 04 27 09 50 999 99.0 99.0  2.67  9.09  6.91 138 9999.0 999.0 999.0 999.0 99.0 99.00
2017 04 27 10 50 999 99.0 99.0  2.65  9.09  6.76 144 9999.0 999.0 999.0 999.0 99.0 99.00
2017 04 27 11 50 999 99.0 99.0  2.52  9.09  6.65 134 9999.0 999.0 999.0 999.0 99.0 99.00
2017 04 27 12 50 999 99.0 99.0  2.61  8.33  6.62 135 9999.0 999.0 999.0 999.0 99.0 99.00
2017 04 27 13 50 999 99.0 99.0  2.75 10.00  6.93 158 9999.0 999.0 999.0 999.0 99.0 99.00
2017 04 27 14 50 999 99.0 99.0  2.75 10.00  6.90 164 9999.0 999.0 999.0 999.0 99.0 99.00
2017 04 27 15 50 999 99.0 99.0  2.69 16.00  6.86 243 9999.0 999.0 999.0 999.0 99.0 99.00
2017 04 27 16 50 999 99.0 99.0  2.67  9.09  7.17 137 9999.0 999.0 999.0 999.0 99.0 99.00
2017 04 27 17 50 999 99.0 99.0  2.74  9.09  7.35 152 9999.0 999.0 999.0 999.0 99.0 99.00
2017 04 27 18 50 999 99.0 99.0  2.81  9.09  7.04 135 9999.0 999.0 999.0 999.0 99.0 99.00
2017 04 27 19 50 999 99.0 99.0  2.77  9.09  6.95 142 9999.0 999.0 999.0 999.0 99.0 99.00
2017 04 27 20 50 999 99.0 99.0  2.65  9.09  7.27 146 9999.0 999.0 999.0 999.0 99.0 99.00
2017 04 27 21 50 999 99.0 99.0  2.68  9.09  7.07 130 9999.0 999.0 999.0 999.0 99.0 99.00
2017 04 27 22 50 999 99.0 99.0  2.76  8.33  7.20 150 9999.0 999.0 999.0 999.0 99.0 99.00
2017 04 27 23 50 999 99.0 99.0  2.42  9.09  6.81 142 9999.0 999.0 999.0 999.0 99.0 99.00
2017 04 28 00 50 999 99.0 99.0  2.53  9.09  7.14 147 9999.0 999.0 999.0 999.0 99.0 99.00
2017 04 28 01 50 999 99.0 99.0  2.58 14.81  7.04 228 9999.0 999.0 999.0 999.0 99.0 99.00
2017 04 28 02 50 999 99.0 99.0  2.42  9.09  6.93 141 9999.0 999.0 999.0 999.0 99.0 99.00
2017 04 28 03 50 999 99.0 99.0  2.50  7.69  7.00 144 9999.0 999.0 999.0 999.0 99.0 99.00
2017 04 28 04 50 999 99.0 99.0  2.69 14.81  7.13 232 9999.0 999.0 999.0 999.0 99.0 99.00
2017 04 28 05 50 999 99.0 99.0  2.65 10.00  6.98 160 9999.0 999.0 999.0 999.0 99.0 99.00
2017 04 28 06 50 999 99.0 99.0  2.66  9.09  6.95 146 9999.0 999.0 999.0 999.0 99.0 99.00
2017 04 28 07 50 999 99.0 99.0  2.70 14.81  7.35 228 9999.0 999.0 999.0 999.0 99.0 99.00
2017 04 28 08 50 999 99.0 99.0  2.72 17.39  7.03 228 9999.0 999.0 999.0 999.0 99.0 99.00
2017 04 28 09 50 999 99.0 99.0  2.55 13.79  6.84 214 9999.0 999.0 999.0 999.0 99.0 99.00
2017 04 28 10 50 999 99.0 99.0  2.61 17.39  6.88 228 9999.0 999.0 999.0 999.0 99.0 99.00
2017 04 28 11 50 999 99.0 99.0  2.81 17.39  7.46 207 9999.0 999.0 999.0 999.0 99.0 99.00
2017 04 28 12 50 999 99.0 99.0  2.70 13.79  7.32 210 9999.0 999.0 999.0 999.0 99.0 99.00
2017 04 28 13 50 999 99.0 99.0  2.61 17.39  7.01 206 9999.0 999.0 999.0 999.0 99.0 99.00
2017 04 28 14 50 999 99.0 99.0  2.75 17.39  7.57 224 9999.0 999.0 999.0 999.0 99.0 99.00
2017 04 28 15 50 999 99.0 99.0  2.62 17.39  7.77 228 9999.0 999.0 999.0 999.0 99.0 99.00
2017 04 28 16 50 999 99.0 99.0  2.60 16.00  7.70 210 9999.0 999.0 999.0 999.0 99.0 99.00
2017 04 28 17 50 999 99.0 99.0  2.62 13.79  7.66 227 9999.0 999.0 999.0 999.0 99.0 99.00
2017 04 28 18 50 999 99.0 99.0  2.77 16.00  7.64 218 9999.0 999.0 999.0 999.0 99.0 99.00
2017 04 28 19 50 999 99.0 99.0  2.64 13.79  7.57 227 9999.0 999.0 999.0 999.0 99.0 99.00
2017 04 28 20 50 999 99.0 99.0  2.63 16.00  7.55 228 9999.0 999.0 999.0 999.0 99.0 99.00
2017 04 28 21 50 999 99.0 99.0  2.63 16.00  7.89 225 9999.0 999.0 999.0 999.0 99.0 99.00
2017 04 28 22 50 999 99.0 99.0  2.61 16.00  7.80 222 9999.0 999.0 999.0 999.0 99.0 99.00
2017 04 28 23 50 999 99.0 99.0  2.70 16.00  8.06 216 9999.0 999.0 999.0 999.0 99.0 99.00
2017 04 29 00 50 999 99.0 99.0  2.53 14.81  7.58 219 9999.0 999.0 999.0 999.0 99.0 99.00
2017 04 29 02 50 999 99.0 99.0  2.35 14.81  7.23 221 9999.0 999.0 999.0 999.0 99.0 99.00
2017 04 29 03 50 999 99.0 99.0  2.51 14.81  7.68 219 9999.0 999.0 999.0 999.0 99.0 99.00
2017 04 29 04 50 999 99.0 99.0  2.42 14.81  7.51 230 9999.0 999.0 999.0 999.0 99.0 99.00
2017 04 29 05 50 999 99.0 99.0  2.47 16.00  7.84 233 9999.0 999.0 999.0 999.0 99.0 99.00
2017 04 29 06 50 999 99.0 99.0  2.97 16.00  8.30 231 9999.0 999.0 999.0 999.0 99.0 99.00
2017 04 29 07 50 999 99.0 99.0  2.43 13.79  7.39 228 9999.0 999.0 999.0 999.0 99.0 99.00
2017 04 29 08 50 999 99.0 99.0  2.66 16.00  7.56 221 9999.0 999.0 999.0 999.0 99.0 99.00
2017 04 29 09 50 999 99.0 99.0  2.73 14.81  7.65 238 9999.0 999.0 999.0 999.0 99.0 99.00
2017 04 29 10 50 999 99.0 99.0  2.58 16.00  7.34 218 9999.0 999.0 999.0 999.0 99.0 99.00
2017 04 29 11 50 999 99.0 99.0  2.51 14.81  7.52 221 9999.0 999.0 999.0 999.0 99.0 99.00
2017 04 29 12 50 999 99.0 99.0  2.41 14.81  7.31 231 9999.0 999.0 999.0 999.0 99.0 99.00
2017 04 29 13 50 999 99.0 99.0  2.54 14.81  7.65 232 9999.0 999.0 999.0 999.0 99.0 99.00
2017 04 29 14 50 999 99.0 99.0  2.53 14.81  7.69 222 9999.0 999.0 999.0 999.0 99.0 99.00
2017 04 29 15 50 999 99.0 99.0  2.41 14.81  7.52 226 9999.0 999.0 999.0 999.0 99.0 99.00
2017 04 29 16 50 999 99.0 99.0  2.21 14.81  7.76 221 9999.0 999.0 999.0 999.0 99.0 99.00
2017 04 29 17 50 999 99.0 99.0  2.24 12.90  7.46 229 9999.0 999.0 999.0 999.0 99.0 99.00
2017 04 29 18 50 999 99.0 99.0  2.39 14.81  7.89 234 9999.0 999.0 999.0 999.0 99.0 99.00
2017 04 29 19 50 999 99.0 99.0  2.38 14.81  7.91 222 9999.0 999.0 999.0 999.0 99.0 99.00
2017 04 29 20 50 999 99.0 99.0  2.07 14.81  7.09 214 9999.0 999.0 999.0 999.0 99.0 99.00
2017 04 29 21 50 999 99.0 99.0  2.27 14.81  7.82 227 9999.0 999.0 999.0 999.0 99.0 99.00
2017 04 29 22 50 999 99.0 99.0  2.45 13.79  7.90 225 9999.0 999.0 999.0 999.0 99.0 99.00
2017 04 29 23 50 999 99.0 99.0  2.07 14.81  7.63 224 9999.0 999.0 999.0 999.0 99.0 99.00
2017 04 30 00 50 999 99.0 99.0  2.23 14.81  7.66 217 9999.0 999.0 999.0 999.0 99.0 99.00
2017 04 30 01 50 999 99.0 99.0  1.96 13.79  7.03 217 9999.0 999.0 999.0 999.0 99.0 99.00
2017 04 30 02 50 999 99.0 99.0  2.08 13.79  7.73 227 9999.0 999.0 999.0 999.0 99.0 99.00
2017 04 30 03 50 999 99.0 99.0  2.12 13.79  7.97 226 9999.0 999.0 999.0 999.0 99.0 99.00
2017 04 30 04 50 999 99.0 99.0  2.34 13.79  8.59 231 9999.0 999.0 999.0 999.0 99.0 99.00
2017 04 30 05 50 999 99.0 99.0  2.33 13.79  8.04 216 9999.0 999.0 999.0 999.0 99.0 99.00
2017 04 30 06 50 999 99.0 99.0  2.12 14.81  7.94 229 9999.0 999.0 999.0 999.0 99.0 99.00
2017 04 30 07 50 999 99.0 99.0  2.14 12.90  7.75 214 9999.0 999.0 999.0 999.0 99.0 99.00
2017 04 30 08 50 999 99.0 99.0  2.00 14.81  7.62 234 9999.0 999.0 999.0 999.0 99.0 99.00
2017 04 30 09 50 999 99.0 99.0  2.05 13.79  7.52 204 9999.0 999.0 999.0 999.0 99.0 99.00
2017 04 30 10 50 999 99.0 99.0  2.02 14.81  7.81 231 9999.0 999.0 999.0 999.0 99.0 99.00
2017 04 30 11 50 999 99.0 99.0  2.21 14.81  7.96 231 9999.0 999.0 999.0 999.0 99.0 99.00
2017 04 30 12 50 999 99.0 99.0  1.97 14.81  7.15 218 9999.0 999.0 999.0 999.0 99.0 99.00
2017 04 30 13 50 999 99.0 99.0  1.95 13.79  7.45 221 9999.0 999.0 999.0 999.0 99.0 99.00
2017 04 30 14 50 999 99.0 99.0  2.00 13.79  7.58 224 9999.0 999.0 999.0 999.0 99.0 99.00
2017 04 30 15 50 999 99.0 99.0  2.04 14.81  7.85 232 9999.0 999.0 999.0 999.0 99.0 99.00
2017 04 30 16 50 999 99.0 99.0  1.76 13.79  7.63 228 9999.0 999.0 999.0 999.0 99.0 99.00
2017 04 30 17 50 999 99.0 99.0  1.99 13.79  7.82 238 9999.0 999.0 999.0 999.0 99.0 99.00
2017 04 30 18 50 999 99.0 99.0  2.12 14.81  8.57 230 9999.0 999.0 999.0 999.0 99.0 99.00
2017 04 30 19 50 999 99.0 99.0  1.95 14.81  8.32 219 9999.0 999.0 999.0 999.0 99.0 99.00
2017 04 30 20 50 999 99.0 99.0  2.25 14.81  9.02 232 9999.0 999.0 999.0 999.0 99.0 99.00
2017 04 30 21 50 999 99.0 99.0  2.24 14.81  8.92 213 9999.0 999.0 999.0 999.0 99.0 99.00
2017 04 30 22 50 999 99.0 99.0  2.29 14.81  9.11 224 9999.0 999.0 999.0 999.0 99.0 99.00
2017 04 30 23 50 999 99.0 99.0  2.20 14.81  8.60 228 9999.0 999.0 999.0 999.0 99.0 99.00
2017 05 01 00 50 999 99.0 99.0  2.36 14.81 10.02 210 9999.0 999.0 999.0 999.0 99.0 99.00
2017 05 01 01 50 999 99.0 99.0  2.32 14.81  9.75 228 9999.0 999.0 999.0 999.0 99.0 99.00
2017 05 01 02 50 999 99.0 99.0  2.19 14.81  9.60 225 9999.0 999.0 999.0 999.0 99.0 99.00
2017 05 01 03 50 999 99.0 99.0  2.31 14.81  9.84 211 9999.0 999.0 999.0 999.0 99.0 99.00
2017 05 01 04 50 999 99.0 99.0  2.40 16.00 10.27 218 9999.0 999.0 999.0 999.0 99.0 99.00
2017 05 01 05 50 999 99.0 99.0  2.11 14.81  9.90 215 9999.0 999.0 999.0 999.0 99.0 99.00
2017 05 01 06 50 999 99.0 99.0  2.54 16.00 10.75 220 9999.0 999.0 999.0 999.0 99.0 99.00
2017 05 01 07 50 999 99.0 99.0  2.37 13.79 10.00 219 9999.0 999.0 999.0 999.0 99.0 99.00
2017 05 01 08 50 999 99.0 99.0  2.84 13.79 11.22 220 9999.0 999.0 999.0 999.0 99.0 99.00
2017 05 01 09 50 999 99.0 99.0  2.44 14.81 10.05 218 9999.0 999.0 999.0 999.0 99.0 99.00
2017 05 01 10 50 999 99.0 99.0  2.65 16.00 10.78 202 9999.0 999.0 999.0 999.0 99.0 99.00
2017 05 01 11 50 999 99.0 99.0  2.43 14.81 10.25 215 9999.0 999.0 999.0 999.0 99.0 99.00
2017 05 01 12 50 999 99.0 99.0  2.40 14.81 10.10 200 9999.0 999.0 999.0 999.0 99.0 99.00
2017 05 01 13 50 999 99.0 99.0  2.46 16.00 10.20 216 9999.0 999.0 999.0 999.0 99.0 99.00
2017 05 01 14 50 999 99.0 99.0  2.33 16.00 10.40 218 9999.0 999.0 999.0 999.0 99.0 99.00
2017 05 01 15 50 999 99.0 99.0  2.27 14.81 10.37 223 9999.0 999.0 999.0 999.0 99.0 99.00
2017 05 01 16 50 999 99.0 99.0  1.97 13.79  9.74 221 9999.0 999.0 999.0 999.0 99.0 99.00
2017 05 01 17 50 999 99.0 99.0  2.22 16.00 10.38 224 9999.0 999.0 999.0 999.0 99.0 99.00
2017 05 01 18 50 999 99.0 99.0  2.13 16.00 10.51 215 9999.0 999.0 999.0 999.0 99.0 99.00
2017 05 01 19 50 999 99.0 99.0  2.33 16.00 10.88 220 9999.0 999.0 999.0 999.0 99.0 99.00
2017 05 01 20 50 999 99.0 99.0  2.64 16.00 11.18 215 9999.0 999.0 999.0 999.0 99.0 99.00
2017 05 01 21 50 999 99.0 99.0  2.17 16.00 10.27 217 9999.0 999.0 999.0 999.0 99.0 99.00
2017 05 01 22 50 999 99.0 99.0  1.91 16.00  9.44 212 9999.0 999.0 999.0 999.0 99.0 99.00
2017 05 01 23 50 999 99.0 99.0  1.94 14.81  9.34 222 9999.0 999.0 999.0 999.0 99.0 99.00
2017 05 02 00 50 999 99.0 99.0  2.18 16.00 10.17 222 9999.0 999.0 999.0 999.0 99.0 99.00
2017 05 02 01 50 999 99.0 99.0  1.93 14.81  9.93 230 9999.0 999.0 999.0 999.0 99.0 99.00
2017 05 02 02 50 999 99.0 99.0  1.55 16.00  8.71 249 9999.0 999.0 999.0 999.0 99.0 99.00
2017 05 02 03 50 999 99.0 99.0  1.75 14.81  9.72 218 9999.0 999.0 999.0 999.0 99.0 99.00
2017 05 02 04 50 999 99.0 99.0  1.99 16.00 10.42 237 9999.0 999.0 999.0 999.0 99.0 99.00
2017 05 02 05 50 999 99.0 99.0  1.85 13.79 10.29 233 9999.0 999.0 999.0 999.0 99.0 99.00
2017 05 02 06 50 999 99.0 99.0  1.82 14.81 10.25 219 9999.0 999.0 999.0 999.0 99.0 99.00
2017 05 02 07 50 999 99.0 99.0  1.77 16.00 10.10 222 9999.0 999.0 999.0 999.0 99.0 99.00
2017 05 02 08 50 999 99.0 99.0  1.95 14.81 10.68 217 9999.0 999.0 999.0 999.0 99.0 99.00
2017 05 02 09 50 999 99.0 99.0  1.79 14.81  9.85 221 9999.0 999.0 999.0 999.0 99.0 99.00
2017 05 02 10 50 999 99.0 99.0  1.83 14.81  8.90 214 9999.0 999.0 999.0 999.0 99.0 99.00
2017 05 02 11 50 999 99.0 99.0  1.82 13.79  7.95 226 9999.0 999.0 999.0 999.0 99.0 99.00
2017 05 02 12 50 999 99.0 99.0  2.12 14.81  7.27 215 9999.0 999.0 999.0 999.0 99.0 99.00
2017 05 02 13 50 999 99.0 99.0  2.11 14.81  6.71 232 9999.0 999.0 999.0 999.0 99.0 99.00
2017 05 02 14 50 999 99.0 99.0  2.02 13.79  6.99 233 9999.0 999.0 999.0 999.0 99.0 99.00
2017 05 02 15 50 999 99.0 99.0  2.27 14.81  7.80 229 9999.0 999.0 999.0 999.0 99.0 99.00
2017 05 02 16 50 999 99.0 99.0  2.21 14.81  7.80 227 9999.0 999.0 999.0 999.0 99.0 99.00
2017 05 02 17 50 999 99.0 99.0  2.19 14.81  7.81 222 9999.0 999.0 999.0 999.0 99.0 99.00
2017 05 02 18 50 999 99.0 99.0  2.33 14.81  8.34 220 9999.0 999.0 999.0 999.0 99.0 99.00
2017 05 02 19 50 999 99.0 99.0  2.25 14.81  7.98 219 9999.0 999.0 999.0 999.0 99.0 99.00
2017 05 02 20 50 999 99.0 99.0  2.26 14.81  8.14 215 9999.0 999.0 999.0 999.0 99.0 99.00
2017 05 02 21 50 999 99.0 99.0  2.51 14.81  8.29 218 9999.0 999.0 999.0 999.0 99.0 99.00
2017 05 02 22 50 999 99.0 99.0  2.64 14.81  8.40 211 9999.0 999.0 999.0 999.0 99.0 99.00
2017 05 02 23 50 999 99.0 99.0  2.42 14.81  7.94 218 9999.0 999.0 999.0 999.0 99.0 99.00
2017 05 03 00 50 999 99.0 99.0  2.71 14.81  8.50 210 9999.0 999.0 999.0 999.0 99.0 99.00
2017 05 03 01 50 999 99.0 99.0  2.48 13.79  8.16 226 9999.0 999.0 999.0 999.0 99.0 99.00
2017 05 03 02 50 999 99.0 99.0  2.46 14.81  8.24 213 9999.0 999.0 999.0 999.0 99.0 99.00
2017 05 03 03 50 999 99.0 99.0  2.36 14.81  7.97 213 9999.0 999.0 999.0 999.0 99.0 99.00
2017 05 03 04 50 999 99.0 99.0  2.61 14.81  8.65 219 9999.0 999.0 999.0 999.0 99.0 99.00
2017 05 03 05 50 999 99.0 99.0  2.60 14.81  8.34 216 9999.0 999.0 999.0 999.0 99.0 99.00
2017 05 03 06 50 999 99.0 99.0  2.51 14.81  8.29 217 9999.0 999.0 999.0 999.0 99.0 99.00
2017 05 03 07 50 999 99.0 99.0  2.36 11.43  7.42 234 9999.0 999.0 999.0 999.0 99.0 99.00
2017 05 03 08 50 999 99.0 99.0  2.84 14.81  8.54 228 9999.0 999.0 999.0 999.0 99.0 99.00
2017 05 03 09 50 999 99.0 99.0  2.51 13.79  7.81 208 9999.0 999.0 999.0 999.0 99.0 99.00
2017 05 03 10 50 999 99.0 99.0  2.86 14.81  8.29 217 9999.0 999.0 999.0 999.0 99.0 99.00
2017 05 03 11 50 999 99.0 99.0  2.99 14.81  8.09 222 9999.0 999.0 999.0 999.0 99.0 99.00
2017 05 03 12 50 999 99.0 99.0  2.98 14.81  8.51 206 9999.0 999.0 999.0 999.0 99.0 99.00
2017 05 03 13 50 999 99.0 99.0  2.95 14.81  7.91 222 9999.0 999.0 999.0 999.0 99.0 99.00
2017 05 03 14 50 999 99.0 99.0  2.83 14.81  7.50 215 9999.0 999.0 999.0 999.0 99.0 99.00
2017 05 03 15 50 999 99.0 99.0  2.87 13.79  8.33 217 9999.0 999.0 999.0 999.0 99.0 99.00
2017 05 03 16 50 999 99.0 99.0  2.73 16.00  7.70 218 9999.0 999.0 999.0 999.0 99.0 99.00
2017 05 03 17 50 999 99.0 99.0  2.54 13.79  7.56 209 9999.0 999.0 999.0 999.0 99.0 99.00
2017 05 03 18 50 999 99.0 99.0  2.67 14.81  8.04 227 9999.0 999.0 999.0 999.0 99.0 99.00
2017 05 03 19 50 999 99.0 99.0  2.54 14.81  7.64 218 9999.0 999.0 999.0 999.0 99.0 99.00
2017 05 03 20 50 999 99.0 99.0  2.46 14.81  7.85 223 9999.0 999.0 999.0 999.0 99.0 99.00
2017 05 03 21 50 999 99.0 99.0  2.75 13.79  8.48 213 9999.0 999.0 999.0 999.0 99.0 99.00
2017 05 03 22 50 999 99.0 99.0  2.67 14.81  7.87 207 9999.0 999.0 999.0 999.0 99.0 99.00
2017 05 03 23 50 999 99.0 99.0  2.50 14.81  7.47 213 9999.0 999.0 999.0 999.0 99.0 99.00
2017 05 04 00 50 999 99.0 99.0  2.63 13.79  7.61 208 9999.0 999.0 999.0 999.0 99.0 99.00
2017 05 04 01 50 999 99.0 99.0  2.60 13.79  7.69 213 9999.0 999.0 999.0 999.0 99.0 99.00
2017 05 04 02 50 999 99.0 99.0  2.57 13.79  7.93 212 9999.0 999.0 999.0 999.0 99.0 99.00
2017 05 04 03 50 999 99.0 99.0  2.63 13.79  7.51 206 9999.0 999.0 999.0 999.0 99.0 99.00
2017 05 04 04 50 999 99.0 99.0  2.58 13.79  7.80 215 9999.0 999.0 999.0 999.0 99.0 99.00
2017 05 04 05 50 999 99.0 99.0  2.64 14.81  8.30 216 9999.0 999.0 999.0 999.0 99.0 99.00
2017 05 04 06 50 999 99.0 99.0  2.86 12.90  8.47 213 9999.0 999.0 999.0 999.0 99.0 99.00
2017 05 04 07 50 999 99.0 99.0  2.65 14.81  8.11 211 9999.0 999.0 999.0 999.0 99.0 99.00
2017 05 04 08 50 999 99.0 99.0  2.77 13.79  8.29 214 9999.0 999.0 999.0 999.0 99.0 99.00
2017 05 04 09 50 999 99.0 99.0  2.49 13.79  7.70 212 9999.0 999.0 999.0 999.0 99.0 99.00
2017 05 04 10 50 999 99.0 99.0  2.84 13.79  8.52 217 9999.0 999.0 999.0 999.0 99.0 99.00
2017 05 04 11 50 999 99.0 99.0  2.80 13.79  8.28 215 9999.0 999.0 999.0 999.0 99.0 99.00
2017 05 04 12 50 999 99.0 99.0  2.56 13.79  8.01 210 9999.0 999.0 999.0 999.0 99.0 99.00
2017 05 04 13 50 999 99.0 99.0  2.58 14.81  7.91 207 9999.0 999.0 999.0 999.0 99.0 99.00
2017 05 04 14 50 999 99.0 99.0  2.71 13.79  8.17 210 9999.0 999.0 999.0 999.0 99.0 99.00
2017 05 04 15 50 999 99.0 99.0  2.32 14.81  7.73 209 9999.0 999.0 999.0 999.0 99.0 99.00
2017 05 04 16 50 999 99.0 99.0  2.69 14.81  8.16 226 9999.0 999.0 999.0 999.0 99.0 99.00
2017 05 04 17 50 999 99.0 99.0  2.47 13.79  8.38 220 9999.0 999.0 999.0 999.0 99.0 99.00
2017 05 04 18 50 999 99.0 99.0  2.08 13.79  7.88 213 9999.0 999.0 999.0 999.0 99.0 99.00
2017 05 04 19 50 999 99.0 99.0  2.41 14.81  8.65 206 9999.0 999.0 999.0 999.0 99.0 99.00
2017 05 04 20 50 999 99.0 99.0  2.39 13.79  8.91 205 9999.0 999.0 999.0 999.0 99.0 99.00
2017 05 04 21 50 999 99.0 99.0  2.27 14.81  8.99 209 9999.0 999.0 999.0 999.0 99.0 99.00
2017 05 04 22 50 999 99.0 99.0  2.38 14.81  8.75 203 9999.0 999.0 999.0 999.0 99.0 99.00
2017 05 04 23 50 999 99.0 99.0  1.99 13.79  7.76 224 9999.0 999.0 999.0 999.0 99.0 99.00
2017 05 05 00 50 999 99.0 99.0  2.43 13.79  8.46 209 9999.0 999.0 999.0 999.0 99.0 99.00
2017 05 05 01 50 999 99.0 99.0  2.19 13.79  8.09 208 9999.0 999.0 999.0 999.0 99.0 99.00
2017 05 05 02 50 999 99.0 99.0  2.20 13.79  8.06 218 9999.0 999.0 999.0 999.0 99.0 99.00
2017 05 05 03 50 999 99.0 99.0  2.08 13.79  7.63 216 9999.0 999.0 999.0 999.0 99.0 99.00
2017 05 05 04 50 999 99.0 99.0  2.10 13.79  8.12 213 9999.0 999.0 999.0 999.0 99.0 99.00
2017 05 05 05 50 999 99.0 99.0  2.12 13.79  7.89 217 9999.0 999.0 999.0 999.0 99.0 99.00
2017 05 05 06 50 999 99.0 99.0  1.96 12.90  7.90 219 9999.0 999.0 999.0 999.0 99.0 99.00
2017 05 05 07 50 999 99.0 99.0  1.73 12.12  7.63 217 9999.0 999.0 999.0 999.0 99.0 99.00
2017 05 05 08 50 999 99.0 99.0  1.92 12.12  8.29 215 9999.0 999.0 999.0 999.0 99.0 99.00
2017 05 05 09 50 999 99.0 99.0  2.02 12.90  8.44 210 9999.0 999.0 999.0 999.0 99.0 99.00
2017 05 05 10 50 999 99.0 99.0  1.80 12.12  7.99 216 9999.0 999.0 999.0 999.0 99.0 99.00
2017 05 05 11 50 999 99.0 99.0  1.89 12.90  8.36 200 9999.0 999.0 999.0 999.0 99.0 99.00
2017 05 05 12 50 999 99.0 99.0  1.96 12.12  8.46 205 9999.0 999.0 999.0 999.0 99.0 99.00
2017 05 05 13 50 999 99.0 99.0  1.81 12.90  8.18 209 9999.0 999.0 999.0 999.0 99.0 99.00
2017 05 05 14 50 999 99.0 99.0  1.56 10.81  7.59 211 9999.0 999.0 999.0 999.0 99.0 99.00
2017 05 05 15 50 999 99.0 99.0  1.60 11.43  7.59 205 9999.0 999.0 999.0 999.0 99.0 99.00
2017 05 05 16 50 999 99.0 99.0  1.70 10.81  7.98 207 9999.0 999.0 999.0 999.0 99.0 99.00
2017 05 05 17 50 999 99.0 99.0  1.56 11.43  7.47 201 9999.0 999.0 999.0 999.0 99.0 99.00
2017 05 05 18 50 999 99.0 99.0  1.51 10.81  7.64 210 9999.0 999.0 999.0 999.0 99.0 99.00
2017 05 05 19 50 999 99.0 99.0  1.55 12.90  7.79 210 9999.0 999.0 999.0 999.0 99.0 99.00
2017 05 05 20 50 999 99.0 99.0  1.43 11.43  8.14 211 9999.0 999.0 999.0 999.0 99.0 99.00
2017 05 05 21 50 999 99.0 99.0  1.34 12.90  7.76 212 9999.0 999.0 999.0 999.0 99.0 99.00
2017 05 05 22 50 999 99.0 99.0  1.41 10.00  8.05 220 9999.0 999.0 999.0 999.0 99.0 99.00
2017 05 05 23 50 999 99.0 99.0  1.50 12.90  8.28 227 9999.0 999.0 999.0 999.0 99.0 99.00
2017 05 06 00 50 999 99.0 99.0  1.48 12.90  8.30 214 9999.0 999.0 999.0 999.0 99.0 99.00
2017 05 06 01 50 999 99.0 99.0  1.47 12.90  8.19 198 9999.0 999.0 999.0 999.0 99.0 99.00
2017 05 06 02 50 999 99.0 99.0  1.37 12.90  7.96 205 9999.0 999.0 999.0 999.0 99.0 99.00
2017 05 06 03 50 999 99.0 99.0  1.53 12.90  8.04 209 9999.0 999.0 999.0 999.0 99.0 99.00
2017 05 06 04 50 999 99.0 99.0  1.42 13.79  7.73 219 9999.0 999.0 999.0 999.0 99.0 99.00
2017 05 06 05 50 999 99.0 99.0  1.34 12.12  7.64 210 9999.0 999.0 999.0 999.0 99.0 99.00
2017 05 06 06 50 999 99.0 99.0  1.34 12.90  7.97 226 9999.0 999.0 999.0 999.0 99.0 99.00
2017 05 06 07 50 999 99.0 99.0  1.29 12.12  7.80 213 9999.0 999.0 999.0 999.0 99.0 99.00
2017 05 06 08 50 999 99.0 99.0  1.33 12.90  8.24 210 9999.0 999.0 999.0 999.0 99.0 99.00
2017 05 06 09 50 999 99.0 99.0  1.38 12.12  8.23 210 9999.0 999.0 999.0 999.0 99.0 99.00
2017 05 06 10 50 999 99.0 99.0  1.26 12.12  8.12 220 9999.0 999.0 999.0 999.0 99.0 99.00
2017 05 06 11 50 999 99.0 99.0  1.36 11.43  8.97 215 9999.0 999.0 999.0 999.0 99.0 99.00
2017 05 06 12 50 999 99.0 99.0  1.22 11.43  8.04 205 9999.0 999.0 999.0 999.0 99.0 99.00
2017 05 06 13 50 999 99.0 99.0  1.40 12.12  8.58 207 9999.0 999.0 999.0 999.0 99.0 99.00
2017 05 06 14 50 999 99.0 99.0  1.43 11.43  8.72 213 9999.0 999.0 999.0 999.0 99.0 99.00
2017 05 06 15 50 999 99.0 99.0  1.33 10.81  8.50 209 9999.0 999.0 999.0 999.0 99.0 99.00
2017 05 06 16 50 999 99.0 99.0  1.56 12.12  9.21 220 9999.0 999.0 999.0 999.0 99.0 99.00
2017 05 06 17 50 999 99.0 99.0  1.49 11.43  9.07 210 9999.0 999.0 999.0 999.0 99.0 99.00
2017 05 06 18 50 999 99.0 99.0  1.52 11.43  9.29 213 9999.0 999.0 999.0 999.0 99.0 99.00
2017 05 06 19 50 999 99.0 99.0  1.80 12.12  9.77 219 9999.0 999.0 999.0 999.0 99.0 99.00
2017 05 06 20 50 999 99.0 99.0  1.50 10.81  9.05 221 9999.0 999.0 999.0 999.0 99.0 99.00
2017 05 06 21 50 999 99.0 99.0  1.37 10.00  8.77 217 9999.0 999.0 999.0 999.0 99.0 99.00
2017 05 06 22 50 999 99.0 99.0  1.42 12.12  8.85 221 9999.0 999.0 999.0 999.0 99.0 99.00
2017 05 06 23 50 999 99.0 99.0  1.41 10.81  7.62 218 9999.0 999.0 999.0 999.0 99.0 99.00
2017 05 07 00 50 999 99.0 99.0  1.38 11.43  7.04 229 9999.0 999.0 999.0 999.0 99.0 99.00
2017 05 07 01 50 999 99.0 99.0  1.57 12.12  7.60 218 9999.0 999.0 999.0 999.0 99.0 99.00
2017 05 07 02 50 999 99.0 99.0  1.64 11.43  7.48 226 9999.0 999.0 999.0 999.0 99.0 99.00
2017 05 07 03 50 999 99.0 99.0  1.55 12.12  7.25 209 9999.0 999.0 999.0 999.0 99.0 99.00
2017 05 07 04 50 999 99.0 99.0  1.56 12.12  7.36 215 9999.0 999.0 999.0 999.0 99.0 99.00
2017 05 07 05 50 999 99.0 99.0  1.80 12.12  7.91 218 9999.0 999.0 999.0 999.0 99.0 99.00
2017 05 07 06 50 999 99.0 99.0  2.01 12.12  7.78 224 9999.0 999.0 999.0 999.0 99.0 99.00
2017 05 07 07 50 999 99.0 99.0  2.25 14.81  8.11 207 9999.0 999.0 999.0 999.0 99.0 99.00
2017 05 07 08 50 999 99.0 99.0  2.63 12.12  8.69 215 9999.0 999.0 999.0 999.0 99.0 99.00
2017 05 07 09 50 999 99.0 99.0  2.94 13.79  9.41 210 9999.0 999.0 999.0 999.0 99.0 99.00
2017 05 07 10 50 999 99.0 99.0  2.85 14.81  9.21 204 9999.0 999.0 999.0 999.0 99.0 99.00
2017 05 07 11 50 999 99.0 99.0  3.05 12.90  9.84 203 9999.0 999.0 999.0 999.0 99.0 99.00
2017 05 07 12 50 999 99.0 99.0  3.33 14.81  9.95 206 9999.0 999.0 999.0 999.0 99.0 99.00
2017 05 07 13 50 999 99.0 99.0  3.44 12.90  9.69 213 9999.0 999.0 999.0 999.0 99.0 99.00
2017 05 07 14 50 999 99.0 99.0  3.59 14.81  9.82 209 9999.0 999.0 999.0 999.0 99.0 99.00
2017 05 07 15 50 999 99.0 99.0  3.25 13.79  9.06 214 9999.0 999.0 999.0 999.0 99.0 99.00
2017 05 07 16 50 999 99.0 99.0  3.29 14.81  9.18 209 9999.0 999.0 999.0 999.0 99.0 99.00
2017 05 07 17 50 999 99.0 99.0  3.49 13.79  9.89 205 9999.0 999.0 999.0 999.0 99.0 99.00
2017 05 07 18 50 999 99.0 99.0  3.30 14.81  9.90 207 9999.0 999.0 999.0 999.0 99.0 99.00
2017 05 07 19 50 999 99.0 99.0  3.12 14.81  9.38 203 9999.0 999.0 999.0 999.0 99.0 99.00
2017 05 07 20 50 999 99.0 99.0  3.21 13.79  9.47 205 9999.0 999.0 999.0 999.0 99.0 99.00
2017 05 07 21 50 999 99.0 99.0  3.02 11.43  8.66 213 9999.0 999.0 999.0 999.0 99.0 99.00
2017 05 07 22 50 999 99.0 99.0  2.92 12.12  8.43 216 9999.0 999.0 999.0 999.0 99.0 99.00
2017 05 07 23 50 999 99.0 99.0  3.24 14.81  9.33 205 9999.0 999.0 999.0 999.0 99.0 99.00
2017 05 08 00 50 999 99.0 99.0  3.12 13.79  8.53 214 9999.0 999.0 999.0 999.0 99.0 99.00
2017 05 08 01 50 999 99.0 99.0  3.33 12.90  8.47 214 9999.0 999.0 999.0 999.0 99.0 99.00
2017 05 08 02 50 999 99.0 99.0  3.18 13.79  8.46 204 9999.0 999.0 999.0 999.0 99.0 99.00
2017 05 08 03 50 999 99.0 99.0  2.95 12.90  8.10 211 9999.0 999.0 999.0 999.0 99.0 99.00
2017 05 08 04 50 999 99.0 99.0  3.22 13.79  8.51 210 9999.0 999.0 999.0 999.0 99.0 99.00
2017 05 08 05 50 999 99.0 99.0  3.07 12.90  8.35 207 9999.0 999.0 999.0 999.0 99.0 99.00
2017 05 08 06 50 999 99.0 99.0  3.03 12.90  8.30 208 9999.0 999.0 999.0 999.0 99.0 99.00
2017 05 08 07 50 999 99.0 99.0  3.06 12.90  8.39 209 9999.0 999.0 999.0 999.0 99.0 99.00
2017 05 08 08 50 999 99.0 99.0  2.97 13.79  8.37 207 9999.0 999.0 999.0 999.0 99.0 99.00
2017 05 08 09 50 999 99.0 99.0  2.92 12.12  8.26 209 9999.0 999.0 999.0 999.0 99.0 99.00
2017 05 08 10 50 999 99.0 99.0  3.09 12.90  8.03 209 9999.0 999.0 999.0 999.0 99.0 99.00
2017 05 08 11 50 999 99.0 99.0  2.93 12.12  8.38 203 9999.0 999.0 999.0 999.0 99.0 99.00
2017 05 08 12 50 999 99.0 99.0  2.83 12.12  8.42 209 9999.0 999.0 999.0 999.0 99.0 99.00
2017 05 08 13 50 999 99.0 99.0  2.55 12.90  8.02 204 9999.0 999.0 999.0 999.0 99.0 99.00
2017 05 08 14 50 999 99.0 99.0  2.69 12.12  8.31 206 9999.0 999.0 999.0 999.0 99.0 99.00
2017 05 08 15 50 999 99.0 99.0  2.88 12.90  8.34 206 9999.0 999.0 999.0 999.0 99.0 99.00
2017 05 08 16 50 999 99.0 99.0  2.51 12.12  7.92 206 9999.0 999.0 999.0 999.0 99.0 99.00
2017 05 08 17 50 999 99.0 99.0  2.64 13.79  8.22 211 9999.0 999.0 999.0 999.0 99.0 99.00
2017 05 08 18 50 999 99.0 99.0  2.49 12.90  8.44 210 9999.0 999.0 999.0 999.0 99.0 99.00
2017 05 08 20 50 999 99.0 99.0  2.32 13.79  8.17 201 9999.0 999.0 999.0 999.0 99.0 99.00
2017 05 08 21 50 999 99.0 99.0  2.76 13.79  8.90 206 9999.0 999.0 999.0 999.0 99.0 99.00
2017 05 08 22 50 999 99.0 99.0  2.24 12.12  8.48 208 9999.0 999.0 999.0 999.0 99.0 99.00
2017 05 08 23 50 999 99.0 99.0  2.38 13.79  8.65 205 9999.0 999.0 999.0 999.0 99.0 99.00
2017 05 09 00 50 999 99.0 99.0  2.53 12.90  8.97 204 9999.0 999.0 999.0 999.0 99.0 99.00
2017 05 09 01 50 999 99.0 99.0  2.85 13.79  9.52 202 9999.0 999.0 999.0 999.0 99.0 99.00
2017 05 09 02 50 999 99.0 99.0  2.88 13.79  9.34 199 9999.0 999.0 999.0 999.0 99.0 99.00
2017 05 09 03 50 999 99.0 99.0  2.60 11.43  9.05 207 9999.0 999.0 999.0 999.0 99.0 99.00
2017 05 09 04 50 999 99.0 99.0  2.91 12.90  9.41 202 9999.0 999.0 999.0 999.0 99.0 99.00
2017 05 09 05 50 999 99.0 99.0  2.89 12.90  9.55 196 9999.0 999.0 999.0 999.0 99.0 99.00
2017 05 09 06 50 999 99.0 99.0  2.45 12.90  8.79 202 9999.0 999.0 999.0 999.0 99.0 99.00
2017 05 09 07 50 999 99.0 99.0  2.52 12.90  9.02 186 9999.0 999.0 999.0 999.0 99.0 99.00
2017 05 09 08 50 999 99.0 99.0  2.64 12.90  9.29 188 9999.0 999.0 999.0 999.0 99.0 99.00
2017 05 09 09 50 999 99.0 99.0  2.45 13.79  9.47 196 9999.0 999.0 999.0 999.0 99.0 99.00
2017 05 09 10 50 999 99.0 99.0  2.71 12.12  9.79 200 9999.0 999.0 999.0 999.0 99.0 99.00
2017 05 09 11 50 999 99.0 99.0  2.67 12.90 10.06 196 9999.0 999.0 999.0 999.0 99.0 99.00
2017 05 09 12 50 999 99.0 99.0  2.35 12.12  9.41 198 9999.0 999.0 999.0 999.0 99.0 99.00
2017 05 09 13 50 999 99.0 99.0  2.44 12.90  9.73 194 9999.0 999.0 999.0 999.0 99.0 99.00
2017 05 09 14 50 999 99.0 99.0  2.13 11.43  9.18 200 9999.0 999.0 999.0 999.0 99.0 99.00
2017 05 09 15 50 999 99.0 99.0  2.57 12.12  9.39 191 9999.0 999.0 999.0 999.0 99.0 99.00
2017 05 09 16 50 999 99.0 99.0  2.45 11.43  9.08 191 9999.0 999.0 999.0 999.0 99.0 99.00
2017 05 09 17 50 999 99.0 99.0  2.29 12.90  9.06 195 9999.0 999.0 999.0 999.0 99.0 99.00
2017 05 09 18 50 999 99.0 99.0  2.21 10.81  8.66 189 9999.0 999.0 999.0 999.0 99.0 99.00
2017 05 09 19 50 999 99.0 99.0  2.22 12.12  9.07 181 9999.0 999.0 999.0 999.0 99.0 99.00
2017 05 09 20 50 999 99.0 99.0  1.95 12.90  8.77 197 9999.0 999.0 999.0 999.0 99.0 99.00
2017 05 09 21 50 999 99.0 99.0  1.99 12.90  9.07 195 9999.0 999.0 999.0 999.0 99.0 99.00
2017 05 09 22 50 999 99.0 99.0  1.78 12.90  9.16 193 9999.0 999.0 999.0 999.0 99.0 99.00
2017 05 09 23 50 999 99.0 99.0  1.87 12.90  9.14 192 9999.0 999.0 999.0 999.0 99.0 99.00
2017 05 10 00 50 999 99.0 99.0  1.93 12.90  8.83 198 9999.0 999.0 999.0 999.0 99.0 99.00
2017 05 10 01 50 999 99.0 99.0  1.91 12.90  8.42 200 9999.0 999.0 999.0 999.0 99.0 99.00
2017 05 10 02 50 999 99.0 99.0  1.85 12.90  8.11 177 9999.0 999.0 999.0 999.0 99.0 99.00
2017 05 10 03 50 999 99.0 99.0  1.71 12.12  7.54 200 9999.0 999.0 999.0 999.0 99.0 99.00
2017 05 10 04 50 999 99.0 99.0  1.65 11.43  7.31 196 9999.0 999.0 999.0 999.0 99.0 99.00
2017 05 10 05 50 999 99.0 99.0  1.87 12.90  7.74 195 9999.0 999.0 999.0 999.0 99.0 99.00
2017 05 10 06 50 999 99.0 99.0  1.84 11.43  7.62 195 9999.0 999.0 999.0 999.0 99.0 99.00
2017 05 10 07 50 999 99.0 99.0  1.89 12.90  7.93 200 9999.0 999.0 999.0 999.0 99.0 99.00
2017 05 10 08 50 999 99.0 99.0  1.83 14.81  8.00 205 9999.0 999.0 999.0 999.0 99.0 99.00
2017 05 10 09 50 999 99.0 99.0  1.68 11.43  6.94 194 9999.0 999.0 999.0 999.0 99.0 99.00
2017 05 10 10 50 999 99.0 99.0  1.90 11.43  7.18 194 9999.0 999.0 999.0 999.0 99.0 99.00
2017 05 10 11 50 999 99.0 99.0  1.85 14.81  7.19 226 9999.0 999.0 999.0 999.0 99.0 99.00
2017 05 10 12 50 999 99.0 99.0  1.91 11.43  7.12 189 9999.0 999.0 999.0 999.0 99.0 99.00
2017 05 10 14 50 999 99.0 99.0  1.78 10.81  7.22 191 9999.0 999.0 999.0 999.0 99.0 99.00
2017 05 10 15 50 999 99.0 99.0  1.83 12.90  7.42 190 9999.0 999.0 999.0 999.0 99.0 99.00
2017 05 10 16 50 999 99.0 99.0  1.86 14.81  7.36 220 9999.0 999.0 999.0 999.0 99.0 99.00
2017 05 10 17 50 999 99.0 99.0  2.10 13.79  7.68 217 9999.0 999.0 999.0 999.0 99.0 99.00
2017 05 10 18 50 999 99.0 99.0  1.89 12.12  7.17 193 9999.0 999.0 999.0 999.0 99.0 99.00
2017 05 10 19 50 999 99.0 99.0  1.83 14.81  7.07 230 9999.0 999.0 999.0 999.0 99.0 99.00
2017 05 10 20 50 999 99.0 99.0  1.70 12.12  6.86 192 9999.0 999.0 999.0 999.0 99.0 99.00
2017 05 10 21 50 999 99.0 99.0  1.76 14.81  7.28 229 9999.0 999.0 999.0 999.0 99.0 99.00
2017 05 10 22 50 999 99.0 99.0  1.68 14.81  7.15 217 9999.0 999.0 999.0 999.0 99.0 99.00
2017 05 10 23 50 999 99.0 99.0  1.68 14.81  7.42 220 9999.0 999.0 999.0 999.0 99.0 99.00
2017 05 11 00 50 999 99.0 99.0  1.72 13.79  7.73 227 9999.0 999.0 999.0 999.0 99.0 99.00
2017 05 11 01 50 999 99.0 99.0  1.76 13.79  7.93 223 9999.0 999.0 999.0 999.0 99.0 99.00
2017 05 11 02 50 999 99.0 99.0  1.79 13.79  7.73 222 9999.0 999.0 999.0 999.0 99.0 99.00
2017 05 11 03 50 999 99.0 99.0  1.69 14.81  7.25 213 9999.0 999.0 999.0 999.0 99.0 99.00
2017 05 11 04 50 999 99.0 99.0  1.72 12.90  7.53 202 9999.0 999.0 999.0 999.0 99.0 99.00
2017 05 11 05 50 999 99.0 99.0  1.93 12.90  7.90 211 9999.0 999.0 999.0 999.0 99.0 99.00
2017 05 11 06 50 999 99.0 99.0  1.78 11.43  7.54 197 9999.0 999.0 999.0 999.0 99.0 99.00
2017 05 11 07 50 999 99.0 99.0  2.06 12.90  7.73 203 9999.0 999.0 999.0 999.0 99.0 99.00
2017 05 11 08 50 999 99.0 99.0  1.93 12.90  7.52 205 9999.0 999.0 999.0 999.0 99.0 99.00
2017 05 11 09 50 999 99.0 99.0  1.88 10.81  7.38 198 9999.0 999.0 999.0 999.0 99.0 99.00
2017 05 11 10 50 999 99.0 99.0  2.01 12.90  7.60 204 9999.0 999.0 999.0 999.0 99.0 99.00
2017 05 11 11 50 999 99.0 99.0  1.95 12.90  7.71 199 9999.0 999.0 999.0 999.0 99.0 99.00
2017 05 11 12 50 999 99.0 99.0  1.92 12.90  7.84 205 9999.0 999.0 999.0 999.0 99.0 99.00
2017 05 11 16 50 999 99.0 99.0  2.25 12.90  8.54 207 9999.0 999.0 999.0 999.0 99.0 99.00
2017 05 11 17 50 999 99.0 99.0  2.11 11.43  7.72 195 9999.0 999.0 999.0 999.0 99.0 99.00
2017 05 11 18 50 999 99.0 99.0  2.15 12.12  8.13 205 9999.0 999.0 999.0 999.0 99.0 99.00
2017 05 11 19 50 999 99.0 99.0  2.37 12.12  8.08 201 9999.0 999.0 999.0 999.0 99.0 99.00
2017 05 11 20 50 999 99.0 99.0  2.38 11.43  8.15 192 9999.0 999.0 999.0 999.0 99.0 99.00
2017 05 11 21 50 999 99.0 99.0  2.37 11.43  8.30 194 9999.0 999.0 999.0 999.0 99.0 99.00
2017 05 11 22 50 999 99.0 99.0  2.43 12.12  8.19 197 9999.0 999.0 999.0 999.0 99.0 99.00
2017 05 11 23 50 999 99.0 99.0  2.36 10.81  8.11 197 9999.0 999.0 999.0 999.0 99.0 99.00
2017 05 12 00 50 999 99.0 99.0  2.24 11.43  7.95 199 9999.0 999.0 999.0 999.0 99.0 99.00
2017 05 12 01 50 999 99.0 99.0  2.39 12.12  8.18 209 9999.0 999.0 999.0 999.0 99.0 99.00
2017 05 12 02 50 999 99.0 99.0  2.29 10.81  7.75 197 9999.0 999.0 999.0 999.0 99.0 99.00
2017 05 12 03 50 999 99.0 99.0  2.10 11.43  7.71 200 9999.0 999.0 999.0 999.0 99.0 99.00
2017 05 12 04 50 999 99.0 99.0  2.03 10.81  7.46 203 9999.0 999.0 999.0 999.0 99.0 99.00
2017 05 12 05 50 999 99.0 99.0  2.22 11.43  7.51 207 9999.0 999.0 999.0 999.0 99.0 99.00
2017 05 12 06 50 999 99.0 99.0  2.06 11.43  6.99 209 9999.0 999.0 999.0 999.0 99.0 99.00
2017 05 12 07 50 999 99.0 99.0  2.28 10.81  7.44 195 9999.0 999.0 999.0 999.0 99.0 99.00
2017 05 12 08 50 999 99.0 99.0  2.07 12.12  7.17 207 9999.0 999.0 999.0 999.0 99.0 99.00
2017 05 12 09 50 999 99.0 99.0  2.08 10.00  7.13 193 9999.0 999.0 999.0 999.0 99.0 99.00
2017 05 12 10 50 999 99.0 99.0  1.98 10.81  7.16 203 9999.0 999.0 999.0 999.0 99.0 99.00
2017 05 12 11 50 999 99.0 99.0  1.93 10.81  7.18 198 9999.0 999.0 999.0 999.0 99.0 99.00
2017 05 12 12 50 999 99.0 99.0  1.92 12.12  6.89 210 9999.0 999.0 999.0 999.0 99.0 99.00
2017 05 12 13 50 999 99.0 99.0  1.90  9.09  7.02 198 9999.0 999.0 999.0 999.0 99.0 99.00
2017 05 12 14 50 999 99.0 99.0  1.76 10.00  6.56 198 9999.0 999.0 999.0 999.0 99.0 99.00
2017 05 12 15 50 999 99.0 99.0  1.87 10.00  7.18 209 9999.0 999.0 999.0 999.0 99.0 99.00
2017 05 12 16 50 999 99.0 99.0  1.76 10.00  7.02 198 9999.0 999.0 999.0 999.0 99.0 99.00
2017 05 12 17 50 999 99.0 99.0  1.88 11.43  7.08 222 9999.0 999.0 999.0 999.0 99.0 99.00
2017 05 12 18 50 999 99.0 99.0  1.99 10.81  7.13 200 9999.0 999.0 999.0 999.0 99.0 99.00
2017 05 12 19 50 999 99.0 99.0  1.97  8.33  6.79 195 9999.0 999.0 999.0 999.0 99.0 99.00
2017 05 12 20 50 999 99.0 99.0  1.84  8.33  6.51 202 9999.0 999.0 999.0 999.0 99.0 99.00
2017 05 12 21 50 999 99.0 99.0  1.90  9.09  6.62 202 9999.0 999.0 999.0 999.0 99.0 99.00
2017 05 12 22 50 999 99.0 99.0  1.70 10.81  6.38 211 9999.0 999.0 999.0 999.0 99.0 99.00
2017 05 12 23 50 999 99.0 99.0  1.68  7.69  6.28 202 9999.0 999.0 999.0 999.0 99.0 99.00
2017 05 13 00 50 999 99.0 99.0  1.69  9.09  5.93 198 9999.0 999.0 999.0 999.0 99.0 99.00
2017 05 13 01 50 999 99.0 99.0  1.88  8.33  6.19 207 9999.0 999.0 999.0 999.0 99.0 99.00
2017 05 13 02 50 999 99.0 99.0  1.98  7.69  6.36 200 9999.0 999.0 999.0 999.0 99.0 99.00
2017 05 13 03 50 999 99.0 99.0  2.02  8.33  6.32 196 9999.0 999.0 999.0 999.0 99.0 99.00
2017 05 13 04 50 999 99.0 99.0  1.87  7.14  6.12 202 9999.0 999.0 999.0 999.0 99.0 99.00
2017 05 13 05 50 999 99.0 99.0  2.13  9.09  6.58 211 9999.0 999.0 999.0 999.0 99.0 99.00
2017 05 13 06 50 999 99.0 99.0  2.13  9.09  6.59 208 9999.0 999.0 999.0 999.0 99.0 99.00
2017 05 13 07 50 999 99.0 99.0  2.36  8.33  7.04 204 9999.0 999.0 999.0 999.0 99.0 99.00
2017 05 13 08 50 999 99.0 99.0  2.24  9.09  6.54 209 9999.0 999.0 999.0 999.0 99.0 99.00
2017 05 13 09 50 999 99.0 99.0  2.15  9.09  6.58 209 9999.0 999.0 999.0 999.0 99.0 99.00
2017 05 13 10 50 999 99.0 99.0  2.30  9.09  6.77 197 9999.0 999.0 999.0 999.0 99.0 99.00
2017 05 13 11 50 999 99.0 99.0  2.11 10.00  6.67 214 9999.0 999.0 999.0 999.0 99.0 99.00
2017 05 13 12 50 999 99.0 99.0  2.06 10.81  6.79 207 9999.0 999.0 999.0 999.0 99.0 99.00
2017 05 13 13 50 999 99.0 99.0  2.22 10.00  7.17 210 9999.0 999.0 999.0 999.0 99.0 99.00
2017 05 13 14 50 999 99.0 99.0  2.25 10.00  7.49 209 9999.0 999.0 999.0 999.0 99.0 99.00
2017 05 13 15 50 999 99.0 99.0  2.19  9.09  7.58 201 9999.0 999.0 999.0 999.0 99.0 99.00
2017 05 13 16 50 999 99.0 99.0  2.16 10.00  7.59 203 9999.0 999.0 999.0 999.0 99.0 99.00
2017 05 13 17 50 999 99.0 99.0  2.20 10.00  7.33 201 9999.0 999.0 999.0 999.0 99.0 99.00
2017 05 13 18 50 999 99.0 99.0  2.26 10.00  7.43 199 9999.0 999.0 999.0 999.0 99.0 99.00
2017 05 13 19 50 999 99.0 99.0  2.43 10.00  7.50 210 9999.0 999.0 999.0 999.0 99.0 99.00
2017 05 13 20 50 999 99.0 99.0  2.21  9.09  7.52 211 9999.0 999.0 999.0 999.0 99.0 99.00
2017 05 13 21 50 999 99.0 99.0  2.57 10.00  7.89 203 9999.0 999.0 999.0 999.0 99.0 99.00
2017 05 13 22 50 999 99.0 99.0  2.39 10.00  7.72 210 9999.0 999.0 999.0 999.0 99.0 99.00
2017 05 13 23 50 999 99.0 99.0  2.05 10.00  7.33 205 9999.0 999.0 999.0 999.0 99.0 99.00
2017 05 14 00 50 999 99.0 99.0  2.30 10.00  7.92 200 9999.0 999.0 999.0 999.0 99.0 99.00
2017 05 14 01 50 999 99.0 99.0  2.19 10.00  7.64 203 9999.0 999.0 999.0 999.0 99.0 99.00
2017 05 14 02 50 999 99.0 99.0  2.32 10.00  7.87 210 9999.0 999.0 999.0 999.0 99.0 99.00
2017 05 14 03 50 999 99.0 99.0  2.16 10.00  7.66 199 9999.0 999.0 999.0 999.0 99.0 99.00
2017 05 14 04 50 999 99.0 99.0  2.49 10.00  7.81 198 9999.0 999.0 999.0 999.0 99.0 99.00
2017 05 14 05 50 999 99.0 99.0  2.41 10.00  7.67 207 9999.0 999.0 999.0 999.0 99.0 99.00
2017 05 14 06 50 999 99.0 99.0  2.29 13.79  7.22 215 9999.0 999.0 999.0 999.0 99.0 99.00
2017 05 14 07 50 999 99.0 99.0  2.30 10.81  7.40 199 9999.0 999.0 999.0 999.0 99.0 99.00
2017 05 14 08 50 999 99.0 99.0  2.34 10.81  7.40 196 9999.0 999.0 999.0 999.0 99.0 99.00
2017 05 14 09 50 999 99.0 99.0  2.37 10.81  7.64 195 9999.0 999.0 999.0 999.0 99.0 99.00
2017 05 14 10 50 999 99.0 99.0  2.08 12.90  6.57 226 9999.0 999.0 999.0 999.0 99.0 99.00
2017 05 14 11 50 999 99.0 99.0  2.18 10.81  6.61 195 9999.0 999.0 999.0 999.0 99.0 99.00
2017 05 14 12 50 999 99.0 99.0  2.26 12.90  6.60 230 9999.0 999.0 999.0 999.0 99.0 99.00
2017 05 14 13 50 999 99.0 99.0  2.31 13.79  6.55 218 9999.0 999.0 999.0 999.0 99.0 99.00
2017 05 14 14 50 999 99.0 99.0  2.22 12.90  6.43 215 9999.0 999.0 999.0 999.0 99.0 99.00
2017 05 14 15 50 999 99.0 99.0  2.29 12.90  6.71 220 9999.0 999.0 999.0 999.0 99.0 99.00
2017 05 14 16 50 999 99.0 99.0  2.14 13.79  6.78 225 9999.0 999.0 999.0 999.0 99.0 99.00
2017 05 14 17 50 999 99.0 99.0  2.16 12.90  7.04 215 9999.0 999.0 999.0 999.0 99.0 99.00
2017 05 14 18 50 999 99.0 99.0  2.23 12.90  7.03 221 9999.0 999.0 999.0 999.0 99.0 99.00
2017 05 14 19 50 999 99.0 99.0  2.05 12.90  6.94 225 9999.0 999.0 999.0 999.0 99.0 99.00
2017 05 14 20 50 999 99.0 99.0  2.19 11.43  6.95 209 9999.0 999.0 999.0 999.0 99.0 99.00
2017 05 14 21 50 999 99.0 99.0  1.98 10.00  6.81 199 9999.0 999.0 999.0 999.0 99.0 99.00
2017 05 14 22 50 999 99.0 99.0  2.04 12.12  6.86 213 9999.0 999.0 999.0 999.0 99.0 99.00
2017 05 14 23 50 999 99.0 99.0  1.95 12.90  6.94 231 9999.0 999.0 999.0 999.0 99.0 99.00
2017 05 15 00 50 999 99.0 99.0  2.06 12.12  6.95 227 9999.0 999.0 999.0 999.0 99.0 99.00
2017 05 15 01 50 999 99.0 99.0  1.75 11.43  6.44 219 9999.0 999.0 999.0 999.0 99.0 99.00
2017 05 15 02 50 999 99.0 99.0  1.76 12.12  6.40 218 9999.0 999.0 999.0 999.0 99.0 99.00
2017 05 15 03 50 999 99.0 99.0  1.85 12.12  6.73 213 9999.0 999.0 999.0 999.0 99.0 99.00
2017 05 15 04 50 999 99.0 99.0  1.80 12.90  6.54 234 9999.0 999.0 999.0 999.0 99.0 99.00
2017 05 15 05 50 999 99.0 99.0  1.87  9.09  6.19 188 9999.0 999.0 999.0 999.0 99.0 99.00
2017 05 15 06 50 999 99.0 99.0  2.05 10.81  6.23 206 9999.0 999.0 999.0 999.0 99.0 99.00
2017 05 15 07 50 999 99.0 99.0  1.96 10.00  6.08 185 9999.0 999.0 999.0 999.0 99.0 99.00
2017 05 15 08 50 999 99.0 99.0  1.96  9.09  6.27 186 9999.0 999.0 999.0 999.0 99.0 99.00
2017 05 15 09 50 999 99.0 99.0  1.91 12.12  6.27 222 9999.0 999.0 999.0 999.0 99.0 99.00
2017 05 15 10 50 999 99.0 99.0  2.01 12.12  6.22 203 9999.0 999.0 999.0 999.0 99.0 99.00
2017 05 15 11 50 999 99.0 99.0  1.96 17.39  6.09 193 9999.0 999.0 999.0 999.0 99.0 99.00
2017 05 15 12 50 999 99.0 99.0  2.12 16.00  6.75 201 9999.0 999.0 999.0 999.0 99.0 99.00
2017 05 15 13 50 999 99.0 99.0  2.12 16.00  6.79 201 9999.0 999.0 999.0 999.0 99.0 99.00
2017 05 15 14 50 999 99.0 99.0  2.08 16.00  6.79 202 9999.0 999.0 999.0 999.0 99.0 99.00
2017 05 15 15 50 999 99.0 99.0  2.17 14.81  7.46 212 9999.0 999.0 999.0 999.0 99.0 99.00
2017 05 15 16 50 999 99.0 99.0  2.35 16.00  8.43 221 9999.0 999.0 999.0 999.0 99.0 99.00
2017 05 15 17 50 999 99.0 99.0  2.39 14.81  8.51 212 9999.0 999.0 999.0 999.0 99.0 99.00
2017 05 15 18 50 999 99.0 99.0  2.41 14.81  8.55 215 9999.0 999.0 999.0 999.0 99.0 99.00
2017 05 15 19 50 999 99.0 99.0  2.82 14.81  9.51 206 9999.0 999.0 999.0 999.0 99.0 99.00
2017 05 15 20 50 999 99.0 99.0  2.37 14.81  8.60 216 9999.0 999.0 999.0 999.0 99.0 99.00
2017 05 15 21 50 999 99.0 99.0  3.01 14.81  9.43 208 9999.0 999.0 999.0 999.0 99.0 99.00
2017 05 15 22 50 999 99.0 99.0  2.49 14.81  8.62 209 9999.0 999.0 999.0 999.0 99.0 99.00
2017 05 15 23 50 999 99.0 99.0  2.60 16.00  8.76 215 9999.0 999.0 999.0 999.0 99.0 99.00
2017 05 16 00 50 999 99.0 99.0  2.80 14.81  9.21 213 9999.0 999.0 999.0 999.0 99.0 99.00
2017 05 16 01 50 999 99.0 99.0  3.02 14.81  9.89 215 9999.0 999.0 999.0 999.0 99.0 99.00
2017 05 16 02 50 999 99.0 99.0  2.82 14.81  8.87 211 9999.0 999.0 999.0 999.0 99.0 99.00
2017 05 16 03 50 999 99.0 99.0  2.79 14.81  9.01 219 9999.0 999.0 999.0 999.0 99.0 99.00
2017 05 16 04 50 999 99.0 99.0  3.45 14.81 10.20 207 9999.0 999.0 999.0 999.0 99.0 99.00
2017 05 16 05 50 999 99.0 99.0  3.12 14.81  9.92 214 9999.0 999.0 999.0 999.0 99.0 99.00
2017 05 16 06 50 999 99.0 99.0  3.08 14.81 10.14 220 9999.0 999.0 999.0 999.0 99.0 99.00
2017 05 16 07 50 999 99.0 99.0  3.21 14.81 10.17 214 9999.0 999.0 999.0 999.0 99.0 99.00
2017 05 16 08 50 999 99.0 99.0  2.81 14.81  9.74 224 9999.0 999.0 999.0 999.0 99.0 99.00
2017 05 16 09 50 999 99.0 99.0  3.18 16.00 10.60 209 9999.0 999.0 999.0 999.0 99.0 99.00
2017 05 16 10 50 999 99.0 99.0  2.90 16.00 10.01 218 9999.0 999.0 999.0 999.0 99.0 99.00
2017 05 16 11 50 999 99.0 99.0  3.47 14.81 10.73 218 9999.0 999.0 999.0 999.0 99.0 99.00
2017 05 16 12 50 999 99.0 99.0  2.98 14.81  9.23 197 9999.0 999.0 999.0 999.0 99.0 99.00
2017 05 16 13 50 999 99.0 99.0  2.89 14.81  9.37 217 9999.0 999.0 999.0 999.0 99.0 99.00
2017 05 16 14 50 999 99.0 99.0  3.09 14.81  9.73 212 9999.0 999.0 999.0 999.0 99.0 99.00
2017 05 16 15 50 999 99.0 99.0  3.14 16.00  9.72 227 9999.0 999.0 999.0 999.0 99.0 99.00
2017 05 16 16 50 999 99.0 99.0  3.02 14.81  9.78 215 9999.0 999.0 999.0 999.0 99.0 99.00
2017 05 16 17 50 999 99.0 99.0  3.46 14.81 10.48 217 9999.0 999.0 999.0 999.0 99.0 99.00
2017 05 16 18 50 999 99.0 99.0  2.89 14.81  9.34 217 9999.0 999.0 999.0 999.0 99.0 99.00
2017 05 16 19 50 999 99.0 99.0  2.97 14.81  9.58 225 9999.0 999.0 999.0 999.0 99.0 99.00
2017 05 16 20 50 999 99.0 99.0  2.83 14.81  9.34 211 9999.0 999.0 999.0 999.0 99.0 99.00
2017 05 16 21 50 999 99.0 99.0  3.03 13.79  9.54 219 9999.0 999.0 999.0 999.0 99.0 99.00
2017 05 16 22 50 999 99.0 99.0  2.97 14.81  9.29 218 9999.0 999.0 999.0 999.0 99.0 99.00
2017 05 16 23 50 999 99.0 99.0  3.06 14.81  9.11 214 9999.0 999.0 999.0 999.0 99.0 99.00
2017 05 17 00 50 999 99.0 99.0  2.79 14.81  8.80 212 9999.0 999.0 999.0 999.0 99.0 99.00
2017 05 17 01 50 999 99.0 99.0  3.03 16.00  8.78 227 9999.0 999.0 999.0 999.0 99.0 99.00
2017 05 17 02 50 999 99.0 99.0  2.85 14.81  8.20 219 9999.0 999.0 999.0 999.0 99.0 99.00
2017 05 17 03 50 999 99.0 99.0  3.08 14.81  8.65 212 9999.0 999.0 999.0 999.0 99.0 99.00
2017 05 17 04 50 999 99.0 99.0  2.93 14.81  8.34 207 9999.0 999.0 999.0 999.0 99.0 99.00
2017 05 17 05 50 999 99.0 99.0  2.89 14.81  8.24 210 9999.0 999.0 999.0 999.0 99.0 99.00
2017 05 17 06 50 999 99.0 99.0  2.99 14.81  8.64 210 9999.0 999.0 999.0 999.0 99.0 99.00
2017 05 17 07 50 999 99.0 99.0  3.17 13.79  8.62 213 9999.0 999.0 999.0 999.0 99.0 99.00
2017 05 17 08 50 999 99.0 99.0  3.16 14.81  8.56 211 9999.0 999.0 999.0 999.0 99.0 99.00
2017 05 17 09 50 999 99.0 99.0  2.91 14.81  8.05 216 9999.0 999.0 999.0 999.0 99.0 99.00
2017 05 17 10 50 999 99.0 99.0  3.15 14.81  8.39 213 9999.0 999.0 999.0 999.0 99.0 99.00
2017 05 17 11 50 999 99.0 99.0  3.29 14.81  8.82 219 9999.0 999.0 999.0 999.0 99.0 99.00
2017 05 17 12 50 999 99.0 99.0  3.09 13.79  8.73 207 9999.0 999.0 999.0 999.0 99.0 99.00
2017 05 17 13 50 999 99.0 99.0  3.03 13.79  8.11 220 9999.0 999.0 999.0 999.0 99.0 99.00
2017 05 17 14 50 999 99.0 99.0  2.75 14.81  7.89 216 9999.0 999.0 999.0 999.0 99.0 99.00
2017 05 17 15 50 999 99.0 99.0  2.72 13.79  7.63 211 9999.0 999.0 999.0 999.0 99.0 99.00
2017 05 17 16 50 999 99.0 99.0  2.70 13.79  7.60 214 9999.0 999.0 999.0 999.0 99.0 99.00
2017 05 17 17 50 999 99.0 99.0  2.72 14.81  7.68 216 9999.0 999.0 999.0 999.0 99.0 99.00
2017 05 17 18 50 999 99.0 99.0  2.78 14.81  8.35 220 9999.0 999.0 999.0 999.0 99.0 99.00
2017 05 17 19 50 999 99.0 99.0  2.66 13.79  8.21 209 9999.0 999.0 999.0 999.0 99.0 99.00
2017 05 17 20 50 999 99.0 99.0  2.90 13.79  8.64 215 9999.0 999.0 999.0 999.0 99.0 99.00
2017 05 17 21 50 999 99.0 99.0  2.63 14.81  8.20 213 9999.0 999.0 999.0 999.0 99.0 99.00
2017 05 17 22 50 999 99.0 99.0  2.82 13.79  8.41 205 9999.0 999.0 999.0 999.0 99.0 99.00
2017 05 17 23 50 999 99.0 99.0  3.05 14.81  8.92 204 9999.0 999.0 999.0 999.0 99.0 99.00
2017 05 18 00 50 999 99.0 99.0  2.74 13.79  8.28 210 9999.0 999.0 999.0 999.0 99.0 99.00
2017 05 18 01 50 999 99.0 99.0  2.91 13.79  8.52 198 9999.0 999.0 999.0 999.0 99.0 99.00
2017 05 18 02 50 999 99.0 99.0  2.90 16.00  8.49 189 9999.0 999.0 999.0 999.0 99.0 99.00
2017 05 18 03 50 999 99.0 99.0  3.15 14.81  8.48 213 9999.0 999.0 999.0 999.0 99.0 99.00
2017 05 18 04 50 999 99.0 99.0  3.06 13.79  8.42 218 9999.0 999.0 999.0 999.0 99.0 99.00
2017 05 18 05 50 999 99.0 99.0  3.44 16.00  8.89 210 9999.0 999.0 999.0 999.0 99.0 99.00
2017 05 18 06 50 999 99.0 99.0  3.65 16.00  9.35 216 9999.0 999.0 999.0 999.0 99.0 99.00
2017 05 18 07 50 999 99.0 99.0  3.20 14.81  8.54 221 9999.0 999.0 999.0 999.0 99.0 99.00
2017 05 18 08 50 999 99.0 99.0  2.93 16.00  7.58 217 9999.0 999.0 999.0 999.0 99.0 99.00
2017 05 18 09 50 999 99.0 99.0  3.29 13.79  8.26 211 9999.0 999.0 999.0 999.0 99.0 99.00
2017 05 18 10 50 999 99.0 99.0  3.15 16.00  7.72 228 9999.0 999.0 999.0 999.0 99.0 99.00
2017 05 18 11 50 999 99.0 99.0  3.26 16.00  8.14 206 9999.0 999.0 999.0 999.0 99.0 99.00
2017 05 18 12 50 999 99.0 99.0  3.19 16.00  7.70 214 9999.0 999.0 999.0 999.0 99.0 99.00
2017 05 18 13 50 999 99.0 99.0  3.23 14.81  7.81 208 9999.0 999.0 999.0 999.0 99.0 99.00
2017 05 18 14 50 999 99.0 99.0  3.39 14.81  8.13 211 9999.0 999.0 999.0 999.0 99.0 99.00
2017 05 18 15 50 999 99.0 99.0  3.50 16.00  7.86 222 9999.0 999.0 999.0 999.0 99.0 99.00
2017 05 18 16 50 999 99.0 99.0  3.65 16.00  8.38 215 9999.0 999.0 999.0 999.0 99.0 99.00
2017 05 18 17 50 999 99.0 99.0  3.53 16.00  8.52 219 9999.0 999.0 999.0 999.0 99.0 99.00
2017 05 18 18 50 999 99.0 99.0  3.47 14.81  8.22 218 9999.0 999.0 999.0 999.0 99.0 99.00
2017 05 18 19 50 999 99.0 99.0  3.31 16.00  7.51 211 9999.0 999.0 999.0 999.0 99.0 99.00
2017 05 18 20 50 999 99.0 99.0  3.66 16.00  7.76 193 9999.0 999.0 999.0 999.0 99.0 99.00
2017 05 18 21 50 999 99.0 99.0  4.01 16.00  8.01 217 9999.0 999.0 999.0 999.0 99.0 99.00
2017 05 18 22 50 999 99.0 99.0  4.05 16.00  7.89 224 9999.0 999.0 999.0 999.0 99.0 99.00
2017 05 18 23 50 999 99.0 99.0  4.15 14.81  7.93 219 9999.0 999.0 999.0 999.0 99.0 99.00
2017 05 19 00 50 999 99.0 99.0  4.23 16.00  8.37 208 9999.0 999.0 999.0 999.0 99.0 99.00
2017 05 19 01 50 999 99.0 99.0  4.33 16.00  8.14 180 9999.0 999.0 999.0 999.0 99.0 99.00
2017 05 19 02 50 999 99.0 99.0  4.25 13.79  8.08 199 9999.0 999.0 999.0 999.0 99.0 99.00
2017 05 19 03 50 999 99.0 99.0  4.43 14.81  8.48 206 9999.0 999.0 999.0 999.0 99.0 99.00
2017 05 19 04 50 999 99.0 99.0  4.11 13.79  8.23 205 9999.0 999.0 999.0 999.0 99.0 99.00
2017 05 19 05 50 999 99.0 99.0  3.90 14.81  7.63 222 9999.0 999.0 999.0 999.0 99.0 99.00
2017 05 19 06 50 999 99.0 99.0  4.31 12.90  8.23 202 9999.0 999.0 999.0 999.0 99.0 99.00
2017 05 19 07 50 999 99.0 99.0  4.04 16.00  8.05 220 9999.0 999.0 999.0 999.0 99.0 99.00
2017 05 19 08 50 999 99.0 99.0  4.36 13.79  7.93 204 9999.0 999.0 999.0 999.0 99.0 99.00
2017 05 19 09 50 999 99.0 99.0  4.61 16.00  8.47 189 9999.0 999.0 999.0 999.0 99.0 99.00
2017 05 19 10 50 999 99.0 99.0  4.16 13.79  8.01 189 9999.0 999.0 999.0 999.0 99.0 99.00
2017 05 19 11 50 999 99.0 99.0  4.26 14.81  8.42 209 9999.0 999.0 999.0 999.0 99.0 99.00
2017 05 19 12 50 999 99.0 99.0  4.33 14.81  8.33 204 9999.0 999.0 999.0 999.0 99.0 99.00
2017 05 19 13 50 999 99.0 99.0  4.55 16.00  8.79 202 9999.0 999.0 999.0 999.0 99.0 99.00
2017 05 19 14 50 999 99.0 99.0  4.21 14.81  8.33 191 9999.0 999.0 999.0 999.0 99.0 99.00
2017 05 19 15 50 999 99.0 99.0  4.50 16.00  8.55 205 9999.0 999.0 999.0 999.0 99.0 99.00
2017 05 19 16 50 999 99.0 99.0  3.79 14.81  8.03 197 9999.0 999.0 999.0 999.0 99.0 99.00
2017 05 19 17 50 999 99.0 99.0  4.35 16.00  8.53 203 9999.0 999.0 999.0 999.0 99.0 99.00
2017 05 19 18 50 999 99.0 99.0  4.28 16.00  8.44 201 9999.0 999.0 999.0 999.0 99.0 99.00
2017 05 19 19 50 999 99.0 99.0  3.74 14.81  8.09 208 9999.0 999.0 999.0 999.0 99.0 99.00
2017 05 19 20 50 999 99.0 99.0  4.29 13.79  8.35 206 9999.0 999.0 999.0 999.0 99.0 99.00
2017 05 19 21 50 999 99.0 99.0  4.08 14.81  8.18 218 9999.0 999.0 999.0 999.0 99.0 99.00
2017 05 19 22 50 999 99.0 99.0  3.55 14.81  7.69 217 9999.0 999.0 999.0 999.0 99.0 99.00
2017 05 19 23 50 999 99.0 99.0  3.57 14.81  7.81 212 9999.0 999.0 999.0 999.0 99.0 99.00
2017 05 20 00 50 999 99.0 99.0  3.78 14.81  7.86 227 9999.0 999.0 999.0 999.0 99.0 99.00
2017 05 20 01 50 999 99.0 99.0  3.88 14.81  8.09 200 9999.0 999.0 999.0 999.0 99.0 99.00
2017 05 20 02 50 999 99.0 99.0  3.73 14.81  7.76 203 9999.0 999.0 999.0 999.0 99.0 99.00
2017 05 20 03 50 999 99.0 99.0  3.56 14.81  7.34 212 9999.0 999.0 999.0 999.0 99.0 99.00
2017 05 20 04 50 999 99.0 99.0  3.53 13.79  7.34 210 9999.0 999.0 999.0 999.0 99.0 99.00
2017 05 20 05 50 999 99.0 99.0  3.36 12.90  7.05 212 9999.0 999.0 999.0 999.0 99.0 99.00
2017 05 20 06 50 999 99.0 99.0  3.63 12.90  7.40 212 9999.0 999.0 999.0 999.0 99.0 99.00
2017 05 20 07 50 999 99.0 99.0  3.36 14.81  7.42 188 9999.0 999.0 999.0 999.0 99.0 99.00
2017 05 20 08 50 999 99.0 99.0  3.29 12.90  6.92 211 9999.0 999.0 999.0 999.0 99.0 99.00
2017 05 20 09 50 999 99.0 99.0  3.31 14.81  7.40 184 9999.0 999.0 999.0 999.0 99.0 99.00
2017 05 20 10 50 999 99.0 99.0  3.28 13.79  7.57 209 9999.0 999.0 999.0 999.0 99.0 99.00
2017 05 20 11 50 999 99.0 99.0  3.35 13.79  7.08 210 9999.0 999.0 999.0 999.0 99.0 99.00
2017 05 20 12 50 999 99.0 99.0  3.24  7.14  7.05 134 9999.0 999.0 999.0 999.0 99.0 99.00
2017 05 20 13 50 999 99.0 99.0  3.33 13.79  7.43 208 9999.0 999.0 999.0 999.0 99.0 99.00
2017 05 20 14 50 999 99.0 99.0  3.15 13.79  6.99 196 9999.0 999.0 999.0 999.0 99.0 99.00
2017 05 20 15 50 999 99.0 99.0  3.07 13.79  6.96 202 9999.0 999.0 999.0 999.0 99.0 99.00
2017 05 20 16 50 999 99.0 99.0  2.98  7.14  6.78 124 9999.0 999.0 999.0 999.0 99.0 99.00
2017 05 20 17 50 999 99.0 99.0  3.36 13.79  7.13 200 9999.0 999.0 999.0 999.0 99.0 99.00
2017 05 20 18 50 999 99.0 99.0  3.49  7.14  7.13 115 9999.0 999.0 999.0 999.0 99.0 99.00
2017 05 20 19 50 999 99.0 99.0  3.09  7.69  6.97 133 9999.0 999.0 999.0 999.0 99.0 99.00
2017 05 20 20 50 999 99.0 99.0  2.90  7.69  6.85 127 9999.0 999.0 999.0 999.0 99.0 99.00
2017 05 20 21 50 999 99.0 99.0  3.12 12.90  7.02 199 9999.0 999.0 999.0 999.0 99.0 99.00
2017 05 20 22 50 999 99.0 99.0  2.96 12.12  6.88 193 9999.0 999.0 999.0 999.0 99.0 99.00
2017 05 20 23 50 999 99.0 99.0  2.91  7.69  6.73 134 9999.0 999.0 999.0 999.0 99.0 99.00
2017 05 21 00 50 999 99.0 99.0  3.00  7.69  6.64 138 9999.0 999.0 999.0 999.0 99.0 99.00
2017 05 21 01 50 999 99.0 99.0  2.96  8.33  6.76 148 9999.0 999.0 999.0 999.0 99.0 99.00
2017 05 21 02 50 999 99.0 99.0  2.90 12.90  6.76 198 9999.0 999.0 999.0 999.0 99.0 99.00
2017 05 21 03 50 999 99.0 99.0  3.01  7.69  6.90 132 9999.0 999.0 999.0 999.0 99.0 99.00
2017 05 21 04 50 999 99.0 99.0  2.83  8.33  6.61 148 9999.0 999.0 999.0 999.0 99.0 99.00
2017 05 21 05 50 999 99.0 99.0  2.82  7.69  6.41 139 9999.0 999.0 999.0 999.0 99.0 99.00
2017 05 21 06 50 999 99.0 99.0  2.91  7.69  6.70 132 9999.0 999.0 999.0 999.0 99.0 99.00
2017 05 21 07 50 999 99.0 99.0  2.80  7.69  6.63 121 9999.0 999.0 999.0 999.0 99.0 99.00
2017 05 21 08 50 999 99.0 99.0  2.89  8.33  6.64 126 9999.0 999.0 999.0 999.0 99.0 99.00
2017 05 21 09 50 999 99.0 99.0  2.73  8.33  6.51 140 9999.0 999.0 999.0 999.0 99.0 99.00
2017 05 21 10 50 999 99.0 99.0  2.58  8.33  6.51 160 9999.0 999.0 999.0 999.0 99.0 99.00
2017 05 21 11 50 999 99.0 99.0  2.78  7.69  6.77 122 9999.0 999.0 999.0 999.0 99.0 99.00
2017 05 21 12 50 999 99.0 99.0  2.48  8.33  6.42 128 9999.0 999.0 999.0 999.0 99.0 99.00
2017 05 21 13 50 999 99.0 99.0  2.85  7.69  6.77 123 9999.0 999.0 999.0 999.0 99.0 99.00
2017 05 21 14 50 999 99.0 99.0  2.49  7.69  6.59 141 9999.0 999.0 999.0 999.0 99.0 99.00
2017 05 21 15 50 999 99.0 99.0  2.56 12.90  6.99 206 9999.0 999.0 999.0 999.0 99.0 99.00
2017 05 21 16 50 999 99.0 99.0  2.73  7.69  6.54 130 9999.0 999.0 999.0 999.0 99.0 99.00
2017 05 21 17 50 999 99.0 99.0  2.61  7.69  6.65 120 9999.0 999.0 999.0 999.0 99.0 99.00
2017 05 21 18 50 999 99.0 99.0  2.38 12.90  6.50 190 9999.0 999.0 999.0 999.0 99.0 99.00
2017 05 21 19 50 999 99.0 99.0  2.47 12.90  6.37 198 9999.0 999.0 999.0 999.0 99.0 99.00
2017 05 21 20 50 999 99.0 99.0  2.35  7.69  6.52 123 9999.0 999.0 999.0 999.0 99.0 99.00
2017 05 21 21 50 999 99.0 99.0  2.41  7.69  6.54 131 9999.0 999.0 999.0 999.0 99.0 99.00
2017 05 21 22 50 999 99.0 99.0  2.17  7.69  6.29 142 9999.0 999.0 999.0 999.0 99.0 99.00
2017 05 21 23 50 999 99.0 99.0  2.20  7.69  6.32 115 9999.0 999.0 999.0 999.0 99.0 99.00
2017 05 22 00 50 999 99.0 99.0  2.24  7.69  6.40 137 9999.0 999.0 999.0 999.0 99.0 99.00
2017 05 22 01 50 999 99.0 99.0  2.12  7.69  6.55 122 9999.0 999.0 999.0 999.0 99.0 99.00
2017 05 22 02 50 999 99.0 99.0  2.25  7.14  6.49 123 9999.0 999.0 999.0 999.0 99.0 99.00
2017 05 22 03 50 999 99.0 99.0  2.08  7.14  6.25 129 9999.0 999.0 999.0 999.0 99.0 99.00
2017 05 22 04 50 999 99.0 99.0  2.26 12.90  6.20 209 9999.0 999.0 999.0 999.0 99.0 99.00
2017 05 22 05 50 999 99.0 99.0  2.15 12.12  6.35 212 9999.0 999.0 999.0 999.0 99.0 99.00
2017 05 22 06 50 999 99.0 99.0  2.31 12.12  6.66 206 9999.0 999.0 999.0 999.0 99.0 99.00
2017 05 22 07 50 999 99.0 99.0  2.18  7.14  6.25 128 9999.0 999.0 999.0 999.0 99.0 99.00
2017 05 22 08 50 999 99.0 99.0  2.20 12.90  6.43 201 9999.0 999.0 999.0 999.0 99.0 99.00
2017 05 22 09 50 999 99.0 99.0  1.98  7.69  6.35 133 9999.0 999.0 999.0 999.0 99.0 99.00
2017 05 22 10 50 999 99.0 99.0  2.05 12.90  6.46 211 9999.0 999.0 999.0 999.0 99.0 99.00
2017 05 22 11 50 999 99.0 99.0  1.97  7.14  6.34 126 9999.0 999.0 999.0 999.0 99.0 99.00
2017 05 22 12 50 999 99.0 99.0  1.95  7.14  6.40 132 9999.0 999.0 999.0 999.0 99.0 99.00
2017 05 22 13 50 999 99.0 99.0  2.03 12.12  6.85 216 9999.0 999.0 999.0 999.0 99.0 99.00
2017 05 22 14 50 999 99.0 99.0  1.96 12.90  6.80 200 9999.0 999.0 999.0 999.0 99.0 99.00
2017 05 22 15 50 999 99.0 99.0  1.92 12.90  6.70 192 9999.0 999.0 999.0 999.0 99.0 99.00
2017 05 22 16 50 999 99.0 99.0  1.94 14.81  7.05 219 9999.0 999.0 999.0 999.0 99.0 99.00
2017 05 22 17 50 999 99.0 99.0  1.97 12.90  6.97 194 9999.0 999.0 999.0 999.0 99.0 99.00
2017 05 22 18 50 999 99.0 99.0  2.05 16.00  6.96 220 9999.0 999.0 999.0 999.0 99.0 99.00
2017 05 22 19 50 999 99.0 99.0  1.86 12.12  6.58 190 9999.0 999.0 999.0 999.0 99.0 99.00
2017 05 22 20 50 999 99.0 99.0  1.97 12.90  6.87 202 9999.0 999.0 999.0 999.0 99.0 99.00
2017 05 22 21 50 999 99.0 99.0  1.88 12.90  6.84 220 9999.0 999.0 999.0 999.0 99.0 99.00
2017 05 22 22 50 999 99.0 99.0  1.91 14.81  7.18 236 9999.0 999.0 999.0 999.0 99.0 99.00
2017 05 22 23 50 999 99.0 99.0  1.76 16.00  6.82 220 9999.0 999.0 999.0 999.0 99.0 99.00
2017 05 23 00 50 999 99.0 99.0  1.58 17.39  6.40 241 9999.0 999.0 999.0 999.0 99.0 99.00
2017 05 23 01 50 999 99.0 99.0  1.92 14.81  6.78 229 9999.0 999.0 999.0 999.0 99.0 99.00
2017 05 23 02 50 999 99.0 99.0  1.93 13.79  7.08 198 9999.0 999.0 999.0 999.0 99.0 99.00
2017 05 23 03 50 999 99.0 99.0  1.84 16.00  7.08 185 9999.0 999.0 999.0 999.0 99.0 99.00
2017 05 23 04 50 999 99.0 99.0  1.92 16.00  7.12 212 9999.0 999.0 999.0 999.0 99.0 99.00
2017 05 23 05 50 999 99.0 99.0  1.90 14.81  6.76 228 9999.0 999.0 999.0 999.0 99.0 99.00
2017 05 23 06 50 999 99.0 99.0  1.92 14.81  6.98 211 9999.0 999.0 999.0 999.0 99.0 99.00
2017 05 23 07 50 999 99.0 99.0  1.79 16.00  6.59 237 9999.0 999.0 999.0 999.0 99.0 99.00
2017 05 23 08 50 999 99.0 99.0  1.83 14.81  6.94 209 9999.0 999.0 999.0 999.0 99.0 99.00
2017 05 23 09 50 999 99.0 99.0  1.96 14.81  7.80 222 9999.0 999.0 999.0 999.0 99.0 99.00
2017 05 23 10 50 999 99.0 99.0  2.01 14.81  7.92 204 9999.0 999.0 999.0 999.0 99.0 99.00
2017 05 23 11 50 999 99.0 99.0  1.84 14.81  7.72 231 9999.0 999.0 999.0 999.0 99.0 99.00
2017 05 23 12 50 999 99.0 99.0  1.84 13.79  7.22 226 9999.0 999.0 999.0 999.0 99.0 99.00
2017 05 23 13 50 999 99.0 99.0  2.06 14.81  8.11 210 9999.0 999.0 999.0 999.0 99.0 99.00
2017 05 23 14 50 999 99.0 99.0  2.17 14.81  8.32 203 9999.0 999.0 999.0 999.0 99.0 99.00
2017 05 23 15 50 999 99.0 99.0  2.24 14.81  9.16 204 9999.0 999.0 999.0 999.0 99.0 99.00
2017 05 23 16 50 999 99.0 99.0  1.93 16.00  8.38 174 9999.0 999.0 999.0 999.0 99.0 99.00
2017 05 23 17 50 999 99.0 99.0  2.38 14.81  9.37 201 9999.0 999.0 999.0 999.0 99.0 99.00
2017 05 23 18 50 999 99.0 99.0  2.46 13.79  9.43 194 9999.0 999.0 999.0 999.0 99.0 99.00
2017 05 23 19 50 999 99.0 99.0  2.17 13.79  8.83 208 9999.0 999.0 999.0 999.0 99.0 99.00
2017 05 23 20 50 999 99.0 99.0  2.59 13.79  9.77 201 9999.0 999.0 999.0 999.0 99.0 99.00
2017 05 23 21 50 999 99.0 99.0  2.38 13.79  9.16 203 9999.0 999.0 999.0 999.0 99.0 99.00
2017 05 23 22 50 999 99.0 99.0  2.29 14.81  9.33 209 9999.0 999.0 999.0 999.0 99.0 99.00
2017 05 23 23 50 999 99.0 99.0  2.69 13.79 10.17 208 9999.0 999.0 999.0 999.0 99.0 99.00
2017 05 24 00 50 999 99.0 99.0  2.93 13.79 10.73 197 9999.0 999.0 999.0 999.0 99.0 99.00
2017 05 24 01 50 999 99.0 99.0  2.74 13.79  9.82 189 9999.0 999.0 999.0 999.0 99.0 99.00
2017 05 24 02 50 999 99.0 99.0  3.20 13.79 10.58 195 9999.0 999.0 999.0 999.0 99.0 99.00
2017 05 24 03 50 999 99.0 99.0  2.50 14.81  9.15 182 9999.0 999.0 999.0 999.0 99.0 99.00
2017 05 24 04 50 999 99.0 99.0  2.63 13.79  8.89 198 9999.0 999.0 999.0 999.0 99.0 99.00
2017 05 24 05 50 999 99.0 99.0  2.64 13.79  8.61 194 9999.0 999.0 999.0 999.0 99.0 99.00
2017 05 24 06 50 999 99.0 99.0  2.93 13.79  9.37 205 9999.0 999.0 999.0 999.0 99.0 99.00
2017 05 24 07 50 999 99.0 99.0  2.86 13.79  8.85 200 9999.0 999.0 999.0 999.0 99.0 99.00
2017 05 24 08 50 999 99.0 99.0  2.68 14.81  8.08 208 9999.0 999.0 999.0 999.0 99.0 99.00
2017 05 24 09 50 999 99.0 99.0  2.93 12.90  7.61 213 9999.0 999.0 999.0 999.0 99.0 99.00
2017 05 24 10 50 999 99.0 99.0  2.96 13.79  6.99 210 9999.0 999.0 999.0 999.0 99.0 99.00
2017 05 24 11 50 999 99.0 99.0  3.35 13.79  7.29 197 9999.0 999.0 999.0 999.0 99.0 99.00
2017 05 24 12 50 999 99.0 99.0  3.47 12.12  7.31 214 9999.0 999.0 999.0 999.0 99.0 99.00
2017 05 24 13 50 999 99.0 99.0  3.52 14.81  7.37 204 9999.0 999.0 999.0 999.0 99.0 99.00
2017 05 24 14 50 999 99.0 99.0  3.37 12.90  7.36 209 9999.0 999.0 999.0 999.0 99.0 99.00
2017 05 24 15 50 999 99.0 99.0  3.23  8.33  7.33 197 9999.0 999.0 999.0 999.0 99.0 99.00
2017 05 24 16 50 999 99.0 99.0  3.14 13.79  7.35 210 9999.0 999.0 999.0 999.0 99.0 99.00
2017 05 24 17 50 999 99.0 99.0  3.07 12.90  7.31 193 9999.0 999.0 999.0 999.0 99.0 99.00
2017 05 24 18 50 999 99.0 99.0  3.02 13.79  7.20 193 9999.0 999.0 999.0 999.0 99.0 99.00
2017 05 24 19 50 999 99.0 99.0  3.01 13.79  7.32 201 9999.0 999.0 999.0 999.0 99.0 99.00
2017 05 24 20 50 999 99.0 99.0  2.87 12.90  7.19 202 9999.0 999.0 999.0 999.0 99.0 99.00
2017 05 24 21 50 999 99.0 99.0  2.53 13.79  6.84 230 9999.0 999.0 999.0 999.0 99.0 99.00
2017 05 24 22 50 999 99.0 99.0  2.53 12.90  6.87 202 9999.0 999.0 999.0 999.0 99.0 99.00
2017 05 24 23 50 999 99.0 99.0  2.67 12.90  7.01 196 9999.0 999.0 999.0 999.0 99.0 99.00
2017 05 25 00 50 999 99.0 99.0  2.57 13.79  6.72 201 9999.0 999.0 999.0 999.0 99.0 99.00
2017 05 25 01 50 999 99.0 99.0  2.87 12.90  7.13 218 9999.0 999.0 999.0 999.0 99.0 99.00
2017 05 25 02 50 999 99.0 99.0  2.71 12.12  6.78 188 9999.0 999.0 999.0 999.0 99.0 99.00
2017 05 25 03 50 999 99.0 99.0  2.83 13.79  6.93 220 9999.0 999.0 999.0 999.0 99.0 99.00
2017 05 25 04 50 999 99.0 99.0  2.90  9.09  7.08 194 9999.0 999.0 999.0 999.0 99.0 99.00
2017 05 25 05 50 999 99.0 99.0  3.20 12.90  7.23 195 9999.0 999.0 999.0 999.0 99.0 99.00
2017 05 25 06 50 999 99.0 99.0  3.10 12.90  7.29 202 9999.0 999.0 999.0 999.0 99.0 99.00
2017 05 25 07 50 999 99.0 99.0  3.24 10.00  7.43 197 9999.0 999.0 999.0 999.0 99.0 99.00
2017 05 25 08 50 999 99.0 99.0  2.80  9.09  6.87 187 9999.0 999.0 999.0 999.0 99.0 99.00
2017 05 25 09 50 999 99.0 99.0  2.93  9.09  7.19 203 9999.0 999.0 999.0 999.0 99.0 99.00
2017 05 25 10 50 999 99.0 99.0  3.10  8.33  7.20 190 9999.0 999.0 999.0 999.0 99.0 99.00
2017 05 25 11 50 999 99.0 99.0  3.08 10.00  7.17 199 9999.0 999.0 999.0 999.0 99.0 99.00
2017 05 25 12 50 999 99.0 99.0  3.18  9.09  7.31 195 9999.0 999.0 999.0 999.0 99.0 99.00
2017 05 25 13 50 999 99.0 99.0  3.22 10.00  7.32 195 9999.0 999.0 999.0 999.0 99.0 99.00
2017 05 25 14 50 999 99.0 99.0  3.11 10.00  7.30 195 9999.0 999.0 999.0 999.0 99.0 99.00
2017 05 25 15 50 999 99.0 99.0  3.20 11.43  7.58 198 9999.0 999.0 999.0 999.0 99.0 99.00
2017 05 25 16 50 999 99.0 99.0  3.15 12.90  7.73 202 9999.0 999.0 999.0 999.0 99.0 99.00
2017 05 25 17 50 999 99.0 99.0  3.24 10.00  7.58 202 9999.0 999.0 999.0 999.0 99.0 99.00
2017 05 25 18 50 999 99.0 99.0  3.24 10.81  8.09 200 9999.0 999.0 999.0 999.0 99.0 99.00
2017 05 25 19 50 999 99.0 99.0  2.85 10.81  7.42 194 9999.0 999.0 999.0 999.0 99.0 99.00
2017 05 25 20 50 999 99.0 99.0  3.29 10.81  8.04 196 9999.0 999.0 999.0 999.0 99.0 99.00
2017 05 25 21 50 999 99.0 99.0  2.92 10.00  7.28 202 9999.0 999.0 999.0 999.0 99.0 99.00
2017 05 25 22 50 999 99.0 99.0  2.75 10.00  7.30 193 9999.0 999.0 999.0 999.0 99.0 99.00
2017 05 25 23 50 999 99.0 99.0  2.53 10.81  7.25 188 9999.0 999.0 999.0 999.0 99.0 99.00
2017 05 26 00 50 999 99.0 99.0  2.76 11.43  7.83 188 9999.0 999.0 999.0 999.0 99.0 99.00
2017 05 26 01 50 999 99.0 99.0  2.65 12.12  7.44 204 9999.0 999.0 999.0 999.0 99.0 99.00
2017 05 26 02 50 999 99.0 99.0  2.47 11.43  7.11 192 9999.0 999.0 999.0 999.0 99.0 99.00
2017 05 26 03 50 999 99.0 99.0  2.50 11.43  7.05 187 9999.0 999.0 999.0 999.0 99.0 99.00
2017 05 26 04 50 999 99.0 99.0  2.56 10.81  7.28 198 9999.0 999.0 999.0 999.0 99.0 99.00
2017 05 26 05 50 999 99.0 99.0  2.42 10.81  7.05 181 9999.0 999.0 999.0 999.0 99.0 99.00
2017 05 26 06 50 999 99.0 99.0  2.20 12.12  6.75 202 9999.0 999.0 999.0 999.0 99.0 99.00
2017 05 26 07 50 999 99.0 99.0  2.29 12.12  6.72 210 9999.0 999.0 999.0 999.0 99.0 99.00
2017 05 26 08 50 999 99.0 99.0  2.42 11.43  6.96 203 9999.0 999.0 999.0 999.0 99.0 99.00
2017 05 26 09 50 999 99.0 99.0  2.21  9.09  6.50 201 9999.0 999.0 999.0 999.0 99.0 99.00
2017 05 26 10 50 999 99.0 99.0  2.33 10.00  6.86 192 9999.0 999.0 999.0 999.0 99.0 99.00
2017 05 26 11 50 999 99.0 99.0  2.23 11.43  6.28 184 9999.0 999.0 999.0 999.0 99.0 99.00
2017 05 26 12 50 999 99.0 99.0  2.13 11.43  6.47 201 9999.0 999.0 999.0 999.0 99.0 99.00
2017 05 26 13 50 999 99.0 99.0  2.37 10.81  6.73 188 9999.0 999.0 999.0 999.0 99.0 99.00
2017 05 26 14 50 999 99.0 99.0  2.51 10.81  7.04 189 9999.0 999.0 999.0 999.0 99.0 99.00
2017 05 26 15 50 999 99.0 99.0  2.28 11.43  6.68 192 9999.0 999.0 999.0 999.0 99.0 99.00
2017 05 26 16 50 999 99.0 99.0  2.20 10.81  6.37 202 9999.0 999.0 999.0 999.0 99.0 99.00
2017 05 26 18 50 999 99.0 99.0  2.27 11.43  6.62 195 9999.0 999.0 999.0 999.0 99.0 99.00
2017 05 26 19 50 999 99.0 99.0  2.28 10.81  6.69 189 9999.0 999.0 999.0 999.0 99.0 99.00
2017 05 26 20 50 999 99.0 99.0  2.27 10.81  6.83 191 9999.0 999.0 999.0 999.0 99.0 99.00
2017 05 26 21 50 999 99.0 99.0  2.31 11.43  6.45 198 9999.0 999.0 999.0 999.0 99.0 99.00
2017 05 26 22 50 999 99.0 99.0  2.28 10.00  6.53 190 9999.0 999.0 999.0 999.0 99.0 99.00
2017 05 26 23 50 999 99.0 99.0  2.14 10.00  6.48 188 9999.0 999.0 999.0 999.0 99.0 99.00
2017 05 27 00 50 999 99.0 99.0  2.22 12.90  6.58 186 9999.0 999.0 999.0 999.0 99.0 99.00
2017 05 27 01 50 999 99.0 99.0  2.16 12.90  6.41 189 9999.0 999.0 999.0 999.0 99.0 99.00
2017 05 27 02 50 999 99.0 99.0  2.04 10.81  6.11 184 9999.0 999.0 999.0 999.0 99.0 99.00
2017 05 27 03 50 999 99.0 99.0  2.08 10.00  6.61 181 9999.0 999.0 999.0 999.0 99.0 99.00
2017 05 27 04 50 999 99.0 99.0  2.05 14.81  6.43 217 9999.0 999.0 999.0 999.0 99.0 99.00
2017 05 27 05 50 999 99.0 99.0  2.01 14.81  7.07 186 9999.0 999.0 999.0 999.0 99.0 99.00
2017 05 27 06 50 999 99.0 99.0  2.01 12.12  7.03 196 9999.0 999.0 999.0 999.0 99.0 99.00
2017 05 27 07 50 999 99.0 99.0  2.11 16.00  7.21 206 9999.0 999.0 999.0 999.0 99.0 99.00
2017 05 27 08 50 999 99.0 99.0  2.06 16.00  7.07 182 9999.0 999.0 999.0 999.0 99.0 99.00
2017 05 27 09 50 999 99.0 99.0  2.20 16.00  7.17 196 9999.0 999.0 999.0 999.0 99.0 99.00
2017 05 27 10 50 999 99.0 99.0  2.53 16.00  7.55 179 9999.0 999.0 999.0 999.0 99.0 99.00
2017 05 27 11 50 999 99.0 99.0  2.18 16.00  7.30 207 9999.0 999.0 999.0 999.0 99.0 99.00
2017 05 27 12 50 999 99.0 99.0  2.17 12.90  7.26 195 9999.0 999.0 999.0 999.0 99.0 99.00
2017 05 27 13 50 999 99.0 99.0  2.29 16.00  7.58 188 9999.0 999.0 999.0 999.0 99.0 99.00
2017 05 27 14 50 999 99.0 99.0  2.47 12.90  8.01 190 9999.0 999.0 999.0 999.0 99.0 99.00
2017 05 27 15 50 999 99.0 99.0  2.67 16.00  8.20 206 9999.0 999.0 999.0 999.0 99.0 99.00
2017 05 27 16 50 999 99.0 99.0  2.23 16.00  7.87 197 9999.0 999.0 999.0 999.0 99.0 99.00
2017 05 27 17 50 999 99.0 99.0  2.52 14.81  8.45 191 9999.0 999.0 999.0 999.0 99.0 99.00
2017 05 27 18 50 999 99.0 99.0  2.60 16.00  8.52 199 9999.0 999.0 999.0 999.0 99.0 99.00
2017 05 27 19 50 999 99.0 99.0  2.42 14.81  7.87 190 9999.0 999.0 999.0 999.0 99.0 99.00
2017 05 27 20 50 999 99.0 99.0  2.67 14.81  8.29 202 9999.0 999.0 999.0 999.0 99.0 99.00
2017 05 27 21 50 999 99.0 99.0  2.71 14.81  8.02 207 9999.0 999.0 999.0 999.0 99.0 99.00
2017 05 27 22 50 999 99.0 99.0  2.48 14.81  7.70 191 9999.0 999.0 999.0 999.0 99.0 99.00
2017 05 27 23 50 999 99.0 99.0  2.38 13.79  7.49 200 9999.0 999.0 999.0 999.0 99.0 99.00
2017 05 28 00 50 999 99.0 99.0  2.28 14.81  7.35 187 9999.0 999.0 999.0 999.0 99.0 99.00
2017 05 28 01 50 999 99.0 99.0  2.11 14.81  7.01 196 9999.0 999.0 999.0 999.0 99.0 99.00
2017 05 28 02 50 999 99.0 99.0  2.24 13.79  7.53 197 9999.0 999.0 999.0 999.0 99.0 99.00
2017 05 28 03 50 999 99.0 99.0  2.16 13.79  7.55 205 9999.0 999.0 999.0 999.0 99.0 99.00
2017 05 28 04 50 999 99.0 99.0  2.19 12.12  7.68 179 9999.0 999.0 999.0 999.0 99.0 99.00
2017 05 28 05 50 999 99.0 99.0  1.99 12.12  7.72 181 9999.0 999.0 999.0 999.0 99.0 99.00
2017 05 28 06 50 999 99.0 99.0  2.12 14.81  7.81 219 9999.0 999.0 999.0 999.0 99.0 99.00
2017 05 28 07 50 999 99.0 99.0  2.00 13.79  7.34 204 9999.0 999.0 999.0 999.0 99.0 99.00
2017 05 28 08 50 999 99.0 99.0  2.49 13.79  8.34 199 9999.0 999.0 999.0 999.0 99.0 99.00
2017 05 28 09 50 999 99.0 99.0  2.32 12.12  7.72 204 9999.0 999.0 999.0 999.0 99.0 99.00
2017 05 28 10 50 999 99.0 99.0  2.06 13.79  7.21 191 9999.0 999.0 999.0 999.0 99.0 99.00
2017 05 28 11 50 999 99.0 99.0  2.22 12.90  7.38 201 9999.0 999.0 999.0 999.0 99.0 99.00
2017 05 28 12 50 999 99.0 99.0  2.28 13.79  7.16 195 9999.0 999.0 999.0 999.0 99.0 99.00
2017 05 28 13 50 999 99.0 99.0  2.26 13.79  7.54 186 9999.0 999.0 999.0 999.0 99.0 99.00
2017 05 28 14 50 999 99.0 99.0  2.19 13.79  7.42 190 9999.0 999.0 999.0 999.0 99.0 99.00
2017 05 28 15 50 999 99.0 99.0  2.31 10.81  7.65 191 9999.0 999.0 999.0 999.0 99.0 99.00
2017 05 28 16 50 999 99.0 99.0  2.24 12.90  7.52 189 9999.0 999.0 999.0 999.0 99.0 99.00
2017 05 28 17 50 999 99.0 99.0  2.23 13.79  7.88 215 9999.0 999.0 999.0 999.0 99.0 99.00
2017 05 28 18 50 999 99.0 99.0  2.03 13.79  7.36 190 9999.0 999.0 999.0 999.0 99.0 99.00
2017 05 28 19 50 999 99.0 99.0  2.02 11.43  7.67 177 9999.0 999.0 999.0 999.0 99.0 99.00
2017 05 28 20 50 999 99.0 99.0  2.04 13.79  8.00 202 9999.0 999.0 999.0 999.0 99.0 99.00
2017 05 28 21 50 999 99.0 99.0  2.07 12.90  8.01 193 9999.0 999.0 999.0 999.0 99.0 99.00
2017 05 28 22 50 999 99.0 99.0  1.84 14.81  7.50 190 9999.0 999.0 999.0 999.0 99.0 99.00
2017 05 28 23 50 999 99.0 99.0  1.87 13.79  7.42 201 9999.0 999.0 999.0 999.0 99.0 99.00
2017 05 29 00 50 999 99.0 99.0  1.82 14.81  7.19 160 9999.0 999.0 999.0 999.0 99.0 99.00
2017 05 29 01 50 999 99.0 99.0  1.73 16.00  6.85 191 9999.0 999.0 999.0 999.0 99.0 99.00
2017 05 29 02 50 999 99.0 99.0  1.78 14.81  7.11 179 9999.0 999.0 999.0 999.0 99.0 99.00
2017 05 29 03 50 999 99.0 99.0  1.81 14.81  7.12 191 9999.0 999.0 999.0 999.0 99.0 99.00
2017 05 29 04 50 999 99.0 99.0  1.67 14.81  6.88 188 9999.0 999.0 999.0 999.0 99.0 99.00
2017 05 29 05 50 999 99.0 99.0  1.77 14.81  7.24 190 9999.0 999.0 999.0 999.0 99.0 99.00
2017 05 29 06 50 999 99.0 99.0  1.75 14.81  7.30 174 9999.0 999.0 999.0 999.0 99.0 99.00
2017 05 29 07 50 999 99.0 99.0  1.64 12.90  6.60 182 9999.0 999.0 999.0 999.0 99.0 99.00
2017 05 29 08 50 999 99.0 99.0  1.73 14.81  7.02 190 9999.0 999.0 999.0 999.0 99.0 99.00
2017 05 29 09 50 999 99.0 99.0  1.69 13.79  6.65 181 9999.0 999.0 999.0 999.0 99.0 99.00
2017 05 29 10 50 999 99.0 99.0  1.92 13.79  6.48 199 9999.0 999.0 999.0 999.0 99.0 99.00
2017 05 29 11 50 999 99.0 99.0  1.88 13.79  6.12 196 9999.0 999.0 999.0 999.0 99.0 99.00
2017 05 29 12 50 999 99.0 99.0  1.86 13.79  6.46 180 9999.0 999.0 999.0 999.0 99.0 99.00
2017 05 29 13 50 999 99.0 99.0  1.91 12.90  5.94 187 9999.0 999.0 999.0 999.0 99.0 99.00
2017 05 29 14 50 999 99.0 99.0  1.88 12.90  5.68 183 9999.0 999.0 999.0 999.0 99.0 99.00
2017 05 29 15 50 999 99.0 99.0  1.91 13.79  5.76 193 9999.0 999.0 999.0 999.0 99.0 99.00
2017 05 29 16 50 999 99.0 99.0  1.85  6.25  5.69 103 9999.0 999.0 999.0 999.0 99.0 99.00
2017 05 29 17 50 999 99.0 99.0  1.85 13.79  5.74 198 9999.0 999.0 999.0 999.0 99.0 99.00
2017 05 29 18 50 999 99.0 99.0  1.87 13.79  5.77 159 9999.0 999.0 999.0 999.0 99.0 99.00
2017 05 29 19 50 999 99.0 99.0  1.78  6.25  5.66 114 9999.0 999.0 999.0 999.0 99.0 99.00
2017 05 29 20 50 999 99.0 99.0  1.80 14.81  5.86 204 9999.0 999.0 999.0 999.0 99.0 99.00
2017 05 29 21 50 999 99.0 99.0  1.83  5.88  5.60 124 9999.0 999.0 999.0 999.0 99.0 99.00
2017 05 29 22 50 999 99.0 99.0  1.88 13.79  5.83 207 9999.0 999.0 999.0 999.0 99.0 99.00
2017 05 29 23 50 999 99.0 99.0  1.80 13.79  5.68 190 9999.0 999.0 999.0 999.0 99.0 99.00
2017 05 30 00 50 999 99.0 99.0  1.83 13.79  5.74 231 9999.0 999.0 999.0 999.0 99.0 99.00
2017 05 30 01 50 999 99.0 99.0  1.84 13.79  5.68 195 9999.0 999.0 999.0 999.0 99.0 99.00
2017 05 30 02 50 999 99.0 99.0  1.82 14.81  5.58 253 9999.0 999.0 999.0 999.0 99.0 99.00
2017 05 30 03 50 999 99.0 99.0  1.75 14.81  5.72 217 9999.0 999.0 999.0 999.0 99.0 99.00
2017 05 30 04 50 999 99.0 99.0  1.78 13.79  5.46 202 9999.0 999.0 999.0 999.0 99.0 99.00
2017 05 31 07 50 999 99.0 99.0  2.12 19.05  6.01 256 9999.0 999.0 999.0 999.0 99.0 99.00
2017 05 31 08 50 999 99.0 99.0  2.19 19.05  6.40 209 9999.0 999.0 999.0 999.0 99.0 99.00
2017 05 31 09 50 999 99.0 99.0  2.27 19.05  6.29 269 9999.0 999.0 999.0 999.0 99.0 99.00
2017 05 31 10 50 999 99.0 99.0  2.05 16.00  5.84 197 9999.0 999.0 999.0 999.0 99.0 99.00
2017 05 31 11 50 999 99.0 99.0  2.43 17.39  6.83 221 9999.0 999.0 999.0 999.0 99.0 99.00
2017 05 31 12 50 999 99.0 99.0  2.25  6.67  5.99 115 9999.0 999.0 999.0 999.0 99.0 99.00
2017 05 31 13 50 999 99.0 99.0  2.54 17.39  6.74 226 9999.0 999.0 999.0 999.0 99.0 99.00
2017 05 31 14 50 999 99.0 99.0  3.02 17.39  7.76 204 9999.0 999.0 999.0 999.0 99.0 99.00
2017 05 31 15 50 999 99.0 99.0  3.02 17.39  7.35 216 9999.0 999.0 999.0 999.0 99.0 99.00
2017 05 31 16 50 999 99.0 99.0  2.82 17.39  6.88 198 9999.0 999.0 999.0 999.0 99.0 99.00
2017 05 31 17 50 999 99.0 99.0  3.13 16.00  7.43 223 9999.0 999.0 999.0 999.0 99.0 99.00
2017 05 31 18 50 999 99.0 99.0  3.38 16.00  8.20 215 9999.0 999.0 999.0 999.0 99.0 99.00
2017 05 31 19 50 999 99.0 99.0  3.01 17.39  7.78 218 9999.0 999.0 999.0 999.0 99.0 99.00
2017 05 31 20 50 999 99.0 99.0  3.05 16.00  8.18 212 9999.0 999.0 999.0 999.0 99.0 99.00
2017 05 31 21 50 999 99.0 99.0  2.83 14.81  7.44 226 9999.0 999.0 999.0 999.0 99.0 99.00
2017 05 31 22 50 999 99.0 99.0  3.00 16.00  7.88 217 9999.0 999.0 999.0 999.0 99.0 99.00
2017 05 31 23 50 999 99.0 99.0  2.78 16.00  7.47 211 9999.0 999.0 999.0 999.0 99.0 99.00
2017 06 01 00 50 999 99.0 99.0  3.08 16.00  7.81 196 9999.0 999.0 999.0 999.0 99.0 99.00
2017 06 01 01 50 999 99.0 99.0  3.11 16.00  7.71 231 9999.0 999.0 999.0 999.0 99.0 99.00
2017 06 01 02 50 999 99.0 99.0  2.72 16.00  7.14 229 9999.0 999.0 999.0 999.0 99.0 99.00
2017 06 01 03 50 999 99.0 99.0  2.91 16.00  7.21 217 9999.0 999.0 999.0 999.0 99.0 99.00
2017 06 01 04 50 999 99.0 99.0  2.86 16.00  7.16 226 9999.0 999.0 999.0 999.0 99.0 99.00
2017 06 01 05 50 999 99.0 99.0  3.03 16.00  7.37 230 9999.0 999.0 999.0 999.0 99.0 99.00
2017 06 01 06 50 999 99.0 99.0  3.05 16.00  7.19 236 9999.0 999.0 999.0 999.0 99.0 99.00
2017 06 01 07 50 999 99.0 99.0  2.85 14.81  7.15 198 9999.0 999.0 999.0 999.0 99.0 99.00
2017 06 01 08 50 999 99.0 99.0  2.96 16.00  7.38 190 9999.0 999.0 999.0 999.0 99.0 99.00
2017 06 01 09 50 999 99.0 99.0  3.03 16.00  7.57 222 9999.0 999.0 999.0 999.0 99.0 99.00
2017 06 01 10 50 999 99.0 99.0  3.09 14.81  7.43 219 9999.0 999.0 999.0 999.0 99.0 99.00
2017 06 01 11 50 999 99.0 99.0  2.93 16.00  7.29 220 9999.0 999.0 999.0 999.0 99.0 99.00
2017 06 01 13 50 999 99.0 99.0  2.94 14.81  7.02 218 9999.0 999.0 999.0 999.0 99.0 99.00
2017 06 01 14 50 999 99.0 99.0  3.11 14.81  7.24 203 9999.0 999.0 999.0 999.0 99.0 99.00
2017 06 01 15 50 999 99.0 99.0  2.97 14.81  7.09 210 9999.0 999.0 999.0 999.0 99.0 99.00
2017 06 01 16 50 999 99.0 99.0  2.82 14.81  6.75 225 9999.0 999.0 999.0 999.0 99.0 99.00
2017 06 01 17 50 999 99.0 99.0  2.79 14.81  7.03 235 9999.0 999.0 999.0 999.0 99.0 99.00
2017 06 01 18 50 999 99.0 99.0  2.86 14.81  7.11 208 9999.0 999.0 999.0 999.0 99.0 99.00
2017 06 01 19 50 999 99.0 99.0  2.83 14.81  7.06 209 9999.0 999.0 999.0 999.0 99.0 99.00
2017 06 01 20 50 999 99.0 99.0  2.82 14.81  7.51 224 9999.0 999.0 999.0 999.0 99.0 99.00
2017 06 01 21 50 999 99.0 99.0  2.76 14.81  7.39 219 9999.0 999.0 999.0 999.0 99.0 99.00
2017 06 01 22 50 999 99.0 99.0  2.56 14.81  7.36 211 9999.0 999.0 999.0 999.0 99.0 99.00
2017 06 01 23 50 999 99.0 99.0  2.59 13.79  6.99 218 9999.0 999.0 999.0 999.0 99.0 99.00
2017 06 02 00 50 999 99.0 99.0  2.70  7.69  7.16 121 9999.0 999.0 999.0 999.0 99.0 99.00
2017 06 02 01 50 999 99.0 99.0  2.65 13.79  7.00 220 9999.0 999.0 999.0 999.0 99.0 99.00
2017 06 02 02 50 999 99.0 99.0  2.58  7.69  6.86 123 9999.0 999.0 999.0 999.0 99.0 99.00
2017 06 02 03 50 999 99.0 99.0  2.58 13.79  7.04 216 9999.0 999.0 999.0 999.0 99.0 99.00
2017 06 02 04 50 999 99.0 99.0  2.59 13.79  6.93 215 9999.0 999.0 999.0 999.0 99.0 99.00
2017 06 02 05 50 999 99.0 99.0  2.51 12.90  6.71 214 9999.0 999.0 999.0 999.0 99.0 99.00
2017 06 02 06 50 999 99.0 99.0  2.60 14.81  6.72 211 9999.0 999.0 999.0 999.0 99.0 99.00
2017 06 02 07 50 999 99.0 99.0  2.55 13.79  6.99 222 9999.0 999.0 999.0 999.0 99.0 99.00
2017 06 02 08 50 999 99.0 99.0  2.61 13.79  7.31 215 9999.0 999.0 999.0 999.0 99.0 99.00
2017 06 02 09 50 999 99.0 99.0  2.58 12.12  6.87 214 9999.0 999.0 999.0 999.0 99.0 99.00
2017 06 02 10 50 999 99.0 99.0  2.45 14.81  6.95 202 9999.0 999.0 999.0 999.0 99.0 99.00
2017 06 02 11 50 999 99.0 99.0  2.56 12.90  7.07 218 9999.0 999.0 999.0 999.0 99.0 99.00
2017 06 02 12 50 999 99.0 99.0  2.61 13.79  6.84 234 9999.0 999.0 999.0 999.0 99.0 99.00
2017 06 02 13 50 999 99.0 99.0  2.60 13.79  7.17 219 9999.0 999.0 999.0 999.0 99.0 99.00
2017 06 02 14 50 999 99.0 99.0  2.49 13.79  6.87 212 9999.0 999.0 999.0 999.0 99.0 99.00
2017 06 02 15 50 999 99.0 99.0  2.65 13.79  6.94 212 9999.0 999.0 999.0 999.0 99.0 99.00
2017 06 02 16 50 999 99.0 99.0  2.51 13.79  6.74 229 9999.0 999.0 999.0 999.0 99.0 99.00
2017 06 02 17 50 999 99.0 99.0  2.71 12.90  7.26 210 9999.0 999.0 999.0 999.0 99.0 99.00
2017 06 02 18 50 999 99.0 99.0  2.37 13.79  6.71 209 9999.0 999.0 999.0 999.0 99.0 99.00
2017 06 02 19 50 999 99.0 99.0  2.53 13.79  7.04 221 9999.0 999.0 999.0 999.0 99.0 99.00
2017 06 02 20 50 999 99.0 99.0  2.16 14.81  6.74 232 9999.0 999.0 999.0 999.0 99.0 99.00
2017 06 02 21 50 999 99.0 99.0  2.11 12.90  6.48 221 9999.0 999.0 999.0 999.0 99.0 99.00
2017 06 02 22 50 999 99.0 99.0  2.38 12.90  6.86 217 9999.0 999.0 999.0 999.0 99.0 99.00
2017 06 02 23 50 999 99.0 99.0  2.22 13.79  6.55 218 9999.0 999.0 999.0 999.0 99.0 99.00
2017 06 03 00 50 999 99.0 99.0  2.46 12.12  6.78 213 9999.0 999.0 999.0 999.0 99.0 99.00
2017 06 03 01 50 999 99.0 99.0  2.56 13.79  6.79 212 9999.0 999.0 999.0 999.0 99.0 99.00
2017 06 03 02 50 999 99.0 99.0  2.43 13.79  6.69 226 9999.0 999.0 999.0 999.0 99.0 99.00
2017 06 03 03 50 999 99.0 99.0  2.33 12.90  6.74 215 9999.0 999.0 999.0 999.0 99.0 99.00
2017 06 03 04 50 999 99.0 99.0  2.45 13.79  6.80 213 9999.0 999.0 999.0 999.0 99.0 99.00
2017 06 03 05 50 999 99.0 99.0  2.34 14.81  6.37 210 9999.0 999.0 999.0 999.0 99.0 99.00
2017 06 03 06 50 999 99.0 99.0  2.76 13.79  6.50 201 9999.0 999.0 999.0 999.0 99.0 99.00
2017 06 03 07 50 999 99.0 99.0  2.50 12.12  6.32 192 9999.0 999.0 999.0 999.0 99.0 99.00
2017 06 03 08 50 999 99.0 99.0  2.61 13.79  6.54 210 9999.0 999.0 999.0 999.0 99.0 99.00
2017 06 03 09 50 999 99.0 99.0  2.59 13.79  6.48 191 9999.0 999.0 999.0 999.0 99.0 99.00
2017 06 03 10 50 999 99.0 99.0  2.52 13.79  6.63 209 9999.0 999.0 999.0 999.0 99.0 99.00
2017 06 03 11 50 999 99.0 99.0  2.49 13.79  6.52 218 9999.0 999.0 999.0 999.0 99.0 99.00
2017 06 03 12 50 999 99.0 99.0  2.81 13.79  6.76 204 9999.0 999.0 999.0 999.0 99.0 99.00
2017 06 03 13 50 999 99.0 99.0  2.68 13.79  6.75 217 9999.0 999.0 999.0 999.0 99.0 99.00
2017 06 03 14 50 999 99.0 99.0  2.47  6.67  6.53 145 9999.0 999.0 999.0 999.0 99.0 99.00
2017 06 03 15 50 999 99.0 99.0  2.83  7.14  6.67 139 9999.0 999.0 999.0 999.0 99.0 99.00
2017 06 03 16 50 999 99.0 99.0  2.57 13.79  6.70 219 9999.0 999.0 999.0 999.0 99.0 99.00
2017 06 03 17 50 999 99.0 99.0  2.63 13.79  6.47 189 9999.0 999.0 999.0 999.0 99.0 99.00
2017 06 03 18 50 999 99.0 99.0  2.77 13.79  6.95 223 9999.0 999.0 999.0 999.0 99.0 99.00
2017 06 03 19 50 999 99.0 99.0  2.75 12.90  7.01 221 9999.0 999.0 999.0 999.0 99.0 99.00
2017 06 03 20 50 999 99.0 99.0  2.81 12.90  6.88 219 9999.0 999.0 999.0 999.0 99.0 99.00
2017 06 03 21 50 999 99.0 99.0  2.53 12.90  6.80 215 9999.0 999.0 999.0 999.0 99.0 99.00
2017 06 03 22 50 999 99.0 99.0  2.78 16.00  7.37 221 9999.0 999.0 999.0 999.0 99.0 99.00
2017 06 03 23 50 999 99.0 99.0  2.75 13.79  7.28 222 9999.0 999.0 999.0 999.0 99.0 99.00
2017 06 04 00 50 999 99.0 99.0  2.71 14.81  6.93 220 9999.0 999.0 999.0 999.0 99.0 99.00
2017 06 04 01 50 999 99.0 99.0  2.78 14.81  7.00 224 9999.0 999.0 999.0 999.0 99.0 99.00
2017 06 04 02 50 999 99.0 99.0  2.86 14.81  7.06 202 9999.0 999.0 999.0 999.0 99.0 99.00
2017 06 04 03 50 999 99.0 99.0  2.72 13.79  7.11 229 9999.0 999.0 999.0 999.0 99.0 99.00
2017 06 04 04 50 999 99.0 99.0  2.75 13.79  7.03 221 9999.0 999.0 999.0 999.0 99.0 99.00
2017 06 04 05 50 999 99.0 99.0  2.57 14.81  6.78 222 9999.0 999.0 999.0 999.0 99.0 99.00
2017 06 04 06 50 999 99.0 99.0  2.82 16.00  7.34 235 9999.0 999.0 999.0 999.0 99.0 99.00
2017 06 04 07 50 999 99.0 99.0  2.82 14.81  7.39 210 9999.0 999.0 999.0 999.0 99.0 99.00
2017 06 04 08 50 999 99.0 99.0  2.74 14.81  7.20 226 9999.0 999.0 999.0 999.0 99.0 99.00
2017 06 04 09 50 999 99.0 99.0  2.89 14.81  7.58 228 9999.0 999.0 999.0 999.0 99.0 99.00
2017 06 04 10 50 999 99.0 99.0  3.27 16.00  8.69 211 9999.0 999.0 999.0 999.0 99.0 99.00
2017 06 04 11 50 999 99.0 99.0  2.86 14.81  7.77 224 9999.0 999.0 999.0 999.0 99.0 99.00
2017 06 04 13 50 999 99.0 99.0  3.32 16.00  8.18 219 9999.0 999.0 999.0 999.0 99.0 99.00
2017 06 04 14 50 999 99.0 99.0  3.26 14.81  8.42 215 9999.0 999.0 999.0 999.0 99.0 99.00
2017 06 04 15 50 999 99.0 99.0  3.30 16.00  8.25 213 9999.0 999.0 999.0 999.0 99.0 99.00
2017 06 04 16 50 999 99.0 99.0  3.17 16.00  7.95 208 9999.0 999.0 999.0 999.0 99.0 99.00
2017 06 04 17 50 999 99.0 99.0  2.97 16.00  7.79 210 9999.0 999.0 999.0 999.0 99.0 99.00
2017 06 04 18 50 999 99.0 99.0  3.11 14.81  7.90 216 9999.0 999.0 999.0 999.0 99.0 99.00
2017 06 04 19 50 999 99.0 99.0  3.13 16.00  7.66 224 9999.0 999.0 999.0 999.0 99.0 99.00
2017 06 04 20 50 999 99.0 99.0  2.97 14.81  7.85 210 9999.0 999.0 999.0 999.0 99.0 99.00
2017 06 04 21 50 999 99.0 99.0  2.87 16.00  7.27 221 9999.0 999.0 999.0 999.0 99.0 99.00
2017 06 04 22 50 999 99.0 99.0  2.87 16.00  7.65 204 9999.0 999.0 999.0 999.0 99.0 99.00
2017 06 04 23 50 999 99.0 99.0  2.93 14.81  7.59 218 9999.0 999.0 999.0 999.0 99.0 99.00
2017 06 05 00 50 999 99.0 99.0  2.95 16.00  7.64 219 9999.0 999.0 999.0 999.0 99.0 99.00
2017 06 05 01 50 999 99.0 99.0  2.94 16.00  7.55 198 9999.0 999.0 999.0 999.0 99.0 99.00
2017 06 05 02 50 999 99.0 99.0  2.57 14.81  7.10 227 9999.0 999.0 999.0 999.0 99.0 99.00
2017 06 05 03 50 999 99.0 99.0  2.66 16.00  7.23 207 9999.0 999.0 999.0 999.0 99.0 99.00
2017 06 05 04 50 999 99.0 99.0  2.86 14.81  7.80 229 9999.0 999.0 999.0 999.0 99.0 99.00
2017 06 05 05 50 999 99.0 99.0  2.87 14.81  7.71 216 9999.0 999.0 999.0 999.0 99.0 99.00
2017 06 05 06 50 999 99.0 99.0  2.88 16.00  7.87 212 9999.0 999.0 999.0 999.0 99.0 99.00
2017 06 05 07 50 999 99.0 99.0  2.72 14.81  7.46 216 9999.0 999.0 999.0 999.0 99.0 99.00
2017 06 05 08 50 999 99.0 99.0  2.55 14.81  7.20 219 9999.0 999.0 999.0 999.0 99.0 99.00
2017 06 05 09 50 999 99.0 99.0  2.60 14.81  7.45 231 9999.0 999.0 999.0 999.0 99.0 99.00
2017 06 05 10 50 999 99.0 99.0  2.62 14.81  7.50 204 9999.0 999.0 999.0 999.0 99.0 99.00
2017 06 05 11 50 999 99.0 99.0  2.69 14.81  7.38 222 9999.0 999.0 999.0 999.0 99.0 99.00
2017 06 05 12 50 999 99.0 99.0  2.68 14.81  7.66 219 9999.0 999.0 999.0 999.0 99.0 99.00
2017 06 05 13 50 999 99.0 99.0  2.95 14.81  7.33 208 9999.0 999.0 999.0 999.0 99.0 99.00
2017 06 05 14 50 999 99.0 99.0  2.70 14.81  6.39 220 9999.0 999.0 999.0 999.0 99.0 99.00
2017 06 05 15 50 999 99.0 99.0  2.95 16.00  7.51 202 9999.0 999.0 999.0 999.0 99.0 99.00
2017 06 05 16 50 999 99.0 99.0  3.06 13.79  7.49 206 9999.0 999.0 999.0 999.0 99.0 99.00
2017 06 05 17 50 999 99.0 99.0  3.06 13.79  7.46 213 9999.0 999.0 999.0 999.0 99.0 99.00
2017 06 05 18 50 999 99.0 99.0  3.00  7.69  6.94 146 9999.0 999.0 999.0 999.0 99.0 99.00
2017 06 05 19 50 999 99.0 99.0  2.84 14.81  7.22 218 9999.0 999.0 999.0 999.0 99.0 99.00
2017 06 05 20 50 999 99.0 99.0  2.78 13.79  7.21 215 9999.0 999.0 999.0 999.0 99.0 99.00
2017 06 05 21 50 999 99.0 99.0  2.81 12.90  7.35 201 9999.0 999.0 999.0 999.0 99.0 99.00
2017 06 05 22 50 999 99.0 99.0  3.08 14.81  7.72 199 9999.0 999.0 999.0 999.0 99.0 99.00
2017 06 05 23 50 999 99.0 99.0  2.81 14.81  7.36 194 9999.0 999.0 999.0 999.0 99.0 99.00
2017 06 06 00 50 999 99.0 99.0  2.65 14.81  6.97 211 9999.0 999.0 999.0 999.0 99.0 99.00
2017 06 06 01 50 999 99.0 99.0  2.53 13.79  6.83 220 9999.0 999.0 999.0 999.0 99.0 99.00
2017 06 06 02 50 999 99.0 99.0  2.64 14.81  7.05 201 9999.0 999.0 999.0 999.0 99.0 99.00
2017 06 06 03 50 999 99.0 99.0  2.72 12.90  7.26 213 9999.0 999.0 999.0 999.0 99.0 99.00
2017 06 06 04 50 999 99.0 99.0  2.68 12.90  7.01 195 9999.0 999.0 999.0 999.0 99.0 99.00
2017 06 06 05 50 999 99.0 99.0  2.79 14.81  7.04 210 9999.0 999.0 999.0 999.0 99.0 99.00
2017 06 06 06 50 999 99.0 99.0  2.72 12.90  6.99 184 9999.0 999.0 999.0 999.0 99.0 99.00
2017 06 06 07 50 999 99.0 99.0  2.59 13.79  6.88 205 9999.0 999.0 999.0 999.0 99.0 99.00
2017 06 06 08 50 999 99.0 99.0  2.71 14.81  6.96 206 9999.0 999.0 999.0 999.0 99.0 99.00
2017 06 06 09 50 999 99.0 99.0  2.60 13.79  6.59 204 9999.0 999.0 999.0 999.0 99.0 99.00
2017 06 06 10 50 999 99.0 99.0  2.54 13.79  6.84 195 9999.0 999.0 999.0 999.0 99.0 99.00
2017 06 06 11 50 999 99.0 99.0  2.69 13.79  7.35 215 9999.0 999.0 999.0 999.0 99.0 99.00
2017 06 06 12 50 999 99.0 99.0  2.56 13.79  6.89 191 9999.0 999.0 999.0 999.0 99.0 99.00
2017 06 06 13 50 999 99.0 99.0  2.39 13.79  6.73 206 9999.0 999.0 999.0 999.0 99.0 99.00
2017 06 06 14 50 999 99.0 99.0  2.63 13.79  7.20 213 9999.0 999.0 999.0 999.0 99.0 99.00
2017 06 06 15 50 999 99.0 99.0  2.65 12.90  6.88 202 9999.0 999.0 999.0 999.0 99.0 99.00
2017 06 06 16 50 999 99.0 99.0  2.79 13.79  7.17 205 9999.0 999.0 999.0 999.0 99.0 99.00
2017 06 06 17 50 999 99.0 99.0  2.63 13.79  7.25 188 9999.0 999.0 999.0 999.0 99.0 99.00
2017 06 06 18 50 999 99.0 99.0  2.65 13.79  7.05 216 9999.0 999.0 999.0 999.0 99.0 99.00
2017 06 06 19 50 999 99.0 99.0  2.78 13.79  7.08 213 9999.0 999.0 999.0 999.0 99.0 99.00
2017 06 06 20 50 999 99.0 99.0  2.63 13.79  6.62 179 9999.0 999.0 999.0 999.0 99.0 99.00
2017 06 06 21 50 999 99.0 99.0  2.62 12.12  6.88 200 9999.0 999.0 999.0 999.0 99.0 99.00
2017 06 06 22 50 999 99.0 99.0  2.67 13.79  6.69 208 9999.0 999.0 999.0 999.0 99.0 99.00
2017 06 06 23 50 999 99.0 99.0  2.51  8.33  6.18 130 9999.0 999.0 999.0 999.0 99.0 99.00
2017 06 07 00 50 999 99.0 99.0  2.64 12.90  6.71 197 9999.0 999.0 999.0 999.0 99.0 99.00
2017 06 07 01 50 999 99.0 99.0  2.66 12.90  6.34 219 9999.0 999.0 999.0 999.0 99.0 99.00
2017 06 07 02 50 999 99.0 99.0  2.68 12.90  6.66 209 9999.0 999.0 999.0 999.0 99.0 99.00
2017 06 07 03 50 999 99.0 99.0  2.32 12.12  6.19 200 9999.0 999.0 999.0 999.0 99.0 99.00
2017 06 07 04 50 999 99.0 99.0  2.57 12.90  6.59 210 9999.0 999.0 999.0 999.0 99.0 99.00
2017 06 07 05 50 999 99.0 99.0  2.47  7.69  6.46 143 9999.0 999.0 999.0 999.0 99.0 99.00
2017 06 07 06 50 999 99.0 99.0  2.47 12.90  6.59 187 9999.0 999.0 999.0 999.0 99.0 99.00
2017 06 07 07 50 999 99.0 99.0  2.46 12.90  6.46 194 9999.0 999.0 999.0 999.0 99.0 99.00
2017 06 07 08 50 999 99.0 99.0  2.57  7.14  6.12 136 9999.0 999.0 999.0 999.0 99.0 99.00
2017 06 07 09 50 999 99.0 99.0  2.81  7.14  6.35 152 9999.0 999.0 999.0 999.0 99.0 99.00
2017 06 07 10 50 999 99.0 99.0  2.71 12.90  6.36 218 9999.0 999.0 999.0 999.0 99.0 99.00
2017 06 07 11 50 999 99.0 99.0  2.47 12.90  6.13 212 9999.0 999.0 999.0 999.0 99.0 99.00
2017 06 07 13 50 999 99.0 99.0  2.75 12.90  6.38 230 9999.0 999.0 999.0 999.0 99.0 99.00
2017 06 07 14 50 999 99.0 99.0  2.60  8.33  6.25 165 9999.0 999.0 999.0 999.0 99.0 99.00
2017 06 07 15 50 999 99.0 99.0  2.66 12.90  6.23 203 9999.0 999.0 999.0 999.0 99.0 99.00
2017 06 07 16 50 999 99.0 99.0  2.52 12.90  6.39 193 9999.0 999.0 999.0 999.0 99.0 99.00
2017 06 07 17 50 999 99.0 99.0  2.88  7.69  6.65 140 9999.0 999.0 999.0 999.0 99.0 99.00
2017 06 07 18 50 999 99.0 99.0  2.70  7.69  6.39 147 9999.0 999.0 999.0 999.0 99.0 99.00
2017 06 07 19 50 999 99.0 99.0  2.77  7.69  6.14 159 9999.0 999.0 999.0 999.0 99.0 99.00
2017 06 07 20 50 999 99.0 99.0  2.77  7.69  6.32 152 9999.0 999.0 999.0 999.0 99.0 99.00
2017 06 07 21 50 999 99.0 99.0  2.69 12.12  6.39 204 9999.0 999.0 999.0 999.0 99.0 99.00
2017 06 07 22 50 999 99.0 99.0  2.80  7.14  6.41 140 9999.0 999.0 999.0 999.0 99.0 99.00
2017 06 07 23 50 999 99.0 99.0  2.85  8.33  6.42 154 9999.0 999.0 999.0 999.0 99.0 99.00
2017 06 08 00 50 999 99.0 99.0  2.70  6.67  6.07 142 9999.0 999.0 999.0 999.0 99.0 99.00
2017 06 08 01 50 999 99.0 99.0  2.61  8.33  6.14 152 9999.0 999.0 999.0 999.0 99.0 99.00
2017 06 08 02 50 999 99.0 99.0  2.73  7.14  6.30 135 9999.0 999.0 999.0 999.0 99.0 99.00
2017 06 08 03 50 999 99.0 99.0  2.69  7.69  6.11 145 9999.0 999.0 999.0 999.0 99.0 99.00
2017 06 08 04 50 999 99.0 99.0  2.80  6.67  6.27 132 9999.0 999.0 999.0 999.0 99.0 99.00
2017 06 08 05 50 999 99.0 99.0  2.92  8.33  6.34 156 9999.0 999.0 999.0 999.0 99.0 99.00
2017 06 08 06 50 999 99.0 99.0  2.73  6.67  6.20 130 9999.0 999.0 999.0 999.0 99.0 99.00
2017 06 08 07 50 999 99.0 99.0  2.82  7.69  6.23 155 9999.0 999.0 999.0 999.0 99.0 99.00
2017 06 08 08 50 999 99.0 99.0  2.73  8.33  6.23 150 9999.0 999.0 999.0 999.0 99.0 99.00
2017 06 08 09 50 999 99.0 99.0  2.97  8.33  6.52 155 9999.0 999.0 999.0 999.0 99.0 99.00
2017 06 08 10 50 999 99.0 99.0  3.04  7.69  6.45 140 9999.0 999.0 999.0 999.0 99.0 99.00
2017 06 08 11 50 999 99.0 99.0  3.08  7.69  6.40 143 9999.0 999.0 999.0 999.0 99.0 99.00
2017 06 08 12 50 999 99.0 99.0  2.97  7.69  6.06 133 9999.0 999.0 999.0 999.0 99.0 99.00
2017 06 08 13 50 999 99.0 99.0  2.93  7.69  6.35 135 9999.0 999.0 999.0 999.0 99.0 99.00
2017 06 08 14 50 999 99.0 99.0  2.79  7.69  6.25 133 9999.0 999.0 999.0 999.0 99.0 99.00
2017 06 08 15 50 999 99.0 99.0  2.88  8.33  6.26 147 9999.0 999.0 999.0 999.0 99.0 99.00
2017 06 08 16 50 999 99.0 99.0  2.85  7.69  6.33 131 9999.0 999.0 999.0 999.0 99.0 99.00
2017 06 08 17 50 999 99.0 99.0  2.97  7.14  6.24 130 9999.0 999.0 999.0 999.0 99.0 99.00
2017 06 08 18 50 999 99.0 99.0  2.70  8.33  6.15 126 9999.0 999.0 999.0 999.0 99.0 99.00
2017 06 08 19 50 999 99.0 99.0  2.94  8.33  6.37 124 9999.0 999.0 999.0 999.0 99.0 99.00
2017 06 08 20 50 999 99.0 99.0  3.10  8.33  6.31 133 9999.0 999.0 999.0 999.0 99.0 99.00
2017 06 08 21 50 999 99.0 99.0  3.04  8.33  6.52 111 9999.0 999.0 999.0 999.0 99.0 99.00
2017 06 08 22 50 999 99.0 99.0  2.80  7.69  6.18 116 9999.0 999.0 999.0 999.0 99.0 99.00
2017 06 08 23 50 999 99.0 99.0  2.99  8.33  6.32 126 9999.0 999.0 999.0 999.0 99.0 99.00
2017 06 09 00 50 999 99.0 99.0  2.98  7.69  6.44 128 9999.0 999.0 999.0 999.0 99.0 99.00
2017 06 09 01 50 999 99.0 99.0  2.96  8.33  6.38 119 9999.0 999.0 999.0 999.0 99.0 99.00
2017 06 09 02 50 999 99.0 99.0  2.98  8.33  6.27 124 9999.0 999.0 999.0 999.0 99.0 99.00
2017 06 09 03 50 999 99.0 99.0  2.97  8.33  6.33 131 9999.0 999.0 999.0 999.0 99.0 99.00
2017 06 09 04 50 999 99.0 99.0  2.56  8.33  6.02 126 9999.0 999.0 999.0 999.0 99.0 99.00
2017 06 09 05 50 999 99.0 99.0  2.91  8.33  6.31 118 9999.0 999.0 999.0 999.0 99.0 99.00
2017 06 09 06 50 999 99.0 99.0  2.77  8.33  6.37 117 9999.0 999.0 999.0 999.0 99.0 99.00
2017 06 09 07 50 999 99.0 99.0  2.85  8.33  6.31 128 9999.0 999.0 999.0 999.0 99.0 99.00
2017 06 09 08 50 999 99.0 99.0  2.94  8.33  6.39 117 9999.0 999.0 999.0 999.0 99.0 99.00
2017 06 09 09 50 999 99.0 99.0  2.97  7.69  6.42 126 9999.0 999.0 999.0 999.0 99.0 99.00
2017 06 09 10 50 999 99.0 99.0  3.16  7.69  6.52 125 9999.0 999.0 999.0 999.0 99.0 99.00
2017 06 09 11 50 999 99.0 99.0  3.04  7.69  6.33 130 9999.0 999.0 999.0 999.0 99.0 99.00
2017 06 09 12 50 999 99.0 99.0  3.30  8.33  6.59 127 9999.0 999.0 999.0 999.0 99.0 99.00
2017 06 09 13 50 999 99.0 99.0  2.89  8.33  6.44 129 9999.0 999.0 999.0 999.0 99.0 99.00
2017 06 09 14 50 999 99.0 99.0  2.90  8.33  6.37 136 9999.0 999.0 999.0 999.0 99.0 99.00
2017 06 09 15 50 999 99.0 99.0  2.74  8.33  6.27 121 9999.0 999.0 999.0 999.0 99.0 99.00
2017 06 09 16 50 999 99.0 99.0  3.03  8.33  6.84 138 9999.0 999.0 999.0 999.0 99.0 99.00
2017 06 09 17 50 999 99.0 99.0  2.97  8.33  6.59 125 9999.0 999.0 999.0 999.0 99.0 99.00
2017 06 09 18 50 999 99.0 99.0  2.85  8.33  6.59 112 9999.0 999.0 999.0 999.0 99.0 99.00
2017 06 09 19 50 999 99.0 99.0  2.94  8.33  6.81 131 9999.0 999.0 999.0 999.0 99.0 99.00
2017 06 09 20 50 999 99.0 99.0  2.75  7.69  6.44 125 9999.0 999.0 999.0 999.0 99.0 99.00
2017 06 09 21 50 999 99.0 99.0  2.96  8.33  6.47 125 9999.0 999.0 999.0 999.0 99.0 99.00
2017 06 09 22 50 999 99.0 99.0  3.05  8.33  6.75 115 9999.0 999.0 999.0 999.0 99.0 99.00
2017 06 09 23 50 999 99.0 99.0  3.04  8.33  6.61 124 9999.0 999.0 999.0 999.0 99.0 99.00
2017 06 10 00 50 999 99.0 99.0  2.87  8.33  6.44 128 9999.0 999.0 999.0 999.0 99.0 99.00
2017 06 10 01 50 999 99.0 99.0  2.82  7.69  6.39 121 9999.0 999.0 999.0 999.0 99.0 99.00
2017 06 10 02 50 999 99.0 99.0  2.96  8.33  6.47 128 9999.0 999.0 999.0 999.0 99.0 99.00
2017 06 10 03 50 999 99.0 99.0  2.85  8.33  6.57 120 9999.0 999.0 999.0 999.0 99.0 99.00
2017 06 10 04 50 999 99.0 99.0  2.78  8.33  6.59 116 9999.0 999.0 999.0 999.0 99.0 99.00
2017 06 10 05 50 999 99.0 99.0  2.82  8.33  6.44 136 9999.0 999.0 999.0 999.0 99.0 99.00
2017 06 10 06 50 999 99.0 99.0  2.76  8.33  6.26 123 9999.0 999.0 999.0 999.0 99.0 99.00
2017 06 10 07 50 999 99.0 99.0  2.72  8.33  6.44 138 9999.0 999.0 999.0 999.0 99.0 99.00
2017 06 10 08 50 999 99.0 99.0  2.68  9.09  6.31 143 9999.0 999.0 999.0 999.0 99.0 99.00
2017 06 10 09 50 999 99.0 99.0  2.78  7.69  6.31 129 9999.0 999.0 999.0 999.0 99.0 99.00
2017 06 10 10 50 999 99.0 99.0  2.66  8.33  6.46 133 9999.0 999.0 999.0 999.0 99.0 99.00
2017 06 10 11 50 999 99.0 99.0  2.56  9.09  6.33 140 9999.0 999.0 999.0 999.0 99.0 99.00
2017 06 10 13 50 999 99.0 99.0  2.80  7.69  6.54 126 9999.0 999.0 999.0 999.0 99.0 99.00
2017 06 10 14 50 999 99.0 99.0  2.74  8.33  6.51 127 9999.0 999.0 999.0 999.0 99.0 99.00
2017 06 10 15 50 999 99.0 99.0  2.46  9.09  6.29 156 9999.0 999.0 999.0 999.0 99.0 99.00
2017 06 10 16 50 999 99.0 99.0  2.46  8.33  6.33 141 9999.0 999.0 999.0 999.0 99.0 99.00
2017 06 10 17 50 999 99.0 99.0  2.69  7.69  6.38 135 9999.0 999.0 999.0 999.0 99.0 99.00
2017 06 10 18 50 999 99.0 99.0  2.77  8.33  6.71 145 9999.0 999.0 999.0 999.0 99.0 99.00
2017 06 10 19 50 999 99.0 99.0  2.62  8.33  6.44 137 9999.0 999.0 999.0 999.0 99.0 99.00
2017 06 10 20 50 999 99.0 99.0  2.51  7.69  6.62 143 9999.0 999.0 999.0 999.0 99.0 99.00
2017 06 10 21 50 999 99.0 99.0  2.47  8.33  6.45 141 9999.0 999.0 999.0 999.0 99.0 99.00
2017 06 10 22 50 999 99.0 99.0  2.62  9.09  6.57 141 9999.0 999.0 999.0 999.0 99.0 99.00
2017 06 10 23 50 999 99.0 99.0  2.44  7.69  6.41 148 9999.0 999.0 999.0 999.0 99.0 99.00
2017 06 11 00 50 999 99.0 99.0  2.52  8.33  6.45 140 9999.0 999.0 999.0 999.0 99.0 99.00
2017 06 11 01 50 999 99.0 99.0  2.77  8.33  6.61 155 9999.0 999.0 999.0 999.0 99.0 99.00
2017 06 11 02 50 999 99.0 99.0  2.71  8.33  6.71 145 9999.0 999.0 999.0 999.0 99.0 99.00
2017 06 11 03 50 999 99.0 99.0  2.42  9.09  6.18 137 9999.0 999.0 999.0 999.0 99.0 99.00
2017 06 11 04 50 999 99.0 99.0  2.35 10.00  6.26 163 9999.0 999.0 999.0 999.0 99.0 99.00
2017 06 11 05 50 999 99.0 99.0  2.47  8.33  6.31 152 9999.0 999.0 999.0 999.0 99.0 99.00
2017 06 11 06 50 999 99.0 99.0  2.49  8.33  6.73 145 9999.0 999.0 999.0 999.0 99.0 99.00
2017 06 11 07 50 999 99.0 99.0  2.44  7.69  6.54 151 9999.0 999.0 999.0 999.0 99.0 99.00
2017 06 11 08 50 999 99.0 99.0  2.55 10.00  6.77 146 9999.0 999.0 999.0 999.0 99.0 99.00
2017 06 11 09 50 999 99.0 99.0  2.46 10.00  6.60 147 9999.0 999.0 999.0 999.0 99.0 99.00
2017 06 11 10 50 999 99.0 99.0  2.47  9.09  6.59 140 9999.0 999.0 999.0 999.0 99.0 99.00
2017 06 11 11 50 999 99.0 99.0  2.22  9.09  6.37 139 9999.0 999.0 999.0 999.0 99.0 99.00
2017 06 11 12 50 999 99.0 99.0  2.31 10.00  6.46 150 9999.0 999.0 999.0 999.0 99.0 99.00
2017 06 11 13 50 999 99.0 99.0  2.27  9.09  6.49 155 9999.0 999.0 999.0 999.0 99.0 99.00
2017 06 11 14 50 999 99.0 99.0  2.20  9.09  6.46 146 9999.0 999.0 999.0 999.0 99.0 99.00
2017 06 11 15 50 999 99.0 99.0  2.24  8.33  6.42 141 9999.0 999.0 999.0 999.0 99.0 99.00
2017 06 11 16 50 999 99.0 99.0  2.22  9.09  6.51 142 9999.0 999.0 999.0 999.0 99.0 99.00
2017 06 11 17 50 999 99.0 99.0  2.09  9.09  6.62 143 9999.0 999.0 999.0 999.0 99.0 99.00
2017 06 11 18 50 999 99.0 99.0  2.14 10.00  6.73 151 9999.0 999.0 999.0 999.0 99.0 99.00
2017 06 11 19 50 999 99.0 99.0  1.98 10.81  6.40 165 9999.0 999.0 999.0 999.0 99.0 99.00
2017 06 11 20 50 999 99.0 99.0  2.01 10.81  6.58 159 9999.0 999.0 999.0 999.0 99.0 99.00
2017 06 11 21 50 999 99.0 99.0  2.17  7.69  6.89 152 9999.0 999.0 999.0 999.0 99.0 99.00
2017 06 11 22 50 999 99.0 99.0  2.06  9.09  6.86 143 9999.0 999.0 999.0 999.0 99.0 99.00
2017 06 11 23 50 999 99.0 99.0  2.02  9.09  6.65 140 9999.0 999.0 999.0 999.0 99.0 99.00
2017 06 12 00 50 999 99.0 99.0  2.17  9.09  6.78 154 9999.0 999.0 999.0 999.0 99.0 99.00
2017 06 12 01 50 999 99.0 99.0  1.97 10.00  6.55 152 9999.0 999.0 999.0 999.0 99.0 99.00
2017 06 12 02 50 999 99.0 99.0  2.00  9.09  6.79 159 9999.0 999.0 999.0 999.0 99.0 99.00
2017 06 12 03 50 999 99.0 99.0  1.96 10.00  6.89 144 9999.0 999.0 999.0 999.0 99.0 99.00
2017 06 12 04 50 999 99.0 99.0  1.95  9.09  6.70 146 9999.0 999.0 999.0 999.0 99.0 99.00
2017 06 12 05 50 999 99.0 99.0  2.07  8.33  6.50 158 9999.0 999.0 999.0 999.0 99.0 99.00
2017 06 12 06 50 999 99.0 99.0  2.00 10.00  6.40 153 9999.0 999.0 999.0 999.0 99.0 99.00
2017 06 12 07 50 999 99.0 99.0  1.94  9.09  6.51 154 9999.0 999.0 999.0 999.0 99.0 99.00
2017 06 12 08 50 999 99.0 99.0  2.12 10.00  6.87 148 9999.0 999.0 999.0 999.0 99.0 99.00
2017 06 12 09 50 999 99.0 99.0  1.99 10.00  6.82 141 9999.0 999.0 999.0 999.0 99.0 99.00
2017 06 12 10 50 999 99.0 99.0  2.07 10.00  6.80 151 9999.0 999.0 999.0 999.0 99.0 99.00
2017 06 12 11 50 999 99.0 99.0  1.90 10.00  6.68 143 9999.0 999.0 999.0 999.0 99.0 99.00
2017 06 12 12 50 999 99.0 99.0  2.06  8.33  7.11 157 9999.0 999.0 999.0 999.0 99.0 99.00
2017 06 12 13 50 999 99.0 99.0  2.02 10.00  6.94 153 9999.0 999.0 999.0 999.0 99.0 99.00
2017 06 12 14 50 999 99.0 99.0  2.01  9.09  7.34 153 9999.0 999.0 999.0 999.0 99.0 99.00
2017 06 12 15 50 999 99.0 99.0  2.02 13.79  6.98 224 9999.0 999.0 999.0 999.0 99.0 99.00
2017 06 12 16 50 999 99.0 99.0  2.19 10.81  7.60 157 9999.0 999.0 999.0 999.0 99.0 99.00
2017 06 12 17 50 999 99.0 99.0  2.04 10.81  7.37 166 9999.0 999.0 999.0 999.0 99.0 99.00
2017 06 12 18 50 999 99.0 99.0  1.80 11.43  7.29 188 9999.0 999.0 999.0 999.0 99.0 99.00
2017 06 12 19 50 999 99.0 99.0  1.96 12.90  7.47 216 9999.0 999.0 999.0 999.0 99.0 99.00
2017 06 12 20 50 999 99.0 99.0  1.92 13.79  7.58 228 9999.0 999.0 999.0 999.0 99.0 99.00
2017 06 12 21 50 999 99.0 99.0  2.09 10.00  7.84 161 9999.0 999.0 999.0 999.0 99.0 99.00
2017 06 12 22 50 999 99.0 99.0  1.99 10.00  7.81 152 9999.0 999.0 999.0 999.0 99.0 99.00
2017 06 12 23 50 999 99.0 99.0  2.08 12.90  7.91 210 9999.0 999.0 999.0 999.0 99.0 99.00
2017 06 13 00 50 999 99.0 99.0  1.89 10.00  7.65 158 9999.0 999.0 999.0 999.0 99.0 99.00
2017 06 13 01 50 999 99.0 99.0  1.99 13.79  7.54 205 9999.0 999.0 999.0 999.0 99.0 99.00
2017 06 13 02 50 999 99.0 99.0  1.89 13.79  7.75 211 9999.0 999.0 999.0 999.0 99.0 99.00
2017 06 13 03 50 999 99.0 99.0  1.97 13.79  8.12 208 9999.0 999.0 999.0 999.0 99.0 99.00
2017 06 13 04 50 999 99.0 99.0  1.80 13.79  7.92 213 9999.0 999.0 999.0 999.0 99.0 99.00
2017 06 13 05 50 999 99.0 99.0  1.62 12.90  7.58 211 9999.0 999.0 999.0 999.0 99.0 99.00
2017 06 13 06 50 999 99.0 99.0  2.13 13.79  8.78 210 9999.0 999.0 999.0 999.0 99.0 99.00
2017 06 13 07 50 999 99.0 99.0  1.88 13.79  8.30 214 9999.0 999.0 999.0 999.0 99.0 99.00
2017 06 13 08 50 999 99.0 99.0  1.91 12.90  8.28 205 9999.0 999.0 999.0 999.0 99.0 99.00
2017 06 13 09 50 999 99.0 99.0  1.75 12.90  8.13 210 9999.0 999.0 999.0 999.0 99.0 99.00
2017 06 13 10 50 999 99.0 99.0  1.80 12.90  8.23 211 9999.0 999.0 999.0 999.0 99.0 99.00
2017 06 13 11 50 999 99.0 99.0  1.79 13.79  8.49 186 9999.0 999.0 999.0 999.0 99.0 99.00
2017 06 13 13 50 999 99.0 99.0  1.53 14.81  7.76 192 9999.0 999.0 999.0 999.0 99.0 99.00
2017 06 13 14 50 999 99.0 99.0  1.69 13.79  7.74 208 9999.0 999.0 999.0 999.0 99.0 99.00
2017 06 13 15 50 999 99.0 99.0  1.64 12.90  7.89 214 9999.0 999.0 999.0 999.0 99.0 99.00
2017 06 13 16 50 999 99.0 99.0  1.63 12.12  7.85 222 9999.0 999.0 999.0 999.0 99.0 99.00
2017 06 13 17 50 999 99.0 99.0  1.55 12.90  7.79 239 9999.0 999.0 999.0 999.0 99.0 99.00
2017 06 13 18 50 999 99.0 99.0  1.54 12.90  7.69 209 9999.0 999.0 999.0 999.0 99.0 99.00
2017 06 13 19 50 999 99.0 99.0  1.55 13.79  7.92 202 9999.0 999.0 999.0 999.0 99.0 99.00
2017 06 13 20 50 999 99.0 99.0  1.55 13.79  7.95 187 9999.0 999.0 999.0 999.0 99.0 99.00
2017 06 13 21 50 999 99.0 99.0  1.38 12.90  6.95 211 9999.0 999.0 999.0 999.0 99.0 99.00
2017 06 13 22 50 999 99.0 99.0  1.50 12.90  7.00 224 9999.0 999.0 999.0 999.0 99.0 99.00
2017 06 13 23 50 999 99.0 99.0  1.52 12.90  7.09 199 9999.0 999.0 999.0 999.0 99.0 99.00
2017 06 14 00 50 999 99.0 99.0  1.43 12.12  7.03 204 9999.0 999.0 999.0 999.0 99.0 99.00
2017 06 14 01 50 999 99.0 99.0  1.42 12.90  7.56 198 9999.0 999.0 999.0 999.0 99.0 99.00
2017 06 14 02 50 999 99.0 99.0  1.45 12.90  7.24 211 9999.0 999.0 999.0 999.0 99.0 99.00
2017 06 14 03 50 999 99.0 99.0  1.60 12.90  7.21 200 9999.0 999.0 999.0 999.0 99.0 99.00
2017 06 14 04 50 999 99.0 99.0  1.20 13.79  6.19 233 9999.0 999.0 999.0 999.0 99.0 99.00
2017 06 14 05 50 999 99.0 99.0  1.45 12.90  6.84 212 9999.0 999.0 999.0 999.0 99.0 99.00
2017 06 14 06 50 999 99.0 99.0  1.37 12.90  6.59 216 9999.0 999.0 999.0 999.0 99.0 99.00
2017 06 14 07 50 999 99.0 99.0  1.55 12.90  6.54 206 9999.0 999.0 999.0 999.0 99.0 99.00
2017 06 14 08 50 999 99.0 99.0  1.67 12.90  6.61 241 9999.0 999.0 999.0 999.0 99.0 99.00
2017 06 14 09 50 999 99.0 99.0  1.54 12.12  6.45 225 9999.0 999.0 999.0 999.0 99.0 99.00
2017 06 14 10 50 999 99.0 99.0  1.59 12.12  6.49 218 9999.0 999.0 999.0 999.0 99.0 99.00
2017 06 14 11 50 999 99.0 99.0  1.56 12.90  6.63 221 9999.0 999.0 999.0 999.0 99.0 99.00
2017 06 14 12 50 999 99.0 99.0  1.62 12.90  6.81 231 9999.0 999.0 999.0 999.0 99.0 99.00
2017 06 14 13 50 999 99.0 99.0  1.37 12.90  5.70 212 9999.0 999.0 999.0 999.0 99.0 99.00
2017 06 14 14 50 999 99.0 99.0  1.52 12.90  5.70 233 9999.0 999.0 999.0 999.0 99.0 99.00
2017 06 14 15 50 999 99.0 99.0  1.69 13.79  6.09 223 9999.0 999.0 999.0 999.0 99.0 99.00
2017 06 14 16 50 999 99.0 99.0  1.88 12.90  6.70 231 9999.0 999.0 999.0 999.0 99.0 99.00
2017 06 14 17 50 999 99.0 99.0  1.77 12.12  6.09 228 9999.0 999.0 999.0 999.0 99.0 99.00
2017 06 14 18 50 999 99.0 99.0  1.83 12.90  6.14 231 9999.0 999.0 999.0 999.0 99.0 99.00
2017 06 14 19 50 999 99.0 99.0  1.85 12.90  6.04 232 9999.0 999.0 999.0 999.0 99.0 99.00
2017 06 14 20 50 999 99.0 99.0  1.97 13.79  6.24 231 9999.0 999.0 999.0 999.0 99.0 99.00
2017 06 14 21 50 999 99.0 99.0  1.92 12.90  6.30 217 9999.0 999.0 999.0 999.0 99.0 99.00
2017 06 14 22 50 999 99.0 99.0  1.89 12.90  6.10 220 9999.0 999.0 999.0 999.0 99.0 99.00
2017 06 14 23 50 999 99.0 99.0  2.17 13.79  6.65 224 9999.0 999.0 999.0 999.0 99.0 99.00
2017 06 15 00 50 999 99.0 99.0  2.12 12.90  6.60 228 9999.0 999.0 999.0 999.0 99.0 99.00
2017 06 15 01 50 999 99.0 99.0  1.95 12.90  6.47 232 9999.0 999.0 999.0 999.0 99.0 99.00
2017 06 15 02 50 999 99.0 99.0  2.23 13.79  6.73 227 9999.0 999.0 999.0 999.0 99.0 99.00
2017 06 15 03 50 999 99.0 99.0  2.29 13.79  7.78 222 9999.0 999.0 999.0 999.0 99.0 99.00
2017 06 15 04 50 999 99.0 99.0  2.52 13.79  7.85 223 9999.0 999.0 999.0 999.0 99.0 99.00
2017 06 15 05 50 999 99.0 99.0  2.29 13.79  7.43 214 9999.0 999.0 999.0 999.0 99.0 99.00
2017 06 15 06 50 999 99.0 99.0  2.29 14.81  7.31 191 9999.0 999.0 999.0 999.0 99.0 99.00
2017 06 15 07 50 999 99.0 99.0  2.31 13.79  7.37 213 9999.0 999.0 999.0 999.0 99.0 99.00
2017 06 15 09 50 999 99.0 99.0  2.60 14.81  7.63 201 9999.0 999.0 999.0 999.0 99.0 99.00
2017 06 15 10 50 999 99.0 99.0  2.49 12.12  7.69 223 9999.0 999.0 999.0 999.0 99.0 99.00
2017 06 15 11 50 999 99.0 99.0  2.40 13.79  7.24 206 9999.0 999.0 999.0 999.0 99.0 99.00
2017 06 15 12 50 999 99.0 99.0  2.57 14.81  7.81 213 9999.0 999.0 999.0 999.0 99.0 99.00
2017 06 15 13 50 999 99.0 99.0  2.74 13.79  7.66 239 9999.0 999.0 999.0 999.0 99.0 99.00
2017 06 15 14 50 999 99.0 99.0  2.63 14.81  7.71 197 9999.0 999.0 999.0 999.0 99.0 99.00
2017 06 15 15 50 999 99.0 99.0  2.69 14.81  7.53 198 9999.0 999.0 999.0 999.0 99.0 99.00
2017 06 15 16 50 999 99.0 99.0  2.78 13.79  8.19 224 9999.0 999.0 999.0 999.0 99.0 99.00
2017 06 15 17 50 999 99.0 99.0  2.63 13.79  7.94 222 9999.0 999.0 999.0 999.0 99.0 99.00
2017 06 15 18 50 999 99.0 99.0  2.77 13.79  8.25 214 9999.0 999.0 999.0 999.0 99.0 99.00
2017 06 15 19 50 999 99.0 99.0  2.78 12.12  8.32 225 9999.0 999.0 999.0 999.0 99.0 99.00
2017 06 15 20 50 999 99.0 99.0  2.73 12.90  8.02 223 9999.0 999.0 999.0 999.0 99.0 99.00
2017 06 15 21 50 999 99.0 99.0  2.74 12.12  8.29 222 9999.0 999.0 999.0 999.0 99.0 99.00
2017 06 15 22 50 999 99.0 99.0  3.08 12.90  8.79 224 9999.0 999.0 999.0 999.0 99.0 99.00
2017 06 15 23 50 999 99.0 99.0  3.01 12.90  9.09 217 9999.0 999.0 999.0 999.0 99.0 99.00
2017 06 16 00 50 999 99.0 99.0  2.79 13.79  8.84 218 9999.0 999.0 999.0 999.0 99.0 99.00
2017 06 16 01 50 999 99.0 99.0  2.92 13.79  9.40 209 9999.0 999.0 999.0 999.0 99.0 99.00
2017 06 16 02 50 999 99.0 99.0  2.54 13.79  8.14 201 9999.0 999.0 999.0 999.0 99.0 99.00
2017 06 16 03 50 999 99.0 99.0  2.92 13.79  9.25 207 9999.0 999.0 999.0 999.0 99.0 99.00
2017 06 16 04 50 999 99.0 99.0  2.80 13.79  8.94 219 9999.0 999.0 999.0 999.0 99.0 99.00
2017 06 16 05 50 999 99.0 99.0  2.87 13.79  9.34 214 9999.0 999.0 999.0 999.0 99.0 99.00
2017 06 16 06 50 999 99.0 99.0  3.00 13.79  9.43 202 9999.0 999.0 999.0 999.0 99.0 99.00
2017 06 16 07 50 999 99.0 99.0  3.20 12.90  9.63 201 9999.0 999.0 999.0 999.0 99.0 99.00
2017 06 16 08 50 999 99.0 99.0  3.06 13.79  9.22 213 9999.0 999.0 999.0 999.0 99.0 99.00
2017 06 16 09 50 999 99.0 99.0  2.93 13.79  9.08 211 9999.0 999.0 999.0 999.0 99.0 99.00
2017 06 16 10 50 999 99.0 99.0  3.24 12.90  9.26 209 9999.0 999.0 999.0 999.0 99.0 99.00
2017 06 16 11 50 999 99.0 99.0  3.13 13.79  9.32 205 9999.0 999.0 999.0 999.0 99.0 99.00
2017 06 16 12 50 999 99.0 99.0  3.60 13.79 10.03 209 9999.0 999.0 999.0 999.0 99.0 99.00
2017 06 16 13 50 999 99.0 99.0  3.06 14.81  9.34 205 9999.0 999.0 999.0 999.0 99.0 99.00
2017 06 16 14 50 999 99.0 99.0  3.47 14.81  9.97 219 9999.0 999.0 999.0 999.0 99.0 99.00
2017 06 16 15 50 999 99.0 99.0  3.37 14.81 10.01 203 9999.0 999.0 999.0 999.0 99.0 99.00
2017 06 16 16 50 999 99.0 99.0  3.48 13.79 10.13 213 9999.0 999.0 999.0 999.0 99.0 99.00
2017 06 16 17 50 999 99.0 99.0  3.58 14.81 10.20 190 9999.0 999.0 999.0 999.0 99.0 99.00
2017 06 16 18 50 999 99.0 99.0  3.65 14.81 10.43 207 9999.0 999.0 999.0 999.0 99.0 99.00
2017 06 16 19 50 999 99.0 99.0  3.70 13.79  9.55 219 9999.0 999.0 999.0 999.0 99.0 99.00
2017 06 16 20 50 999 99.0 99.0  3.37 13.79  9.43 214 9999.0 999.0 999.0 999.0 99.0 99.00
2017 06 16 21 50 999 99.0 99.0  3.62 13.79  9.66 203 9999.0 999.0 999.0 999.0 99.0 99.00
2017 06 16 22 50 999 99.0 99.0  3.25 14.81  9.19 206 9999.0 999.0 999.0 999.0 99.0 99.00
2017 06 16 23 50 999 99.0 99.0  3.61 12.12  9.62 199 9999.0 999.0 999.0 999.0 99.0 99.00
2017 06 17 00 50 999 99.0 99.0  3.50 12.90  9.37 190 9999.0 999.0 999.0 999.0 99.0 99.00
2017 06 17 01 50 999 99.0 99.0  3.40 13.79  8.95 191 9999.0 999.0 999.0 999.0 99.0 99.00
2017 06 17 02 50 999 99.0 99.0  3.51 13.79  9.20 188 9999.0 999.0 999.0 999.0 99.0 99.00
2017 06 17 03 50 999 99.0 99.0  3.63 13.79  8.94 194 9999.0 999.0 999.0 999.0 99.0 99.00
2017 06 17 04 50 999 99.0 99.0  3.58 13.79  8.83 195 9999.0 999.0 999.0 999.0 99.0 99.00
2017 06 17 05 50 999 99.0 99.0  3.49 13.79  8.39 181 9999.0 999.0 999.0 999.0 99.0 99.00
2017 06 17 06 50 999 99.0 99.0  3.92 14.81  9.12 191 9999.0 999.0 999.0 999.0 99.0 99.00
2017 06 17 07 50 999 99.0 99.0  4.07 13.79  9.60 188 9999.0 999.0 999.0 999.0 99.0 99.00
2017 06 17 08 50 999 99.0 99.0  4.42 13.79  9.59 193 9999.0 999.0 999.0 999.0 99.0 99.00
2017 06 17 09 50 999 99.0 99.0  3.81 14.81  8.96 201 9999.0 999.0 999.0 999.0 99.0 99.00
2017 06 17 10 50 999 99.0 99.0  3.74 13.79  9.19 191 9999.0 999.0 999.0 999.0 99.0 99.00
2017 06 17 11 50 999 99.0 99.0  3.99 13.79  9.05 183 9999.0 999.0 999.0 999.0 99.0 99.00
2017 06 17 12 50 999 99.0 99.0  3.39 14.81  7.96 182 9999.0 999.0 999.0 999.0 99.0 99.00
2017 06 17 13 50 999 99.0 99.0  3.86 13.79  9.13 176 9999.0 999.0 999.0 999.0 99.0 99.00
2017 06 17 14 50 999 99.0 99.0  3.85 13.79  8.86 180 9999.0 999.0 999.0 999.0 99.0 99.00
2017 06 17 15 50 999 99.0 99.0  3.25 12.12  8.08 188 9999.0 999.0 999.0 999.0 99.0 99.00
2017 06 17 16 50 999 99.0 99.0  3.19 13.79  8.10 183 9999.0 999.0 999.0 999.0 99.0 99.00
2017 06 17 17 50 999 99.0 99.0  3.17 13.79  8.22 190 9999.0 999.0 999.0 999.0 99.0 99.00
2017 06 17 18 50 999 99.0 99.0  3.18 13.79  7.87 199 9999.0 999.0 999.0 999.0 99.0 99.00
2017 06 17 19 50 999 99.0 99.0  3.49 13.79  8.59 198 9999.0 999.0 999.0 999.0 99.0 99.00
2017 06 17 20 50 999 99.0 99.0  3.21 12.90  8.49 185 9999.0 999.0 999.0 999.0 99.0 99.00
2017 06 17 21 50 999 99.0 99.0  3.19 12.90  8.45 181 9999.0 999.0 999.0 999.0 99.0 99.00
2017 06 17 22 50 999 99.0 99.0  3.28 13.79  8.50 175 9999.0 999.0 999.0 999.0 99.0 99.00
2017 06 17 23 50 999 99.0 99.0  3.39 12.12  8.58 185 9999.0 999.0 999.0 999.0 99.0 99.00
2017 06 18 00 50 999 99.0 99.0  3.26 12.90  8.12 175 9999.0 999.0 999.0 999.0 99.0 99.00
2017 06 18 01 50 999 99.0 99.0  3.91 12.90  8.77 191 9999.0 999.0 999.0 999.0 99.0 99.00
2017 06 18 02 50 999 99.0 99.0  3.40 12.90  8.02 173 9999.0 999.0 999.0 999.0 99.0 99.00
2017 06 18 03 50 999 99.0 99.0  3.74 12.90  8.55 181 9999.0 999.0 999.0 999.0 99.0 99.00
2017 06 18 04 50 999 99.0 99.0  3.47 12.90  8.04 178 9999.0 999.0 999.0 999.0 99.0 99.00
2017 06 18 05 50 999 99.0 99.0  3.17 12.12  7.31 182 9999.0 999.0 999.0 999.0 99.0 99.00
2017 06 18 06 50 999 99.0 99.0  3.46 12.90  7.85 180 9999.0 999.0 999.0 999.0 99.0 99.00
2017 06 18 07 50 999 99.0 99.0  3.16 12.90  7.41 164 9999.0 999.0 999.0 999.0 99.0 99.00
2017 06 18 08 50 999 99.0 99.0  3.39 12.90  7.80 178 9999.0 999.0 999.0 999.0 99.0 99.00
2017 06 18 09 50 999 99.0 99.0  3.19 12.12  7.48 177 9999.0 999.0 999.0 999.0 99.0 99.00
2017 06 18 10 50 999 99.0 99.0  3.23 12.90  7.54 182 9999.0 999.0 999.0 999.0 99.0 99.00
2017 06 18 11 50 999 99.0 99.0  3.57 12.90  8.02 177 9999.0 999.0 999.0 999.0 99.0 99.00
2017 06 18 12 50 999 99.0 99.0  3.37 12.90  7.74 188 9999.0 999.0 999.0 999.0 99.0 99.00
2017 06 18 13 50 999 99.0 99.0  3.35 12.90  7.45 177 9999.0 999.0 999.0 999.0 99.0 99.00
2017 06 18 14 50 999 99.0 99.0  3.49 12.12  7.42 190 9999.0 999.0 999.0 999.0 99.0 99.00
2017 06 18 15 50 999 99.0 99.0  3.34 12.90  7.27 165 9999.0 999.0 999.0 999.0 99.0 99.00
2017 06 18 16 50 999 99.0 99.0  3.15 11.43  6.99 190 9999.0 999.0 999.0 999.0 99.0 99.00
2017 06 18 17 50 999 99.0 99.0  3.11 12.12  6.90 171 9999.0 999.0 999.0 999.0 99.0 99.00
2017 06 18 18 50 999 99.0 99.0  3.25 12.90  7.09 174 9999.0 999.0 999.0 999.0 99.0 99.00
2017 06 18 19 50 999 99.0 99.0  3.47 12.12  7.54 177 9999.0 999.0 999.0 999.0 99.0 99.00
2017 06 18 20 50 999 99.0 99.0  3.22 12.12  7.01 181 9999.0 999.0 999.0 999.0 99.0 99.00
2017 06 18 21 50 999 99.0 99.0  3.25 12.12  7.37 190 9999.0 999.0 999.0 999.0 99.0 99.00
2017 06 18 22 50 999 99.0 99.0  3.07 11.43  6.97 174 9999.0 999.0 999.0 999.0 99.0 99.00
2017 06 18 23 50 999 99.0 99.0  3.15 12.90  7.17 175 9999.0 999.0 999.0 999.0 99.0 99.00
2017 06 19 00 50 999 99.0 99.0  2.98 12.12  7.04 193 9999.0 999.0 999.0 999.0 99.0 99.00
2017 06 19 01 50 999 99.0 99.0  2.91 12.12  6.80 190 9999.0 999.0 999.0 999.0 99.0 99.00
2017 06 19 02 50 999 99.0 99.0  3.26 12.12  7.55 192 9999.0 999.0 999.0 999.0 99.0 99.00
2017 06 19 03 50 999 99.0 99.0  3.15 12.12  7.44 173 9999.0 999.0 999.0 999.0 99.0 99.00
2017 06 19 04 50 999 99.0 99.0  2.99 12.12  6.82 183 9999.0 999.0 999.0 999.0 99.0 99.00
2017 06 19 05 50 999 99.0 99.0  3.02 12.12  7.03 169 9999.0 999.0 999.0 999.0 99.0 99.00
2017 06 19 06 50 999 99.0 99.0  2.93 11.43  7.00 163 9999.0 999.0 999.0 999.0 99.0 99.00
2017 06 19 07 50 999 99.0 99.0  3.19 12.12  7.43 169 9999.0 999.0 999.0 999.0 99.0 99.00
2017 06 19 08 50 999 99.0 99.0  2.92 12.12  7.15 187 9999.0 999.0 999.0 999.0 99.0 99.00
2017 06 19 09 50 999 99.0 99.0  2.67 12.12  6.78 170 9999.0 999.0 999.0 999.0 99.0 99.00
2017 06 19 10 50 999 99.0 99.0  3.03 10.81  7.05 177 9999.0 999.0 999.0 999.0 99.0 99.00
2017 06 19 11 50 999 99.0 99.0  3.02 12.12  7.10 176 9999.0 999.0 999.0 999.0 99.0 99.00
2017 06 19 12 50 999 99.0 99.0  2.85 12.12  6.71 185 9999.0 999.0 999.0 999.0 99.0 99.00
2017 06 19 13 50 999 99.0 99.0  2.81 12.12  6.92 173 9999.0 999.0 999.0 999.0 99.0 99.00
2017 06 19 14 50 999 99.0 99.0  3.29 11.43  7.22 191 9999.0 999.0 999.0 999.0 99.0 99.00
2017 06 19 15 50 999 99.0 99.0  3.12 12.12  7.17 156 9999.0 999.0 999.0 999.0 99.0 99.00
2017 06 19 16 50 999 99.0 99.0  2.84 11.43  6.90 165 9999.0 999.0 999.0 999.0 99.0 99.00
2017 06 19 17 50 999 99.0 99.0  3.10 12.90  7.15 166 9999.0 999.0 999.0 999.0 99.0 99.00
2017 06 19 18 50 999 99.0 99.0  2.90  7.69  7.02 140 9999.0 999.0 999.0 999.0 99.0 99.00
2017 06 19 19 50 999 99.0 99.0  3.02  8.33  7.18 153 9999.0 999.0 999.0 999.0 99.0 99.00
2017 06 19 20 50 999 99.0 99.0  2.86 12.90  7.04 183 9999.0 999.0 999.0 999.0 99.0 99.00
2017 06 19 21 50 999 99.0 99.0  2.72 12.12  6.97 195 9999.0 999.0 999.0 999.0 99.0 99.00
2017 06 19 22 50 999 99.0 99.0  2.74 12.12  6.95 185 9999.0 999.0 999.0 999.0 99.0 99.00
2017 06 19 23 50 999 99.0 99.0  2.62 12.12  6.88 170 9999.0 999.0 999.0 999.0 99.0 99.00
2017 06 20 00 50 999 99.0 99.0  2.69 12.12  7.18 157 9999.0 999.0 999.0 999.0 99.0 99.00
2017 06 20 01 50 999 99.0 99.0  2.57 11.43  7.22 183 9999.0 999.0 999.0 999.0 99.0 99.00
2017 06 20 02 50 999 99.0 99.0  2.64 11.43  7.26 167 9999.0 999.0 999.0 999.0 99.0 99.00
2017 06 20 03 50 999 99.0 99.0  2.61 12.12  7.25 180 9999.0 999.0 999.0 999.0 99.0 99.00
2017 06 20 04 50 999 99.0 99.0  2.40 10.00  6.94 170 9999.0 999.0 999.0 999.0 99.0 99.00
2017 06 20 05 50 999 99.0 99.0  2.49  9.09  7.10 159 9999.0 999.0 999.0 999.0 99.0 99.00
2017 06 20 06 50 999 99.0 99.0  2.34  8.33  6.87 149 9999.0 999.0 999.0 999.0 99.0 99.00
2017 06 20 07 50 999 99.0 99.0  2.45 11.43  7.12 172 9999.0 999.0 999.0 999.0 99.0 99.00
2017 06 20 08 50 999 99.0 99.0  2.42 12.12  7.15 185 9999.0 999.0 999.0 999.0 99.0 99.00
2017 06 20 09 50 999 99.0 99.0  2.27 10.00  7.16 164 9999.0 999.0 999.0 999.0 99.0 99.00
2017 06 20 10 50 999 99.0 99.0  2.31 11.43  7.03 164 9999.0 999.0 999.0 999.0 99.0 99.00
2017 06 20 11 50 999 99.0 99.0  2.25 10.81  7.27 174 9999.0 999.0 999.0 999.0 99.0 99.00
2017 06 20 12 50 999 99.0 99.0  2.23 11.43  7.27 152 9999.0 999.0 999.0 999.0 99.0 99.00
2017 06 20 13 50 999 99.0 99.0  2.11  9.09  7.07 161 9999.0 999.0 999.0 999.0 99.0 99.00
2017 06 20 14 50 999 99.0 99.0  2.16 11.43  7.23 167 9999.0 999.0 999.0 999.0 99.0 99.00
2017 06 20 15 50 999 99.0 99.0  2.23 11.43  7.43 176 9999.0 999.0 999.0 999.0 99.0 99.00
2017 06 20 16 50 999 99.0 99.0  2.16  9.09  7.07 145 9999.0 999.0 999.0 999.0 99.0 99.00
2017 06 20 17 50 999 99.0 99.0  2.12 10.81  7.19 166 9999.0 999.0 999.0 999.0 99.0 99.00
2017 06 20 18 50 999 99.0 99.0  2.09 10.00  7.16 151 9999.0 999.0 999.0 999.0 99.0 99.00
2017 06 20 19 50 999 99.0 99.0  2.11 10.00  7.21 165 9999.0 999.0 999.0 999.0 99.0 99.00
2017 06 20 20 50 999 99.0 99.0  2.00 10.81  7.16 160 9999.0 999.0 999.0 999.0 99.0 99.00
2017 06 20 21 50 999 99.0 99.0  2.00 10.00  7.30 154 9999.0 999.0 999.0 999.0 99.0 99.00
2017 06 20 22 50 999 99.0 99.0  2.05 10.00  7.30 166 9999.0 999.0 999.0 999.0 99.0 99.00
2017 06 20 23 50 999 99.0 99.0  1.87 14.81  7.47 233 9999.0 999.0 999.0 999.0 99.0 99.00
2017 06 21 00 50 999 99.0 99.0  1.71  9.09  7.33 159 9999.0 999.0 999.0 999.0 99.0 99.00
2017 06 21 01 50 999 99.0 99.0  1.91 10.81  7.46 168 9999.0 999.0 999.0 999.0 99.0 99.00
2017 06 21 02 50 999 99.0 99.0  1.95 10.00  7.68 161 9999.0 999.0 999.0 999.0 99.0 99.00
2017 06 21 03 50 999 99.0 99.0  1.73 10.81  7.32 165 9999.0 999.0 999.0 999.0 99.0 99.00
2017 06 21 04 50 999 99.0 99.0  1.83 13.79  7.59 238 9999.0 999.0 999.0 999.0 99.0 99.00
2017 06 21 05 50 999 99.0 99.0  1.70 10.81  7.16 169 9999.0 999.0 999.0 999.0 99.0 99.00
2017 06 21 06 50 999 99.0 99.0  1.77 14.81  7.32 223 9999.0 999.0 999.0 999.0 99.0 99.00
2017 06 21 07 50 999 99.0 99.0  1.78 13.79  7.64 234 9999.0 999.0 999.0 999.0 99.0 99.00
2017 06 21 08 50 999 99.0 99.0  1.82 14.81  7.94 206 9999.0 999.0 999.0 999.0 99.0 99.00
2017 06 21 09 50 999 99.0 99.0  1.71 13.79  7.82 217 9999.0 999.0 999.0 999.0 99.0 99.00
2017 06 21 10 50 999 99.0 99.0  1.68 10.00  7.67 156 9999.0 999.0 999.0 999.0 99.0 99.00
2017 06 21 11 50 999 99.0 99.0  1.68 13.79  7.91 232 9999.0 999.0 999.0 999.0 99.0 99.00
2017 06 21 12 50 999 99.0 99.0  1.55 12.12  7.64 231 9999.0 999.0 999.0 999.0 99.0 99.00
2017 06 21 13 50 999 99.0 99.0  1.54 13.79  7.40 235 9999.0 999.0 999.0 999.0 99.0 99.00
2017 06 21 14 50 999 99.0 99.0  1.57 12.90  7.98 234 9999.0 999.0 999.0 999.0 99.0 99.00
2017 06 21 15 50 999 99.0 99.0  1.76 10.00  8.30 164 9999.0 999.0 999.0 999.0 99.0 99.00
2017 06 21 16 50 999 99.0 99.0  1.69 12.12  8.00 229 9999.0 999.0 999.0 999.0 99.0 99.00
2017 06 21 17 50 999 99.0 99.0  1.66 12.90  8.21 220 9999.0 999.0 999.0 999.0 99.0 99.00
2017 06 21 18 50 999 99.0 99.0  1.63 13.79  8.00 224 9999.0 999.0 999.0 999.0 99.0 99.00
2017 06 21 19 50 999 99.0 99.0  1.56 12.90  8.15 224 9999.0 999.0 999.0 999.0 99.0 99.00
2017 06 21 20 50 999 99.0 99.0  1.48 13.79  7.92 296 9999.0 999.0 999.0 999.0 99.0 99.00
2017 06 21 21 50 999 99.0 99.0  1.50 12.90  7.82 216 9999.0 999.0 999.0 999.0 99.0 99.00
2017 06 21 22 50 999 99.0 99.0  1.45 11.43  8.13 214 9999.0 999.0 999.0 999.0 99.0 99.00
2017 06 21 23 50 999 99.0 99.0  1.52 12.12  8.41 214 9999.0 999.0 999.0 999.0 99.0 99.00
2017 06 22 00 50 999 99.0 99.0  1.44 12.12  8.27 226 9999.0 999.0 999.0 999.0 99.0 99.00
2017 06 22 01 50 999 99.0 99.0  1.26 12.12  7.74 242 9999.0 999.0 999.0 999.0 99.0 99.00
2017 06 22 02 50 999 99.0 99.0  1.59 11.43  8.36 230 9999.0 999.0 999.0 999.0 99.0 99.00
2017 06 22 03 50 999 99.0 99.0  1.34 12.12  7.53 232 9999.0 999.0 999.0 999.0 99.0 99.00
2017 06 22 04 50 999 99.0 99.0  1.46 11.43  7.76 212 9999.0 999.0 999.0 999.0 99.0 99.00
2017 06 22 05 50 999 99.0 99.0  1.48 12.12  7.85 236 9999.0 999.0 999.0 999.0 99.0 99.00
2017 06 22 06 50 999 99.0 99.0  1.31 11.43  7.48 234 9999.0 999.0 999.0 999.0 99.0 99.00
2017 06 22 07 50 999 99.0 99.0  1.38 11.43  8.17 222 9999.0 999.0 999.0 999.0 99.0 99.00
2017 06 22 08 50 999 99.0 99.0  1.35 12.12  7.89 212 9999.0 999.0 999.0 999.0 99.0 99.00
2017 06 22 09 50 999 99.0 99.0  1.42 12.12  8.12 215 9999.0 999.0 999.0 999.0 99.0 99.00
2017 06 22 10 50 999 99.0 99.0  1.37 10.81  8.19 216 9999.0 999.0 999.0 999.0 99.0 99.00
2017 06 22 11 50 999 99.0 99.0  1.38 11.43  8.37 221 9999.0 999.0 999.0 999.0 99.0 99.00
2017 06 22 12 50 999 99.0 99.0  1.36 11.43  8.16 216 9999.0 999.0 999.0 999.0 99.0 99.00
2017 06 22 13 50 999 99.0 99.0  1.34 11.43  8.38 221 9999.0 999.0 999.0 999.0 99.0 99.00
2017 06 22 14 50 999 99.0 99.0  1.38 12.12  8.30 211 9999.0 999.0 999.0 999.0 99.0 99.00
2017 06 22 15 50 999 99.0 99.0  1.26 12.12  8.20 224 9999.0 999.0 999.0 999.0 99.0 99.00
2017 06 22 16 50 999 99.0 99.0  1.30 11.43  8.44 212 9999.0 999.0 999.0 999.0 99.0 99.00
2017 06 22 17 50 999 99.0 99.0  1.36 10.81  8.66 216 9999.0 999.0 999.0 999.0 99.0 99.00
2017 06 22 18 50 999 99.0 99.0  1.29 10.81  8.23 209 9999.0 999.0 999.0 999.0 99.0 99.00
2017 06 22 19 50 999 99.0 99.0  1.31 10.00  8.33 210 9999.0 999.0 999.0 999.0 99.0 99.00
2017 06 22 20 50 999 99.0 99.0  1.42 10.81  8.60 221 9999.0 999.0 999.0 999.0 99.0 99.00
2017 06 22 21 50 999 99.0 99.0  1.26 10.81  8.06 222 9999.0 999.0 999.0 999.0 99.0 99.00
2017 06 22 22 50 999 99.0 99.0  1.35 10.81  8.44 211 9999.0 999.0 999.0 999.0 99.0 99.00
2017 06 22 23 50 999 99.0 99.0  1.32 10.81  8.31 216 9999.0 999.0 999.0 999.0 99.0 99.00
2017 06 23 00 50 999 99.0 99.0  1.26 10.81  8.34 229 9999.0 999.0 999.0 999.0 99.0 99.00
2017 06 23 01 50 999 99.0 99.0  1.50 10.81  8.84 212 9999.0 999.0 999.0 999.0 99.0 99.00
2017 06 23 02 50 999 99.0 99.0  1.35 10.81  8.70 217 9999.0 999.0 999.0 999.0 99.0 99.00
2017 06 23 03 50 999 99.0 99.0  1.37 11.43  8.54 226 9999.0 999.0 999.0 999.0 99.0 99.00
2017 06 23 04 50 999 99.0 99.0  1.47 10.81  8.69 213 9999.0 999.0 999.0 999.0 99.0 99.00
2017 06 23 05 50 999 99.0 99.0  1.51 10.81  8.58 213 9999.0 999.0 999.0 999.0 99.0 99.00
2017 06 23 06 50 999 99.0 99.0  1.53  9.09  8.53 221 9999.0 999.0 999.0 999.0 99.0 99.00
2017 06 23 07 50 999 99.0 99.0  1.68 10.00  9.03 212 9999.0 999.0 999.0 999.0 99.0 99.00
2017 06 23 08 50 999 99.0 99.0  1.64 10.00  8.74 214 9999.0 999.0 999.0 999.0 99.0 99.00
2017 06 23 09 50 999 99.0 99.0  1.68 10.81  8.61 208 9999.0 999.0 999.0 999.0 99.0 99.00
2017 06 23 10 50 999 99.0 99.0  1.71 11.43  8.95 203 9999.0 999.0 999.0 999.0 99.0 99.00
2017 06 23 11 50 999 99.0 99.0  1.81 10.81  8.87 219 9999.0 999.0 999.0 999.0 99.0 99.00
2017 06 23 12 50 999 99.0 99.0  1.84 10.81  9.10 218 9999.0 999.0 999.0 999.0 99.0 99.00
2017 06 23 13 50 999 99.0 99.0  1.77 11.43  9.16 210 9999.0 999.0 999.0 999.0 99.0 99.00
2017 06 23 14 50 999 99.0 99.0  1.83 11.43  9.24 209 9999.0 999.0 999.0 999.0 99.0 99.00
2017 06 23 15 50 999 99.0 99.0  1.83 11.43  9.31 211 9999.0 999.0 999.0 999.0 99.0 99.00
2017 06 23 16 50 999 99.0 99.0  2.12 11.43  9.62 209 9999.0 999.0 999.0 999.0 99.0 99.00
2017 06 23 17 50 999 99.0 99.0  1.75 11.43  9.30 212 9999.0 999.0 999.0 999.0 99.0 99.00
2017 06 23 18 50 999 99.0 99.0  1.83 10.81  9.15 213 9999.0 999.0 999.0 999.0 99.0 99.00
2017 06 23 19 50 999 99.0 99.0  1.98 10.81  9.24 217 9999.0 999.0 999.0 999.0 99.0 99.00
2017 06 23 20 50 999 99.0 99.0  1.96 11.43  8.95 222 9999.0 999.0 999.0 999.0 99.0 99.00
2017 06 23 21 50 999 99.0 99.0  1.66 11.43  8.28 202 9999.0 999.0 999.0 999.0 99.0 99.00
2017 06 23 22 50 999 99.0 99.0  1.77 11.43  7.98 215 9999.0 999.0 999.0 999.0 99.0 99.00
2017 06 23 23 50 999 99.0 99.0  1.68 10.81  7.37 220 9999.0 999.0 999.0 999.0 99.0 99.00
2017 06 24 00 50 999 99.0 99.0  1.78 10.00  7.44 223 9999.0 999.0 999.0 999.0 99.0 99.00
2017 06 24 01 50 999 99.0 99.0  1.68 11.43  7.85 223 9999.0 999.0 999.0 999.0 99.0 99.00
2017 06 24 02 50 999 99.0 99.0  1.68 10.00  7.64 219 9999.0 999.0 999.0 999.0 99.0 99.00
2017 06 24 03 50 999 99.0 99.0  1.80 10.81  7.70 218 9999.0 999.0 999.0 999.0 99.0 99.00
2017 06 24 04 50 999 99.0 99.0  1.71 10.81  7.42 220 9999.0 999.0 999.0 999.0 99.0 99.00
2017 06 24 05 50 999 99.0 99.0  1.67 10.81  7.01 222 9999.0 999.0 999.0 999.0 99.0 99.00
2017 06 24 06 50 999 99.0 99.0  1.72 10.81  6.45 213 9999.0 999.0 999.0 999.0 99.0 99.00
2017 06 24 07 50 999 99.0 99.0  1.79 10.81  6.30 208 9999.0 999.0 999.0 999.0 99.0 99.00
2017 06 24 08 50 999 99.0 99.0  1.74 14.81  6.11 228 9999.0 999.0 999.0 999.0 99.0 99.00
2017 06 24 09 50 999 99.0 99.0  1.60 10.00  6.22 231 9999.0 999.0 999.0 999.0 99.0 99.00
2017 06 24 10 50 999 99.0 99.0  1.60 10.81  6.20 232 9999.0 999.0 999.0 999.0 99.0 99.00
2017 06 24 11 50 999 99.0 99.0  1.59 10.81  6.16 224 9999.0 999.0 999.0 999.0 99.0 99.00
2017 06 24 12 50 999 99.0 99.0  1.59 13.79  5.64 225 9999.0 999.0 999.0 999.0 99.0 99.00
2017 06 24 13 50 999 99.0 99.0  1.72 14.81  6.03 260 9999.0 999.0 999.0 999.0 99.0 99.00
2017 06 24 14 50 999 99.0 99.0  1.65 13.79  5.86 227 9999.0 999.0 999.0 999.0 99.0 99.00
2017 06 24 15 50 999 99.0 99.0  1.70 13.79  5.90 219 9999.0 999.0 999.0 999.0 99.0 99.00
2017 06 24 16 50 999 99.0 99.0  1.68 13.79  6.02 200 9999.0 999.0 999.0 999.0 99.0 99.00
2017 06 24 17 50 999 99.0 99.0  1.86 14.81  6.17 220 9999.0 999.0 999.0 999.0 99.0 99.00
2017 06 24 18 50 999 99.0 99.0  1.93 10.00  6.26 221 9999.0 999.0 999.0 999.0 99.0 99.00
2017 06 24 19 50 999 99.0 99.0  2.00 12.90  6.62 208 9999.0 999.0 999.0 999.0 99.0 99.00
2017 06 24 20 50 999 99.0 99.0  2.05 10.00  6.59 211 9999.0 999.0 999.0 999.0 99.0 99.00
2017 06 24 21 50 999 99.0 99.0  1.94  8.33  6.69 224 9999.0 999.0 999.0 999.0 99.0 99.00
2017 06 24 22 50 999 99.0 99.0  2.06 10.00  6.77 210 9999.0 999.0 999.0 999.0 99.0 99.00
2017 06 24 23 50 999 99.0 99.0  2.04 10.00  6.84 209 9999.0 999.0 999.0 999.0 99.0 99.00
2017 06 25 00 50 999 99.0 99.0  2.23 10.81  7.15 204 9999.0 999.0 999.0 999.0 99.0 99.00
2017 06 25 01 50 999 99.0 99.0  2.37 10.81  7.17 214 9999.0 999.0 999.0 999.0 99.0 99.00
2017 06 25 02 50 999 99.0 99.0  2.35 10.00  7.04 209 9999.0 999.0 999.0 999.0 99.0 99.00
2017 06 25 03 50 999 99.0 99.0  2.56 10.81  7.36 208 9999.0 999.0 999.0 999.0 99.0 99.00
2017 06 25 04 50 999 99.0 99.0  2.48 10.81  7.31 206 9999.0 999.0 999.0 999.0 99.0 99.00
2017 06 25 05 50 999 99.0 99.0  2.65 13.79  7.52 184 9999.0 999.0 999.0 999.0 99.0 99.00
2017 06 25 06 50 999 99.0 99.0  3.09 10.81  7.96 212 9999.0 999.0 999.0 999.0 99.0 99.00
2017 06 25 07 50 999 99.0 99.0  3.35 13.79  8.66 186 9999.0 999.0 999.0 999.0 99.0 99.00
2017 06 25 08 50 999 99.0 99.0  3.81 13.79  9.26 182 9999.0 999.0 999.0 999.0 99.0 99.00
2017 06 25 09 50 999 99.0 99.0  3.85 13.79  9.43 184 9999.0 999.0 999.0 999.0 99.0 99.00
2017 06 25 10 50 999 99.0 99.0  3.69 12.90  8.79 188 9999.0 999.0 999.0 999.0 99.0 99.00
2017 06 25 11 50 999 99.0 99.0  3.72 12.12  8.92 192 9999.0 999.0 999.0 999.0 99.0 99.00
2017 06 25 12 50 999 99.0 99.0  3.87 12.12  8.84 194 9999.0 999.0 999.0 999.0 99.0 99.00
2017 06 25 13 50 999 99.0 99.0  4.04 13.79  9.27 183 9999.0 999.0 999.0 999.0 99.0 99.00
2017 06 25 14 50 999 99.0 99.0  3.82 13.79  9.50 196 9999.0 999.0 999.0 999.0 99.0 99.00
2017 06 25 15 50 999 99.0 99.0  3.75 12.12  9.12 198 9999.0 999.0 999.0 999.0 99.0 99.00
2017 06 25 16 50 999 99.0 99.0  4.60 13.79 10.20 184 9999.0 999.0 999.0 999.0 99.0 99.00
2017 06 25 17 50 999 99.0 99.0  4.37 13.79  9.83 183 9999.0 999.0 999.0 999.0 99.0 99.00
2017 06 25 18 50 999 99.0 99.0  4.77 12.90 10.25 192 9999.0 999.0 999.0 999.0 99.0 99.00
2017 06 25 19 50 999 99.0 99.0  4.99 12.90 10.53 192 9999.0 999.0 999.0 999.0 99.0 99.00
2017 06 25 20 50 999 99.0 99.0  4.95 16.00 10.73 180 9999.0 999.0 999.0 999.0 99.0 99.00
2017 06 25 21 50 999 99.0 99.0  4.89 13.79 10.47 183 9999.0 999.0 999.0 999.0 99.0 99.00
2017 06 25 22 50 999 99.0 99.0  4.84 14.81 10.94 185 9999.0 999.0 999.0 999.0 99.0 99.00
2017 06 25 23 50 999 99.0 99.0  4.54 14.81 10.32 186 9999.0 999.0 999.0 999.0 99.0 99.00
2017 06 26 00 50 999 99.0 99.0  4.31 16.00  9.98 189 9999.0 999.0 999.0 999.0 99.0 99.00
2017 06 26 01 50 999 99.0 99.0  4.40 13.79  9.92 189 9999.0 999.0 999.0 999.0 99.0 99.00
2017 06 26 02 50 999 99.0 99.0  4.65 14.81 10.45 179 9999.0 999.0 999.0 999.0 99.0 99.00
2017 06 26 03 50 999 99.0 99.0  4.43 14.81  9.97 187 9999.0 999.0 999.0 999.0 99.0 99.00
2017 06 26 04 50 999 99.0 99.0  4.21 14.81  9.69 188 9999.0 999.0 999.0 999.0 99.0 99.00
2017 06 26 05 50 999 99.0 99.0  4.29 13.79  9.61 182 9999.0 999.0 999.0 999.0 99.0 99.00
2017 06 26 06 50 999 99.0 99.0  4.52 14.81  9.84 186 9999.0 999.0 999.0 999.0 99.0 99.00
2017 06 26 07 50 999 99.0 99.0  4.41 14.81  8.89 173 9999.0 999.0 999.0 999.0 99.0 99.00
2017 06 26 08 50 999 99.0 99.0  4.12 14.81  8.86 182 9999.0 999.0 999.0 999.0 99.0 99.00
2017 06 26 09 50 999 99.0 99.0  4.92 14.81  9.86 175 9999.0 999.0 999.0 999.0 99.0 99.00
2017 06 26 10 50 999 99.0 99.0  4.86 14.81  9.63 175 9999.0 999.0 999.0 999.0 99.0 99.00
2017 06 26 11 50 999 99.0 99.0  4.37 16.00  8.84 200 9999.0 999.0 999.0 999.0 99.0 99.00
2017 06 26 12 50 999 99.0 99.0  4.31 16.00  8.81 181 9999.0 999.0 999.0 999.0 99.0 99.00
2017 06 26 13 50 999 99.0 99.0  4.04 14.81  8.84 180 9999.0 999.0 999.0 999.0 99.0 99.00
2017 06 26 14 50 999 99.0 99.0  4.17 16.00  8.86 171 9999.0 999.0 999.0 999.0 99.0 99.00
2017 06 26 15 50 999 99.0 99.0  4.52 14.81  9.22 165 9999.0 999.0 999.0 999.0 99.0 99.00
2017 06 26 16 50 999 99.0 99.0  4.61 14.81  9.42 171 9999.0 999.0 999.0 999.0 99.0 99.00
2017 06 26 17 50 999 99.0 99.0  5.20 14.81  9.55 171 9999.0 999.0 999.0 999.0 99.0 99.00
2017 06 26 18 50 999 99.0 99.0  4.50 13.79  9.10 184 9999.0 999.0 999.0 999.0 99.0 99.00
2017 06 26 19 50 999 99.0 99.0  4.14 14.81  8.91 182 9999.0 999.0 999.0 999.0 99.0 99.00
2017 06 26 20 50 999 99.0 99.0  4.61 14.81  9.10 169 9999.0 999.0 999.0 999.0 99.0 99.00
2017 06 26 21 50 999 99.0 99.0  4.76 13.79  9.34 176 9999.0 999.0 999.0 999.0 99.0 99.00
2017 06 26 22 50 999 99.0 99.0  4.25 14.81  8.72 167 9999.0 999.0 999.0 999.0 99.0 99.00
2017 06 26 23 50 999 99.0 99.0  4.38 13.79  8.80 169 9999.0 999.0 999.0 999.0 99.0 99.00
2017 06 27 00 50 999 99.0 99.0  4.69 13.79  9.37 169 9999.0 999.0 999.0 999.0 99.0 99.00
2017 06 27 01 50 999 99.0 99.0  4.52 14.81  9.29 174 9999.0 999.0 999.0 999.0 99.0 99.00
2017 06 27 02 50 999 99.0 99.0  4.22 13.79  9.06 172 9999.0 999.0 999.0 999.0 99.0 99.00
2017 06 27 03 50 999 99.0 99.0  4.47 12.90  9.25 171 9999.0 999.0 999.0 999.0 99.0 99.00
2017 06 27 04 50 999 99.0 99.0  4.48 13.79  9.38 168 9999.0 999.0 999.0 999.0 99.0 99.00
2017 06 27 05 50 999 99.0 99.0  4.03 12.12  8.67 181 9999.0 999.0 999.0 999.0 99.0 99.00
2017 06 27 06 50 999 99.0 99.0  4.23 14.81  8.84 176 9999.0 999.0 999.0 999.0 99.0 99.00
2017 06 27 07 50 999 99.0 99.0  4.12 13.79  8.62 173 9999.0 999.0 999.0 999.0 99.0 99.00
2017 06 27 08 50 999 99.0 99.0  4.39 13.79  9.32 174 9999.0 999.0 999.0 999.0 99.0 99.00
2017 06 27 09 50 999 99.0 99.0  4.03 13.79  8.89 162 9999.0 999.0 999.0 999.0 99.0 99.00
2017 06 27 10 50 999 99.0 99.0  4.28 13.79  8.82 171 9999.0 999.0 999.0 999.0 99.0 99.00
2017 06 27 11 50 999 99.0 99.0  3.95 14.81  8.62 163 9999.0 999.0 999.0 999.0 99.0 99.00
2017 06 27 12 50 999 99.0 99.0  3.77 14.81  8.31 167 9999.0 999.0 999.0 999.0 99.0 99.00
2017 06 27 13 50 999 99.0 99.0  3.86 13.79  8.58 166 9999.0 999.0 999.0 999.0 99.0 99.00
2017 06 27 14 50 999 99.0 99.0  3.98 13.79  8.54 166 9999.0 999.0 999.0 999.0 99.0 99.00
2017 06 27 15 50 999 99.0 99.0  3.92 12.90  8.41 178 9999.0 999.0 999.0 999.0 99.0 99.00
2017 06 27 16 50 999 99.0 99.0  3.55 16.00  7.98 171 9999.0 999.0 999.0 999.0 99.0 99.00
2017 06 27 17 50 999 99.0 99.0  3.95 14.81  8.59 173 9999.0 999.0 999.0 999.0 99.0 99.00
2017 06 27 18 50 999 99.0 99.0  3.80 14.81  8.46 158 9999.0 999.0 999.0 999.0 99.0 99.00
2017 06 27 19 50 999 99.0 99.0  3.59 13.79  7.90 179 9999.0 999.0 999.0 999.0 99.0 99.00
2017 06 27 20 50 999 99.0 99.0  3.58 14.81  7.99 157 9999.0 999.0 999.0 999.0 99.0 99.00
2017 06 27 21 50 999 99.0 99.0  3.50 13.79  7.90 174 9999.0 999.0 999.0 999.0 99.0 99.00
2017 06 27 22 50 999 99.0 99.0  3.82 13.79  8.49 181 9999.0 999.0 999.0 999.0 99.0 99.00
2017 06 27 23 50 999 99.0 99.0  4.22 14.81  8.92 166 9999.0 999.0 999.0 999.0 99.0 99.00
2017 06 28 00 50 999 99.0 99.0  3.94 13.79  8.86 164 9999.0 999.0 999.0 999.0 99.0 99.00
2017 06 28 01 50 999 99.0 99.0  3.98 14.81  8.40 147 9999.0 999.0 999.0 999.0 99.0 99.00
2017 06 28 02 50 999 99.0 99.0  4.25 12.90  8.56 165 9999.0 999.0 999.0 999.0 99.0 99.00
2017 06 28 03 50 999 99.0 99.0  4.04 14.81  8.85 163 9999.0 999.0 999.0 999.0 99.0 99.00
2017 06 28 04 50 999 99.0 99.0  3.99 13.79  8.70 163 9999.0 999.0 999.0 999.0 99.0 99.00
2017 06 28 05 50 999 99.0 99.0  3.66 13.79  8.27 168 9999.0 999.0 999.0 999.0 99.0 99.00
2017 06 28 06 50 999 99.0 99.0  3.60 13.79  8.20 164 9999.0 999.0 999.0 999.0 99.0 99.00
2017 06 28 07 50 999 99.0 99.0  3.88 13.79  8.43 163 9999.0 999.0 999.0 999.0 99.0 99.00
2017 06 28 08 50 999 99.0 99.0  3.76 12.90  8.18 176 9999.0 999.0 999.0 999.0 99.0 99.00
2017 06 28 09 50 999 99.0 99.0  3.85 13.79  8.65 183 9999.0 999.0 999.0 999.0 99.0 99.00
2017 06 28 10 50 999 99.0 99.0  3.45 12.90  8.15 165 9999.0 999.0 999.0 999.0 99.0 99.00
2017 06 28 11 50 999 99.0 99.0  3.52 12.90  8.18 164 9999.0 999.0 999.0 999.0 99.0 99.00
2017 06 28 12 50 999 99.0 99.0  3.29 12.90  7.90 167 9999.0 999.0 999.0 999.0 99.0 99.00
2017 06 28 13 50 999 99.0 99.0  3.22 12.90  7.52 164 9999.0 999.0 999.0 999.0 99.0 99.00
2017 06 28 14 50 999 99.0 99.0  3.28 12.90  7.83 156 9999.0 999.0 999.0 999.0 99.0 99.00
2017 06 28 15 50 999 99.0 99.0  3.16 13.79  7.63 169 9999.0 999.0 999.0 999.0 99.0 99.00
2017 06 28 16 50 999 99.0 99.0  3.38 13.79  7.88 149 9999.0 999.0 999.0 999.0 99.0 99.00
2017 06 28 17 50 999 99.0 99.0  2.95 13.79  7.61 171 9999.0 999.0 999.0 999.0 99.0 99.00
2017 06 28 18 50 999 99.0 99.0  3.01 12.12  7.42 172 9999.0 999.0 999.0 999.0 99.0 99.00
2017 06 28 19 50 999 99.0 99.0  2.74 12.90  7.17 167 9999.0 999.0 999.0 999.0 99.0 99.00
2017 06 28 20 50 999 99.0 99.0  3.19 12.90  7.69 172 9999.0 999.0 999.0 999.0 99.0 99.00
2017 06 28 21 50 999 99.0 99.0  2.92 12.90  7.26 157 9999.0 999.0 999.0 999.0 99.0 99.00
2017 06 28 22 50 999 99.0 99.0  2.78 12.12  7.02 174 9999.0 999.0 999.0 999.0 99.0 99.00
2017 06 28 23 50 999 99.0 99.0  2.78 12.90  6.87 164 9999.0 999.0 999.0 999.0 99.0 99.00
2017 06 29 00 50 999 99.0 99.0  2.63 12.90  6.71 166 9999.0 999.0 999.0 999.0 99.0 99.00
2017 06 29 01 50 999 99.0 99.0  2.86 12.12  6.92 162 9999.0 999.0 999.0 999.0 99.0 99.00
2017 06 29 02 50 999 99.0 99.0  2.83 12.90  6.73 173 9999.0 999.0 999.0 999.0 99.0 99.00
2017 06 29 03 50 999 99.0 99.0  2.91 12.12  6.89 172 9999.0 999.0 999.0 999.0 99.0 99.00
2017 06 29 04 50 999 99.0 99.0  2.61 12.12  6.64 157 9999.0 999.0 999.0 999.0 99.0 99.00
2017 06 29 05 50 999 99.0 99.0  3.10 12.12  7.06 170 9999.0 999.0 999.0 999.0 99.0 99.00
2017 06 29 06 50 999 99.0 99.0  2.83 12.12  6.68 165 9999.0 999.0 999.0 999.0 99.0 99.00
2017 06 29 07 50 999 99.0 99.0  2.83 11.43  6.80 173 9999.0 999.0 999.0 999.0 99.0 99.00
2017 06 29 08 50 999 99.0 99.0  2.75 12.12  6.50 157 9999.0 999.0 999.0 999.0 99.0 99.00
2017 06 29 09 50 999 99.0 99.0  2.82 12.12  6.74 176 9999.0 999.0 999.0 999.0 99.0 99.00
2017 06 29 10 50 999 99.0 99.0  2.60 11.43  6.41 166 9999.0 999.0 999.0 999.0 99.0 99.00
2017 06 29 11 50 999 99.0 99.0  2.64 11.43  6.78 176 9999.0 999.0 999.0 999.0 99.0 99.00
2017 06 29 12 50 999 99.0 99.0  2.49 11.43  6.36 169 9999.0 999.0 999.0 999.0 99.0 99.00
2017 06 29 13 50 999 99.0 99.0  2.69 11.43  6.72 156 9999.0 999.0 999.0 999.0 99.0 99.00
2017 06 29 14 50 999 99.0 99.0  2.59 10.00  6.32 178 9999.0 999.0 999.0 999.0 99.0 99.00
2017 06 29 15 50 999 99.0 99.0  2.59 10.81  6.40 161 9999.0 999.0 999.0 999.0 99.0 99.00
2017 06 29 16 50 999 99.0 99.0  2.69 10.81  6.42 165 9999.0 999.0 999.0 999.0 99.0 99.00
2017 06 29 17 50 999 99.0 99.0  2.64 10.81  6.18 152 9999.0 999.0 999.0 999.0 99.0 99.00
2017 06 29 18 50 999 99.0 99.0  2.70 10.00  6.46 169 9999.0 999.0 999.0 999.0 99.0 99.00
2017 06 29 19 50 999 99.0 99.0  2.59 10.81  6.50 162 9999.0 999.0 999.0 999.0 99.0 99.00
2017 06 29 20 50 999 99.0 99.0  2.43 10.81  6.38 187 9999.0 999.0 999.0 999.0 99.0 99.00
2017 06 29 21 50 999 99.0 99.0  2.47  8.33  6.31 175 9999.0 999.0 999.0 999.0 99.0 99.00
2017 06 29 22 50 999 99.0 99.0  2.29  7.14  6.17 162 9999.0 999.0 999.0 999.0 99.0 99.00
2017 06 29 23 50 999 99.0 99.0  2.46 10.00  6.25 174 9999.0 999.0 999.0 999.0 99.0 99.00
2017 06 30 00 50 999 99.0 99.0  2.41  6.67  6.13 142 9999.0 999.0 999.0 999.0 99.0 99.00
2017 06 30 01 50 999 99.0 99.0  2.54  6.67  6.15 122 9999.0 999.0 999.0 999.0 99.0 99.00
2017 06 30 02 50 999 99.0 99.0  2.55  6.67  6.06 115 9999.0 999.0 999.0 999.0 99.0 99.00
2017 06 30 03 50 999 99.0 99.0  2.24  6.25  5.96 105 9999.0 999.0 999.0 999.0 99.0 99.00
2017 06 30 04 50 999 99.0 99.0  2.31  7.14  6.09 135 9999.0 999.0 999.0 999.0 99.0 99.00
2017 06 30 05 50 999 99.0 99.0  2.39  6.25  6.14 131 9999.0 999.0 999.0 999.0 99.0 99.00
2017 06 30 06 50 999 99.0 99.0  2.35  6.67  6.28 135 9999.0 999.0 999.0 999.0 99.0 99.00
2017 06 30 07 50 999 99.0 99.0  2.39  6.67  6.25 110 9999.0 999.0 999.0 999.0 99.0 99.00
2017 06 30 08 50 999 99.0 99.0  2.43  6.67  6.20 117 9999.0 999.0 999.0 999.0 99.0 99.00
2017 06 30 09 50 999 99.0 99.0  2.49  6.67  6.12 112 9999.0 999.0 999.0 999.0 99.0 99.00
2017 06 30 10 50 999 99.0 99.0  2.44 14.81  6.58 238 9999.0 999.0 999.0 999.0 99.0 99.00
2017 06 30 11 50 999 99.0 99.0  2.30  6.67  5.95 124 9999.0 999.0 999.0 999.0 99.0 99.00
2017 06 30 12 50 999 99.0 99.0  2.26 14.81  6.01 207 9999.0 999.0 999.0 999.0 99.0 99.00
2017 06 30 13 50 999 99.0 99.0  2.54  6.67  6.23 125 9999.0 999.0 999.0 999.0 99.0 99.00
2017 06 30 14 50 999 99.0 99.0  2.42  6.67  6.08 114 9999.0 999.0 999.0 999.0 99.0 99.00
2017 06 30 15 50 999 99.0 99.0  2.31  6.67  5.99 134 9999.0 999.0 999.0 999.0 99.0 99.00
2017 06 30 16 50 999 99.0 99.0  2.30  7.14  6.12 126 9999.0 999.0 999.0 999.0 99.0 99.00
2017 06 30 17 50 999 99.0 99.0  2.50  7.14  6.26 150 9999.0 999.0 999.0 999.0 99.0 99.00
2017 06 30 18 50 999 99.0 99.0  2.42  7.14  6.13 122 9999.0 999.0 999.0 999.0 99.0 99.00
2017 06 30 19 50 999 99.0 99.0  2.26  7.14  6.10 122 9999.0 999.0 999.0 999.0 99.0 99.00
2017 06 30 20 50 999 99.0 99.0  2.23  7.14  6.08 130 9999.0 999.0 999.0 999.0 99.0 99.00
2017 06 30 21 50 999 99.0 99.0  2.32  7.14  6.23 126 9999.0 999.0 999.0 999.0 99.0 99.00
2017 06 30 22 50 999 99.0 99.0  2.26  7.69  6.30 120 9999.0 999.0 999.0 999.0 99.0 99.00
2017 06 30 23 50 999 99.0 99.0  2.36  7.69  6.14 141 9999.0 999.0 999.0 999.0 99.0 99.00
2017 07 01 00 50 999 99.0 99.0  2.33  7.69  6.25 150 9999.0 999.0 999.0 999.0 99.0 99.00
2017 07 01 01 50 999 99.0 99.0  2.37  7.14  6.30 133 9999.0 999.0 999.0 999.0 99.0 99.00
2017 07 01 02 50 999 99.0 99.0  2.16  7.14  5.94  98 9999.0 999.0 999.0 999.0 99.0 99.00
2017 07 01 03 50 999 99.0 99.0  2.42  7.14  6.27 118 9999.0 999.0 999.0 999.0 99.0 99.00
2017 07 01 04 50 999 99.0 99.0  2.19  7.69  6.20 133 9999.0 999.0 999.0 999.0 99.0 99.00
2017 07 01 05 50 999 99.0 99.0  2.02  7.14  5.90 116 9999.0 999.0 999.0 999.0 99.0 99.00
2017 07 01 06 50 999 99.0 99.0  2.12  7.14  6.20 113 9999.0 999.0 999.0 999.0 99.0 99.00
2017 07 01 07 50 999 99.0 99.0  2.17 13.79  6.41 228 9999.0 999.0 999.0 999.0 99.0 99.00
2017 07 01 08 50 999 99.0 99.0  2.02  7.14  5.93 115 9999.0 999.0 999.0 999.0 99.0 99.00
2017 07 01 09 50 999 99.0 99.0  1.96  7.69  6.30 140 9999.0 999.0 999.0 999.0 99.0 99.00
2017 07 01 10 50 999 99.0 99.0  2.01  7.14  6.29 126 9999.0 999.0 999.0 999.0 99.0 99.00
2017 07 01 11 50 999 99.0 99.0  1.97  7.14  6.21 126 9999.0 999.0 999.0 999.0 99.0 99.00
2017 07 01 12 50 999 99.0 99.0  1.89  7.14  6.02 114 9999.0 999.0 999.0 999.0 99.0 99.00
2017 07 01 13 50 999 99.0 99.0  1.89  7.14  6.02 108 9999.0 999.0 999.0 999.0 99.0 99.00
2017 07 01 14 50 999 99.0 99.0  2.02  7.69  6.25 127 9999.0 999.0 999.0 999.0 99.0 99.00
2017 07 01 15 50 999 99.0 99.0  1.94 13.79  6.11 218 9999.0 999.0 999.0 999.0 99.0 99.00
2017 07 01 16 50 999 99.0 99.0  1.82 13.79  6.33 226 9999.0 999.0 999.0 999.0 99.0 99.00
2017 07 01 17 50 999 99.0 99.0  1.98  7.14  6.37 116 9999.0 999.0 999.0 999.0 99.0 99.00
2017 07 01 18 50 999 99.0 99.0  1.75  7.69  6.07 134 9999.0 999.0 999.0 999.0 99.0 99.00
2017 07 01 19 50 999 99.0 99.0  1.87  7.69  6.42 140 9999.0 999.0 999.0 999.0 99.0 99.00
2017 07 01 20 50 999 99.0 99.0  1.66 13.79  6.32 226 9999.0 999.0 999.0 999.0 99.0 99.00
2017 07 01 21 50 999 99.0 99.0  1.66 12.90  6.18 219 9999.0 999.0 999.0 999.0 99.0 99.00
2017 07 01 22 50 999 99.0 99.0  1.67 13.79  6.51 218 9999.0 999.0 999.0 999.0 99.0 99.00
2017 07 01 23 50 999 99.0 99.0  1.68 12.90  6.67 222 9999.0 999.0 999.0 999.0 99.0 99.00
2017 07 02 00 50 999 99.0 99.0  1.53  7.14  6.31 134 9999.0 999.0 999.0 999.0 99.0 99.00
2017 07 02 01 50 999 99.0 99.0  1.75  7.69  6.72 127 9999.0 999.0 999.0 999.0 99.0 99.00
2017 07 02 02 50 999 99.0 99.0  1.59 12.90  6.61 230 9999.0 999.0 999.0 999.0 99.0 99.00
2017 07 02 03 50 999 99.0 99.0  1.62  7.69  6.37 125 9999.0 999.0 999.0 999.0 99.0 99.00
2017 07 02 04 50 999 99.0 99.0  1.54 12.90  6.55 224 9999.0 999.0 999.0 999.0 99.0 99.00
2017 07 02 05 50 999 99.0 99.0  1.49  7.69  6.41 135 9999.0 999.0 999.0 999.0 99.0 99.00
2017 07 02 06 50 999 99.0 99.0  1.40 13.79  6.23 236 9999.0 999.0 999.0 999.0 99.0 99.00
2017 07 02 07 50 999 99.0 99.0  1.50 12.90  6.68 222 9999.0 999.0 999.0 999.0 99.0 99.00
2017 07 02 08 50 999 99.0 99.0  1.49  8.33  6.82 134 9999.0 999.0 999.0 999.0 99.0 99.00
2017 07 02 09 50 999 99.0 99.0  1.43 12.90  6.72 237 9999.0 999.0 999.0 999.0 99.0 99.00
2017 07 02 10 50 999 99.0 99.0  1.40 12.12  6.75 211 9999.0 999.0 999.0 999.0 99.0 99.00
2017 07 02 11 50 999 99.0 99.0  1.47  8.33  7.03 144 9999.0 999.0 999.0 999.0 99.0 99.00
2017 07 02 12 50 999 99.0 99.0  1.38 12.12  6.89 207 9999.0 999.0 999.0 999.0 99.0 99.00
2017 07 02 13 50 999 99.0 99.0  1.40 12.12  6.77 246 9999.0 999.0 999.0 999.0 99.0 99.00
2017 07 02 14 50 999 99.0 99.0  1.52  8.33  7.08 144 9999.0 999.0 999.0 999.0 99.0 99.00
2017 07 02 15 50 999 99.0 99.0  1.35  9.09  6.90 147 9999.0 999.0 999.0 999.0 99.0 99.00
2017 07 02 16 50 999 99.0 99.0  1.42 12.12  7.06 219 9999.0 999.0 999.0 999.0 99.0 99.00
2017 07 02 17 50 999 99.0 99.0  1.36  9.09  6.67 131 9999.0 999.0 999.0 999.0 99.0 99.00
2017 07 02 18 50 999 99.0 99.0  1.38  7.14  6.95 134 9999.0 999.0 999.0 999.0 99.0 99.00
2017 07 02 19 50 999 99.0 99.0  1.33 12.12  7.15 210 9999.0 999.0 999.0 999.0 99.0 99.00
2017 07 02 20 50 999 99.0 99.0  1.29  9.09  7.03 141 9999.0 999.0 999.0 999.0 99.0 99.00
2017 07 02 21 50 999 99.0 99.0  1.27 12.12  6.89 190 9999.0 999.0 999.0 999.0 99.0 99.00
2017 07 02 22 50 999 99.0 99.0  1.30  9.09  6.98 139 9999.0 999.0 999.0 999.0 99.0 99.00
2017 07 02 23 50 999 99.0 99.0  1.21 11.43  7.25 210 9999.0 999.0 999.0 999.0 99.0 99.00
2017 07 03 00 50 999 99.0 99.0  1.31  8.33  7.38 144 9999.0 999.0 999.0 999.0 99.0 99.00
2017 07 03 01 50 999 99.0 99.0  1.25 11.43  7.18 228 9999.0 999.0 999.0 999.0 99.0 99.00
2017 07 03 02 50 999 99.0 99.0  1.18  8.33  7.26 118 9999.0 999.0 999.0 999.0 99.0 99.00
2017 07 03 03 50 999 99.0 99.0  1.22 14.81  7.18 190 9999.0 999.0 999.0 999.0 99.0 99.00
2017 07 03 04 50 999 99.0 99.0  1.17 14.81  7.33 195 9999.0 999.0 999.0 999.0 99.0 99.00
2017 07 03 05 50 999 99.0 99.0  1.24 13.79  7.50 209 9999.0 999.0 999.0 999.0 99.0 99.00
2017 07 03 06 50 999 99.0 99.0  1.29 13.79  6.47 219 9999.0 999.0 999.0 999.0 99.0 99.00
2017 07 03 07 50 999 99.0 99.0  1.18 11.43  6.93 210 9999.0 999.0 999.0 999.0 99.0 99.00
2017 07 03 08 50 999 99.0 99.0  1.14  8.33  7.25 136 9999.0 999.0 999.0 999.0 99.0 99.00
2017 07 03 09 50 999 99.0 99.0  1.10  7.69  7.24 138 9999.0 999.0 999.0 999.0 99.0 99.00
2017 07 03 10 50 999 99.0 99.0  1.17 13.79  7.64 166 9999.0 999.0 999.0 999.0 99.0 99.00
2017 07 03 11 50 999 99.0 99.0  1.08 14.81  7.11 158 9999.0 999.0 999.0 999.0 99.0 99.00
2017 07 03 12 50 999 99.0 99.0  1.12 13.79  6.45 324 9999.0 999.0 999.0 999.0 99.0 99.00
2017 07 03 13 50 999 99.0 99.0  1.21 13.79  6.67 211 9999.0 999.0 999.0 999.0 99.0 99.00
2017 07 03 14 50 999 99.0 99.0  1.17 13.79  6.57 234 9999.0 999.0 999.0 999.0 99.0 99.00
2017 07 03 15 50 999 99.0 99.0  1.18 13.79  6.28 211 9999.0 999.0 999.0 999.0 99.0 99.00
2017 07 03 16 50 999 99.0 99.0  1.11 12.90  6.29 196 9999.0 999.0 999.0 999.0 99.0 99.00
2017 07 03 17 50 999 99.0 99.0  1.21 12.90  6.32 184 9999.0 999.0 999.0 999.0 99.0 99.00
2017 07 03 18 50 999 99.0 99.0  1.28 13.79  6.95 237 9999.0 999.0 999.0 999.0 99.0 99.00
2017 07 03 19 50 999 99.0 99.0  1.19 13.79  6.45 207 9999.0 999.0 999.0 999.0 99.0 99.00
2017 07 03 20 50 999 99.0 99.0  1.34 13.79  6.17 219 9999.0 999.0 999.0 999.0 99.0 99.00
2017 07 03 21 50 999 99.0 99.0  1.46 13.79  5.69 247 9999.0 999.0 999.0 999.0 99.0 99.00
2017 07 03 22 50 999 99.0 99.0  2.03 13.79  5.89 222 9999.0 999.0 999.0 999.0 99.0 99.00
2017 07 03 23 50 999 99.0 99.0  2.36 12.90  6.03 201 9999.0 999.0 999.0 999.0 99.0 99.00
2017 07 04 00 50 999 99.0 99.0  2.67 13.79  6.65 207 9999.0 999.0 999.0 999.0 99.0 99.00
2017 07 04 01 50 999 99.0 99.0  3.19 13.79  7.40 216 9999.0 999.0 999.0 999.0 99.0 99.00
2017 07 04 02 50 999 99.0 99.0  3.78 14.81  8.26 220 9999.0 999.0 999.0 999.0 99.0 99.00
2017 07 04 03 50 999 99.0 99.0  4.03 14.81  8.30 200 9999.0 999.0 999.0 999.0 99.0 99.00
2017 07 04 04 50 999 99.0 99.0  4.29 13.79  8.66 216 9999.0 999.0 999.0 999.0 99.0 99.00
2017 07 04 05 50 999 99.0 99.0  4.26 13.79  8.37 226 9999.0 999.0 999.0 999.0 99.0 99.00
2017 07 04 06 50 999 99.0 99.0  4.96 14.81  9.06 223 9999.0 999.0 999.0 999.0 99.0 99.00
2017 07 04 07 50 999 99.0 99.0  4.24 14.81  8.19 226 9999.0 999.0 999.0 999.0 99.0 99.00
2017 07 04 08 50 999 99.0 99.0  4.42 14.81  8.48 230 9999.0 999.0 999.0 999.0 99.0 99.00
2017 07 04 09 50 999 99.0 99.0  4.82 13.79  8.69 218 9999.0 999.0 999.0 999.0 99.0 99.00
2017 07 04 10 50 999 99.0 99.0  4.48 13.79  8.42 225 9999.0 999.0 999.0 999.0 99.0 99.00
2017 07 04 11 50 999 99.0 99.0  4.67 16.00  8.47 229 9999.0 999.0 999.0 999.0 99.0 99.00
2017 07 04 12 50 999 99.0 99.0  4.54 14.81  8.54 227 9999.0 999.0 999.0 999.0 99.0 99.00
2017 07 04 13 50 999 99.0 99.0  4.12 13.79  8.28 225 9999.0 999.0 999.0 999.0 99.0 99.00
2017 07 04 14 50 999 99.0 99.0  4.36 14.81  8.40 226 9999.0 999.0 999.0 999.0 99.0 99.00
2017 07 04 15 50 999 99.0 99.0  4.70 16.00  8.64 230 9999.0 999.0 999.0 999.0 99.0 99.00
2017 07 04 16 50 999 99.0 99.0  4.00 16.00  8.12 224 9999.0 999.0 999.0 999.0 99.0 99.00
2017 07 04 17 50 999 99.0 99.0  4.42 16.00  8.77 222 9999.0 999.0 999.0 999.0 99.0 99.00
2017 07 04 18 50 999 99.0 99.0  4.24 14.81  8.63 229 9999.0 999.0 999.0 999.0 99.0 99.00
2017 07 04 19 50 999 99.0 99.0  4.28 16.00  8.87 224 9999.0 999.0 999.0 999.0 99.0 99.00
2017 07 04 20 50 999 99.0 99.0  4.12 16.00  8.74 231 9999.0 999.0 999.0 999.0 99.0 99.00
2017 07 04 21 50 999 99.0 99.0  4.07 17.39  8.86 229 9999.0 999.0 999.0 999.0 99.0 99.00
2017 07 04 22 50 999 99.0 99.0  4.07 16.00  8.86 234 9999.0 999.0 999.0 999.0 99.0 99.00
2017 07 04 23 50 999 99.0 99.0  4.09 16.00  9.15 214 9999.0 999.0 999.0 999.0 99.0 99.00
2017 07 05 00 50 999 99.0 99.0  3.97 17.39  8.86 187 9999.0 999.0 999.0 999.0 99.0 99.00
2017 07 05 01 50 999 99.0 99.0  3.81 16.00  8.38 234 9999.0 999.0 999.0 999.0 99.0 99.00
2017 07 05 02 50 999 99.0 99.0  3.88 16.00  8.74 221 9999.0 999.0 999.0 999.0 99.0 99.00
2017 07 05 03 50 999 99.0 99.0  3.72 16.00  8.50 214 9999.0 999.0 999.0 999.0 99.0 99.00
2017 07 05 04 50 999 99.0 99.0  3.92 16.00  8.48 229 9999.0 999.0 999.0 999.0 99.0 99.00
2017 07 05 05 50 999 99.0 99.0  3.76 16.00  8.27 226 9999.0 999.0 999.0 999.0 99.0 99.00
2017 07 05 06 50 999 99.0 99.0  3.70 14.81  8.35 235 9999.0 999.0 999.0 999.0 99.0 99.00
2017 07 05 07 50 999 99.0 99.0  4.09 16.00  9.03 215 9999.0 999.0 999.0 999.0 99.0 99.00
2017 07 05 08 50 999 99.0 99.0  3.35 13.79  8.03 218 9999.0 999.0 999.0 999.0 99.0 99.00
2017 07 05 09 50 999 99.0 99.0  3.76 17.39  8.56 203 9999.0 999.0 999.0 999.0 99.0 99.00
2017 07 05 10 50 999 99.0 99.0  3.44 16.00  7.80 223 9999.0 999.0 999.0 999.0 99.0 99.00
2017 07 05 11 50 999 99.0 99.0  3.54 14.81  8.19 207 9999.0 999.0 999.0 999.0 99.0 99.00
2017 07 05 12 50 999 99.0 99.0  4.09 16.00  9.20 197 9999.0 999.0 999.0 999.0 99.0 99.00
2017 07 05 13 50 999 99.0 99.0  3.62 14.81  8.59 208 9999.0 999.0 999.0 999.0 99.0 99.00
2017 07 05 14 50 999 99.0 99.0  3.40 16.00  8.10 209 9999.0 999.0 999.0 999.0 99.0 99.00
2017 07 05 15 50 999 99.0 99.0  3.61 14.81  8.29 217 9999.0 999.0 999.0 999.0 99.0 99.00
2017 07 05 16 50 999 99.0 99.0  3.50 16.00  8.12 215 9999.0 999.0 999.0 999.0 99.0 99.00
2017 07 05 17 50 999 99.0 99.0  3.47 14.81  7.97 217 9999.0 999.0 999.0 999.0 99.0 99.00
2017 07 05 18 50 999 99.0 99.0  3.15 14.81  7.70 221 9999.0 999.0 999.0 999.0 99.0 99.00
2017 07 05 19 50 999 99.0 99.0  3.42 14.81  7.82 201 9999.0 999.0 999.0 999.0 99.0 99.00
2017 07 05 20 50 999 99.0 99.0  3.29 14.81  7.65 223 9999.0 999.0 999.0 999.0 99.0 99.00
2017 07 05 21 50 999 99.0 99.0  3.26 14.81  7.92 209 9999.0 999.0 999.0 999.0 99.0 99.00
2017 07 05 22 50 999 99.0 99.0  3.26 13.79  8.07 214 9999.0 999.0 999.0 999.0 99.0 99.00
2017 07 05 23 50 999 99.0 99.0  3.17 14.81  7.96 186 9999.0 999.0 999.0 999.0 99.0 99.00
2017 07 06 00 50 999 99.0 99.0  2.95 14.81  7.38 202 9999.0 999.0 999.0 999.0 99.0 99.00
2017 07 06 01 50 999 99.0 99.0  3.04 13.79  7.80 209 9999.0 999.0 999.0 999.0 99.0 99.00
2017 07 06 02 50 999 99.0 99.0  3.63 13.79  8.52 214 9999.0 999.0 999.0 999.0 99.0 99.00
2017 07 06 03 50 999 99.0 99.0  3.26 12.12  7.53 207 9999.0 999.0 999.0 999.0 99.0 99.00
2017 07 06 04 50 999 99.0 99.0  3.42 13.79  8.20 209 9999.0 999.0 999.0 999.0 99.0 99.00
2017 07 06 05 50 999 99.0 99.0  3.38 13.79  7.46 209 9999.0 999.0 999.0 999.0 99.0 99.00
2017 07 06 06 50 999 99.0 99.0  3.22 13.79  7.68 211 9999.0 999.0 999.0 999.0 99.0 99.00
2017 07 06 07 50 999 99.0 99.0  3.02 13.79  7.16 224 9999.0 999.0 999.0 999.0 99.0 99.00
2017 07 06 08 50 999 99.0 99.0  3.09 12.90  7.23 207 9999.0 999.0 999.0 999.0 99.0 99.00
2017 07 06 09 50 999 99.0 99.0  3.00 13.79  7.08 210 9999.0 999.0 999.0 999.0 99.0 99.00
2017 07 06 10 50 999 99.0 99.0  3.12 12.12  7.20 199 9999.0 999.0 999.0 999.0 99.0 99.00
2017 07 06 11 50 999 99.0 99.0  3.05 13.79  7.37 198 9999.0 999.0 999.0 999.0 99.0 99.00
2017 07 06 12 50 999 99.0 99.0  3.00 13.79  7.02 211 9999.0 999.0 999.0 999.0 99.0 99.00
2017 07 06 13 50 999 99.0 99.0  3.00 12.90  7.02 206 9999.0 999.0 999.0 999.0 99.0 99.00
2017 07 06 14 50 999 99.0 99.0  2.85 13.79  7.06 214 9999.0 999.0 999.0 999.0 99.0 99.00
2017 07 06 15 50 999 99.0 99.0  2.96 13.79  7.17 208 9999.0 999.0 999.0 999.0 99.0 99.00
2017 07 06 16 50 999 99.0 99.0  2.95 12.90  7.12 200 9999.0 999.0 999.0 999.0 99.0 99.00
2017 07 06 17 50 999 99.0 99.0  2.66 13.79  6.59 220 9999.0 999.0 999.0 999.0 99.0 99.00
2017 07 06 18 50 999 99.0 99.0  2.74 12.12  6.96 195 9999.0 999.0 999.0 999.0 99.0 99.00
2017 07 06 19 50 999 99.0 99.0  2.99 13.79  6.85 211 9999.0 999.0 999.0 999.0 99.0 99.00
2017 07 06 20 50 999 99.0 99.0  2.75 13.79  6.91 218 9999.0 999.0 999.0 999.0 99.0 99.00
2017 07 06 21 50 999 99.0 99.0  2.58  7.14  6.32 121 9999.0 999.0 999.0 999.0 99.0 99.00
2017 07 06 22 50 999 99.0 99.0  2.79 12.90  6.86 186 9999.0 999.0 999.0 999.0 99.0 99.00
2017 07 06 23 50 999 99.0 99.0  2.53  7.14  6.38  97 9999.0 999.0 999.0 999.0 99.0 99.00
2017 07 07 00 50 999 99.0 99.0  2.58 12.90  6.72 215 9999.0 999.0 999.0 999.0 99.0 99.00
2017 07 07 01 50 999 99.0 99.0  2.67 13.79  6.97 210 9999.0 999.0 999.0 999.0 99.0 99.00
2017 07 07 02 50 999 99.0 99.0  2.87 12.90  7.12 198 9999.0 999.0 999.0 999.0 99.0 99.00
2017 07 07 03 50 999 99.0 99.0  2.77 12.12  6.92 208 9999.0 999.0 999.0 999.0 99.0 99.00
2017 07 07 04 50 999 99.0 99.0  2.82 17.39  7.21 193 9999.0 999.0 999.0 999.0 99.0 99.00
2017 07 07 05 50 999 99.0 99.0  2.83 16.00  7.15 215 9999.0 999.0 999.0 999.0 99.0 99.00
2017 07 07 06 50 999 99.0 99.0  3.20 16.00  7.73 219 9999.0 999.0 999.0 999.0 99.0 99.00
2017 07 07 07 50 999 99.0 99.0  3.01 16.00  7.38 210 9999.0 999.0 999.0 999.0 99.0 99.00
2017 07 07 08 50 999 99.0 99.0  2.89 16.00  7.37 227 9999.0 999.0 999.0 999.0 99.0 99.00
2017 07 07 09 50 999 99.0 99.0  3.16 16.00  7.34 221 9999.0 999.0 999.0 999.0 99.0 99.00
2017 07 07 10 50 999 99.0 99.0  2.96 14.81  7.24 206 9999.0 999.0 999.0 999.0 99.0 99.00
2017 07 07 11 50 999 99.0 99.0  3.00 14.81  7.55 192 9999.0 999.0 999.0 999.0 99.0 99.00
2017 07 07 12 50 999 99.0 99.0  3.14 14.81  7.50 221 9999.0 999.0 999.0 999.0 99.0 99.00
2017 07 07 13 50 999 99.0 99.0  3.27 16.00  7.66 218 9999.0 999.0 999.0 999.0 99.0 99.00
2017 07 07 14 50 999 99.0 99.0  3.51 16.00  8.37 217 9999.0 999.0 999.0 999.0 99.0 99.00
2017 07 07 15 50 999 99.0 99.0  3.04 14.81  7.48 189 9999.0 999.0 999.0 999.0 99.0 99.00
2017 07 07 16 50 999 99.0 99.0  3.54 16.00  8.28 205 9999.0 999.0 999.0 999.0 99.0 99.00
2017 07 07 17 50 999 99.0 99.0  3.79 19.05  8.64 208 9999.0 999.0 999.0 999.0 99.0 99.00
2017 07 07 18 50 999 99.0 99.0  3.19 17.39  8.03 215 9999.0 999.0 999.0 999.0 99.0 99.00
2017 07 07 19 50 999 99.0 99.0  4.08 16.00  9.10 212 9999.0 999.0 999.0 999.0 99.0 99.00
2017 07 07 20 50 999 99.0 99.0  4.29 16.00  9.46 216 9999.0 999.0 999.0 999.0 99.0 99.00
2017 07 07 21 50 999 99.0 99.0  3.93 17.39  8.95 202 9999.0 999.0 999.0 999.0 99.0 99.00
2017 07 07 22 50 999 99.0 99.0  3.98 17.39  9.42 200 9999.0 999.0 999.0 999.0 99.0 99.00
2017 07 07 23 50 999 99.0 99.0  3.64 16.00  9.00 210 9999.0 999.0 999.0 999.0 99.0 99.00
2017 07 08 00 50 999 99.0 99.0  4.15 17.39  9.68 207 9999.0 999.0 999.0 999.0 99.0 99.00
2017 07 08 01 50 999 99.0 99.0  3.78 16.00  9.41 200 9999.0 999.0 999.0 999.0 99.0 99.00
2017 07 08 02 50 999 99.0 99.0  3.44 14.81  8.87 217 9999.0 999.0 999.0 999.0 99.0 99.00
2017 07 08 03 50 999 99.0 99.0  3.73 17.39  9.32 210 9999.0 999.0 999.0 999.0 99.0 99.00
2017 07 08 04 50 999 99.0 99.0  3.38 13.79  8.65 213 9999.0 999.0 999.0 999.0 99.0 99.00
2017 07 08 05 50 999 99.0 99.0  3.47 13.79  8.43 212 9999.0 999.0 999.0 999.0 99.0 99.00
2017 07 08 07 50 999 99.0 99.0  2.96 16.00  7.66 204 9999.0 999.0 999.0 999.0 99.0 99.00
2017 07 08 08 50 999 99.0 99.0  3.08 13.79  7.62 209 9999.0 999.0 999.0 999.0 99.0 99.00
2017 07 08 09 50 999 99.0 99.0  3.05 12.90  7.47 217 9999.0 999.0 999.0 999.0 99.0 99.00
2017 07 08 10 50 999 99.0 99.0  3.18 16.00  7.83 194 9999.0 999.0 999.0 999.0 99.0 99.00
2017 07 08 11 50 999 99.0 99.0  2.75 16.00  6.97 188 9999.0 999.0 999.0 999.0 99.0 99.00
2017 07 08 12 50 999 99.0 99.0  3.14 16.00  7.44 214 9999.0 999.0 999.0 999.0 99.0 99.00
2017 07 08 13 50 999 99.0 99.0  3.10 16.00  7.44 220 9999.0 999.0 999.0 999.0 99.0 99.00
2017 07 08 14 50 999 99.0 99.0  3.15 16.00  7.80 203 9999.0 999.0 999.0 999.0 99.0 99.00
2017 07 08 15 50 999 99.0 99.0  3.51 14.81  8.18 208 9999.0 999.0 999.0 999.0 99.0 99.00
2017 07 08 16 50 999 99.0 99.0  3.05 14.81  7.37 210 9999.0 999.0 999.0 999.0 99.0 99.00
2017 07 08 17 50 999 99.0 99.0  3.61 14.81  8.49 202 9999.0 999.0 999.0 999.0 99.0 99.00
2017 07 08 18 50 999 99.0 99.0  3.35 14.81  7.97 205 9999.0 999.0 999.0 999.0 99.0 99.00
2017 07 08 19 50 999 99.0 99.0  3.36 16.00  7.93 205 9999.0 999.0 999.0 999.0 99.0 99.00
2017 07 08 20 50 999 99.0 99.0  3.75 14.81  8.82 209 9999.0 999.0 999.0 999.0 99.0 99.00
2017 07 08 21 50 999 99.0 99.0  3.30 16.00  7.99 208 9999.0 999.0 999.0 999.0 99.0 99.00
2017 07 08 22 50 999 99.0 99.0  3.07 14.81  7.74 213 9999.0 999.0 999.0 999.0 99.0 99.00
2017 07 08 23 50 999 99.0 99.0  3.24 13.79  8.04 211 9999.0 999.0 999.0 999.0 99.0 99.00
2017 07 09 00 50 999 99.0 99.0  3.19 13.79  7.72 216 9999.0 999.0 999.0 999.0 99.0 99.00
2017 07 09 01 50 999 99.0 99.0  3.06 13.79  7.66 208 9999.0 999.0 999.0 999.0 99.0 99.00
2017 07 09 02 50 999 99.0 99.0  3.08 17.39  7.98 205 9999.0 999.0 999.0 999.0 99.0 99.00
2017 07 09 03 50 999 99.0 99.0  3.07 12.90  7.90 203 9999.0 999.0 999.0 999.0 99.0 99.00
2017 07 09 04 50 999 99.0 99.0  3.15 12.90  8.16 220 9999.0 999.0 999.0 999.0 99.0 99.00
2017 07 09 05 50 999 99.0 99.0  3.21 17.39  8.39 202 9999.0 999.0 999.0 999.0 99.0 99.00
2017 07 09 06 50 999 99.0 99.0  2.96 17.39  8.02 198 9999.0 999.0 999.0 999.0 99.0 99.00
2017 07 09 07 50 999 99.0 99.0  3.40 17.39  8.84 197 9999.0 999.0 999.0 999.0 99.0 99.00
2017 07 09 08 50 999 99.0 99.0  3.01 17.39  8.52 199 9999.0 999.0 999.0 999.0 99.0 99.00
2017 07 09 09 50 999 99.0 99.0  3.33 17.39  9.24 217 9999.0 999.0 999.0 999.0 99.0 99.00
2017 07 09 10 50 999 99.0 99.0  2.86 17.39  7.76 222 9999.0 999.0 999.0 999.0 99.0 99.00
2017 07 09 11 50 999 99.0 99.0  2.86 17.39  7.93 200 9999.0 999.0 999.0 999.0 99.0 99.00
2017 07 09 12 50 999 99.0 99.0  3.16 14.81  8.41 205 9999.0 999.0 999.0 999.0 99.0 99.00
2017 07 09 13 50 999 99.0 99.0  3.13 17.39  8.44 195 9999.0 999.0 999.0 999.0 99.0 99.00
2017 07 09 14 50 999 99.0 99.0  2.83 14.81  7.96 204 9999.0 999.0 999.0 999.0 99.0 99.00
2017 07 09 15 50 999 99.0 99.0  2.63 14.81  7.53 199 9999.0 999.0 999.0 999.0 99.0 99.00
2017 07 09 16 50 999 99.0 99.0  2.91 14.81  8.02 211 9999.0 999.0 999.0 999.0 99.0 99.00
2017 07 09 17 50 999 99.0 99.0  2.85 13.79  8.06 208 9999.0 999.0 999.0 999.0 99.0 99.00
2017 07 09 18 50 999 99.0 99.0  2.55 14.81  7.72 203 9999.0 999.0 999.0 999.0 99.0 99.00
2017 07 09 19 50 999 99.0 99.0  2.58 14.81  8.01 200 9999.0 999.0 999.0 999.0 99.0 99.00
2017 07 09 20 50 999 99.0 99.0  2.47 13.79  7.49 220 9999.0 999.0 999.0 999.0 99.0 99.00
2017 07 09 21 50 999 99.0 99.0  2.55 12.90  7.48 205 9999.0 999.0 999.0 999.0 99.0 99.00
2017 07 09 22 50 999 99.0 99.0  2.51 14.81  7.59 208 9999.0 999.0 999.0 999.0 99.0 99.00
2017 07 09 23 50 999 99.0 99.0  2.36 14.81  7.35 213 9999.0 999.0 999.0 999.0 99.0 99.00
2017 07 10 00 50 999 99.0 99.0  2.37 12.90  7.29 199 9999.0 999.0 999.0 999.0 99.0 99.00
2017 07 10 01 50 999 99.0 99.0  2.42 14.81  7.33 203 9999.0 999.0 999.0 999.0 99.0 99.00
2017 07 10 02 50 999 99.0 99.0  2.58 12.90  7.34 206 9999.0 999.0 999.0 999.0 99.0 99.00
2017 07 10 03 50 999 99.0 99.0  2.18 14.81  6.88 217 9999.0 999.0 999.0 999.0 99.0 99.00
2017 07 10 04 50 999 99.0 99.0  2.24 12.12  6.84 206 9999.0 999.0 999.0 999.0 99.0 99.00
2017 07 10 05 50 999 99.0 99.0  2.42 12.90  7.09 216 9999.0 999.0 999.0 999.0 99.0 99.00
2017 07 10 06 50 999 99.0 99.0  2.22 13.79  6.68 206 9999.0 999.0 999.0 999.0 99.0 99.00
2017 07 10 07 50 999 99.0 99.0  2.41 14.81  6.85 211 9999.0 999.0 999.0 999.0 99.0 99.00
2017 07 10 08 50 999 99.0 99.0  2.51 16.00  7.51 197 9999.0 999.0 999.0 999.0 99.0 99.00
2017 07 10 09 50 999 99.0 99.0  2.58 14.81  7.50 208 9999.0 999.0 999.0 999.0 99.0 99.00
2017 07 10 10 50 999 99.0 99.0  2.73 14.81  7.76 200 9999.0 999.0 999.0 999.0 99.0 99.00
2017 07 10 11 50 999 99.0 99.0  2.58 14.81  7.47 205 9999.0 999.0 999.0 999.0 99.0 99.00
2017 07 10 12 50 999 99.0 99.0  2.46 14.81  7.20 208 9999.0 999.0 999.0 999.0 99.0 99.00
2017 07 10 13 50 999 99.0 99.0  2.62 13.79  7.43 214 9999.0 999.0 999.0 999.0 99.0 99.00
2017 07 10 14 50 999 99.0 99.0  2.35 14.81  7.10 200 9999.0 999.0 999.0 999.0 99.0 99.00
2017 07 10 15 50 999 99.0 99.0  2.36 14.81  6.95 203 9999.0 999.0 999.0 999.0 99.0 99.00
2017 07 10 16 50 999 99.0 99.0  2.30 12.90  7.25 207 9999.0 999.0 999.0 999.0 99.0 99.00
2017 07 10 17 50 999 99.0 99.0  2.45 13.79  7.15 194 9999.0 999.0 999.0 999.0 99.0 99.00
2017 07 10 18 50 999 99.0 99.0  2.39 14.81  7.02 222 9999.0 999.0 999.0 999.0 99.0 99.00
2017 07 10 19 50 999 99.0 99.0  2.12 12.90  7.04 208 9999.0 999.0 999.0 999.0 99.0 99.00
2017 07 10 20 50 999 99.0 99.0  2.33 12.90  7.64 206 9999.0 999.0 999.0 999.0 99.0 99.00
2017 07 10 21 50 999 99.0 99.0  2.19 12.90  7.35 217 9999.0 999.0 999.0 999.0 99.0 99.00
2017 07 10 22 50 999 99.0 99.0  2.34 13.79  7.79 203 9999.0 999.0 999.0 999.0 99.0 99.00
2017 07 10 23 50 999 99.0 99.0  2.17 12.12  7.54 203 9999.0 999.0 999.0 999.0 99.0 99.00
2017 07 11 00 50 999 99.0 99.0  2.26 14.81  7.40 212 9999.0 999.0 999.0 999.0 99.0 99.00
2017 07 11 01 50 999 99.0 99.0  2.15 13.79  7.90 214 9999.0 999.0 999.0 999.0 99.0 99.00
2017 07 11 02 50 999 99.0 99.0  2.22 14.81  8.14 206 9999.0 999.0 999.0 999.0 99.0 99.00
2017 07 11 03 50 999 99.0 99.0  2.20 14.81  8.09 198 9999.0 999.0 999.0 999.0 99.0 99.00
2017 07 11 04 50 999 99.0 99.0  2.28 14.81  8.55 207 9999.0 999.0 999.0 999.0 99.0 99.00
2017 07 11 05 50 999 99.0 99.0  2.35 14.81  8.68 219 9999.0 999.0 999.0 999.0 99.0 99.00
2017 07 11 07 50 999 99.0 99.0  2.29 13.79  7.99 198 9999.0 999.0 999.0 999.0 99.0 99.00
2017 07 11 08 50 999 99.0 99.0  2.53 13.79  8.45 206 9999.0 999.0 999.0 999.0 99.0 99.00
2017 07 11 09 50 999 99.0 99.0  2.22 16.00  7.68 207 9999.0 999.0 999.0 999.0 99.0 99.00
2017 07 11 10 50 999 99.0 99.0  2.29 13.79  7.88 212 9999.0 999.0 999.0 999.0 99.0 99.00
2017 07 11 11 50 999 99.0 99.0  2.45 12.90  8.10 211 9999.0 999.0 999.0 999.0 99.0 99.00
2017 07 11 12 50 999 99.0 99.0  2.32 14.81  8.46 202 9999.0 999.0 999.0 999.0 99.0 99.00
2017 07 11 13 50 999 99.0 99.0  2.34 13.79  8.45 226 9999.0 999.0 999.0 999.0 99.0 99.00
2017 07 11 14 50 999 99.0 99.0  2.29 14.81  8.58 201 9999.0 999.0 999.0 999.0 99.0 99.00
2017 07 11 15 50 999 99.0 99.0  2.34 12.90  8.89 198 9999.0 999.0 999.0 999.0 99.0 99.00
2017 07 11 16 50 999 99.0 99.0  2.39 16.00  9.41 187 9999.0 999.0 999.0 999.0 99.0 99.00
2017 07 11 17 50 999 99.0 99.0  2.30 16.00  8.93 217 9999.0 999.0 999.0 999.0 99.0 99.00
2017 07 11 18 50 999 99.0 99.0  2.27 14.81  9.03 215 9999.0 999.0 999.0 999.0 99.0 99.00
2017 07 11 19 50 999 99.0 99.0  2.68 16.00  9.98 204 9999.0 999.0 999.0 999.0 99.0 99.00
2017 07 11 20 50 999 99.0 99.0  2.42 16.00  9.87 192 9999.0 999.0 999.0 999.0 99.0 99.00
2017 07 11 21 50 999 99.0 99.0  2.21 16.00  9.22 209 9999.0 999.0 999.0 999.0 99.0 99.00
2017 07 11 22 50 999 99.0 99.0  2.57 13.79 10.18 208 9999.0 999.0 999.0 999.0 99.0 99.00
2017 07 11 23 50 999 99.0 99.0  2.39 14.81  9.41 195 9999.0 999.0 999.0 999.0 99.0 99.00
2017 07 12 00 50 999 99.0 99.0  2.48 16.00  9.89 222 9999.0 999.0 999.0 999.0 99.0 99.00
2017 07 12 01 50 999 99.0 99.0  2.46 13.79  9.86 222 9999.0 999.0 999.0 999.0 99.0 99.00
2017 07 12 02 50 999 99.0 99.0  2.56 13.79 10.22 211 9999.0 999.0 999.0 999.0 99.0 99.00
2017 07 12 03 50 999 99.0 99.0  2.26 12.90  9.47 206 9999.0 999.0 999.0 999.0 99.0 99.00
2017 07 12 04 50 999 99.0 99.0  2.32 13.79 10.02 195 9999.0 999.0 999.0 999.0 99.0 99.00
2017 07 12 05 50 999 99.0 99.0  2.94 14.81 11.31 204 9999.0 999.0 999.0 999.0 99.0 99.00
2017 07 12 06 50 999 99.0 99.0  2.42 12.90  9.93 206 9999.0 999.0 999.0 999.0 99.0 99.00
2017 07 12 07 50 999 99.0 99.0  2.50 14.81  9.68 214 9999.0 999.0 999.0 999.0 99.0 99.00
2017 07 12 08 50 999 99.0 99.0  2.81 14.81 10.17 194 9999.0 999.0 999.0 999.0 99.0 99.00
2017 07 12 09 50 999 99.0 99.0  2.60 12.12  9.54 199 9999.0 999.0 999.0 999.0 99.0 99.00
2017 07 12 10 50 999 99.0 99.0  2.63 14.81  9.64 188 9999.0 999.0 999.0 999.0 99.0 99.00
2017 07 12 11 50 999 99.0 99.0  2.72 13.79  9.61 196 9999.0 999.0 999.0 999.0 99.0 99.00
2017 07 12 12 50 999 99.0 99.0  2.69 12.12  9.56 212 9999.0 999.0 999.0 999.0 99.0 99.00
2017 07 12 13 50 999 99.0 99.0  2.58 13.79  9.37 217 9999.0 999.0 999.0 999.0 99.0 99.00
2017 07 12 14 50 999 99.0 99.0  2.63 14.81  9.57 198 9999.0 999.0 999.0 999.0 99.0 99.00
2017 07 12 15 50 999 99.0 99.0  2.55 14.81  9.36 205 9999.0 999.0 999.0 999.0 99.0 99.00
2017 07 12 16 50 999 99.0 99.0  2.33 13.79  9.26 201 9999.0 999.0 999.0 999.0 99.0 99.00
2017 07 12 17 50 999 99.0 99.0  2.45 13.79  9.73 201 9999.0 999.0 999.0 999.0 99.0 99.00
2017 07 12 20 50 999 99.0 99.0  2.35 13.79  9.50 199 9999.0 999.0 999.0 999.0 99.0 99.00
2017 07 12 21 50 999 99.0 99.0  2.45 13.79  9.35 211 9999.0 999.0 999.0 999.0 99.0 99.00
2017 07 12 22 50 999 99.0 99.0  2.38 12.90  9.24 202 9999.0 999.0 999.0 999.0 99.0 99.00
2017 07 12 23 50 999 99.0 99.0  2.16 12.90  9.21 202 9999.0 999.0 999.0 999.0 99.0 99.00
2017 07 13 00 50 999 99.0 99.0  2.46 12.12  9.46 206 9999.0 999.0 999.0 999.0 99.0 99.00
2017 07 13 01 50 999 99.0 99.0  2.27 12.90  8.80 214 9999.0 999.0 999.0 999.0 99.0 99.00
2017 07 13 02 50 999 99.0 99.0  2.21 12.12  8.39 196 9999.0 999.0 999.0 999.0 99.0 99.00
2017 07 13 03 50 999 99.0 99.0  2.31 12.12  8.55 195 9999.0 999.0 999.0 999.0 99.0 99.00
2017 07 13 04 50 999 99.0 99.0  2.18 12.90  8.08 212 9999.0 999.0 999.0 999.0 99.0 99.00
2017 07 13 05 50 999 99.0 99.0  2.12 11.43  7.88 199 9999.0 999.0 999.0 999.0 99.0 99.00
2017 07 13 06 50 999 99.0 99.0  2.17 12.90  8.03 201 9999.0 999.0 999.0 999.0 99.0 99.00
2017 07 13 07 50 999 99.0 99.0  2.20 12.12  7.96 201 9999.0 999.0 999.0 999.0 99.0 99.00
2017 07 13 08 50 999 99.0 99.0  2.27 12.12  8.11 197 9999.0 999.0 999.0 999.0 99.0 99.00
2017 07 13 09 50 999 99.0 99.0  2.64 12.12  8.35 202 9999.0 999.0 999.0 999.0 99.0 99.00
2017 07 13 10 50 999 99.0 99.0  2.56 13.79  8.47 190 9999.0 999.0 999.0 999.0 99.0 99.00
2017 07 13 11 50 999 99.0 99.0  2.72 16.00  8.39 194 9999.0 999.0 999.0 999.0 99.0 99.00
2017 07 13 12 50 999 99.0 99.0  2.71 16.00  8.40 184 9999.0 999.0 999.0 999.0 99.0 99.00
2017 07 13 13 50 999 99.0 99.0  2.55 13.79  7.40 215 9999.0 999.0 999.0 999.0 99.0 99.00
2017 07 13 14 50 999 99.0 99.0  2.94 16.00  7.63 218 9999.0 999.0 999.0 999.0 99.0 99.00
2017 07 13 15 50 999 99.0 99.0  3.08 16.00  7.51 190 9999.0 999.0 999.0 999.0 99.0 99.00
2017 07 13 16 50 999 99.0 99.0  3.24 16.00  7.58 198 9999.0 999.0 999.0 999.0 99.0 99.00
2017 07 13 17 50 999 99.0 99.0  3.05 16.00  7.49 202 9999.0 999.0 999.0 999.0 99.0 99.00
2017 07 13 18 50 999 99.0 99.0  3.09 16.00  7.34 179 9999.0 999.0 999.0 999.0 99.0 99.00
2017 07 13 19 50 999 99.0 99.0  3.01 16.00  7.35 169 9999.0 999.0 999.0 999.0 99.0 99.00
2017 07 13 20 50 999 99.0 99.0  3.08 14.81  7.06 195 9999.0 999.0 999.0 999.0 99.0 99.00
2017 07 13 21 50 999 99.0 99.0  3.27 14.81  7.29 195 9999.0 999.0 999.0 999.0 99.0 99.00
2017 07 13 22 50 999 99.0 99.0  2.90 14.81  6.63 217 9999.0 999.0 999.0 999.0 99.0 99.00
2017 07 13 23 50 999 99.0 99.0  3.00 14.81  6.66 190 9999.0 999.0 999.0 999.0 99.0 99.00
2017 07 14 00 50 999 99.0 99.0  3.23 14.81  7.01 191 9999.0 999.0 999.0 999.0 99.0 99.00
2017 07 14 01 50 999 99.0 99.0  3.13 12.90  6.47 184 9999.0 999.0 999.0 999.0 99.0 99.00
2017 07 14 02 50 999 99.0 99.0  3.12 14.81  6.62 217 9999.0 999.0 999.0 999.0 99.0 99.00
2017 07 14 03 50 999 99.0 99.0  3.37 13.79  6.86 204 9999.0 999.0 999.0 999.0 99.0 99.00
2017 07 14 04 50 999 99.0 99.0  2.93 13.79  6.51 172 9999.0 999.0 999.0 999.0 99.0 99.00
2017 07 14 05 50 999 99.0 99.0  2.91 14.81  6.54 208 9999.0 999.0 999.0 999.0 99.0 99.00
2017 07 14 06 50 999 99.0 99.0  2.89 13.79  6.63 193 9999.0 999.0 999.0 999.0 99.0 99.00
2017 07 14 07 50 999 99.0 99.0  3.13 13.79  6.97 188 9999.0 999.0 999.0 999.0 99.0 99.00
2017 07 14 08 50 999 99.0 99.0  2.88  7.14  6.62 153 9999.0 999.0 999.0 999.0 99.0 99.00
2017 07 14 09 50 999 99.0 99.0  3.06 13.79  6.94 176 9999.0 999.0 999.0 999.0 99.0 99.00
2017 07 14 10 50 999 99.0 99.0  3.16 13.79  6.95 211 9999.0 999.0 999.0 999.0 99.0 99.00
2017 07 14 11 50 999 99.0 99.0  3.23  7.14  6.78 139 9999.0 999.0 999.0 999.0 99.0 99.00
2017 07 14 12 50 999 99.0 99.0  3.15 13.79  6.91 183 9999.0 999.0 999.0 999.0 99.0 99.00
2017 07 14 13 50 999 99.0 99.0  3.18  7.14  6.83 154 9999.0 999.0 999.0 999.0 99.0 99.00
2017 07 14 14 50 999 99.0 99.0  2.92 13.79  6.67 204 9999.0 999.0 999.0 999.0 99.0 99.00
2017 07 14 15 50 999 99.0 99.0  2.90 13.79  6.62 201 9999.0 999.0 999.0 999.0 99.0 99.00
2017 07 14 16 50 999 99.0 99.0  3.00  7.69  6.83 171 9999.0 999.0 999.0 999.0 99.0 99.00
2017 07 14 17 50 999 99.0 99.0  3.09 13.79  6.85 187 9999.0 999.0 999.0 999.0 99.0 99.00
2017 07 14 18 50 999 99.0 99.0  2.82 13.79  6.78 175 9999.0 999.0 999.0 999.0 99.0 99.00
2017 07 14 19 50 999 99.0 99.0  3.10 12.90  7.01 195 9999.0 999.0 999.0 999.0 99.0 99.00
2017 07 14 20 50 999 99.0 99.0  3.01 13.79  6.74 183 9999.0 999.0 999.0 999.0 99.0 99.00
2017 07 14 21 50 999 99.0 99.0  2.93 12.90  6.65 175 9999.0 999.0 999.0 999.0 99.0 99.00
2017 07 14 22 50 999 99.0 99.0  3.14 11.43  6.73 199 9999.0 999.0 999.0 999.0 99.0 99.00
2017 07 14 23 50 999 99.0 99.0  3.07 12.90  6.57 177 9999.0 999.0 999.0 999.0 99.0 99.00
2017 07 15 00 50 999 99.0 99.0  3.10 12.90  6.86 210 9999.0 999.0 999.0 999.0 99.0 99.00
2017 07 15 01 50 999 99.0 99.0  3.08  7.14  6.59 124 9999.0 999.0 999.0 999.0 99.0 99.00
2017 07 15 02 50 999 99.0 99.0  2.83  7.14  6.31 117 9999.0 999.0 999.0 999.0 99.0 99.00
2017 07 15 03 50 999 99.0 99.0  2.97  7.14  6.39 125 9999.0 999.0 999.0 999.0 99.0 99.00
2017 07 15 04 50 999 99.0 99.0  3.12 12.90  6.37 187 9999.0 999.0 999.0 999.0 99.0 99.00
2017 07 15 05 50 999 99.0 99.0  2.99 12.90  6.60 210 9999.0 999.0 999.0 999.0 99.0 99.00
2017 07 15 06 50 999 99.0 99.0  3.14 12.90  6.49 200 9999.0 999.0 999.0 999.0 99.0 99.00
2017 07 15 07 50 999 99.0 99.0  3.24  7.14  6.31 135 9999.0 999.0 999.0 999.0 99.0 99.00
2017 07 15 08 50 999 99.0 99.0  3.25  7.69  6.49 136 9999.0 999.0 999.0 999.0 99.0 99.00
2017 07 15 09 50 999 99.0 99.0  3.12  7.14  6.50 134 9999.0 999.0 999.0 999.0 99.0 99.00
2017 07 15 10 50 999 99.0 99.0  3.22  7.69  6.43 167 9999.0 999.0 999.0 999.0 99.0 99.00
2017 07 15 11 50 999 99.0 99.0  3.49  7.69  6.89 127 9999.0 999.0 999.0 999.0 99.0 99.00
2017 07 15 12 50 999 99.0 99.0  3.55  7.69  6.94 126 9999.0 999.0 999.0 999.0 99.0 99.00
2017 07 15 13 50 999 99.0 99.0  3.73  7.69  7.05 136 9999.0 999.0 999.0 999.0 99.0 99.00
2017 07 15 14 50 999 99.0 99.0  3.30  8.33  6.92 119 9999.0 999.0 999.0 999.0 99.0 99.00
2017 07 15 15 50 999 99.0 99.0  3.94  7.69  7.30 121 9999.0 999.0 999.0 999.0 99.0 99.00
2017 07 15 16 50 999 99.0 99.0  3.83  8.33  7.48 145 9999.0 999.0 999.0 999.0 99.0 99.00
2017 07 15 17 50 999 99.0 99.0  3.87 13.79  7.53 194 9999.0 999.0 999.0 999.0 99.0 99.00
2017 07 15 18 50 999 99.0 99.0  3.78 13.79  7.59 191 9999.0 999.0 999.0 999.0 99.0 99.00
2017 07 15 19 50 999 99.0 99.0  3.94  8.33  7.35 128 9999.0 999.0 999.0 999.0 99.0 99.00
2017 07 15 20 50 999 99.0 99.0  3.84 13.79  7.56 197 9999.0 999.0 999.0 999.0 99.0 99.00
2017 07 15 21 50 999 99.0 99.0  4.30 13.79  8.36 185 9999.0 999.0 999.0 999.0 99.0 99.00
2017 07 15 22 50 999 99.0 99.0  4.07 14.81  8.16 204 9999.0 999.0 999.0 999.0 99.0 99.00
2017 07 15 23 50 999 99.0 99.0  3.96 13.79  7.57 192 9999.0 999.0 999.0 999.0 99.0 99.00
2017 07 16 00 50 999 99.0 99.0  4.00 16.00  7.86 211 9999.0 999.0 999.0 999.0 99.0 99.00
2017 07 16 01 50 999 99.0 99.0  4.27 14.81  8.26 204 9999.0 999.0 999.0 999.0 99.0 99.00
2017 07 16 02 50 999 99.0 99.0  4.25 14.81  8.22 190 9999.0 999.0 999.0 999.0 99.0 99.00
2017 07 16 03 50 999 99.0 99.0  4.15 14.81  7.66 190 9999.0 999.0 999.0 999.0 99.0 99.00
2017 07 16 04 50 999 99.0 99.0  3.98 14.81  7.70 207 9999.0 999.0 999.0 999.0 99.0 99.00
2017 07 16 05 50 999 99.0 99.0  4.28 16.00  7.89 193 9999.0 999.0 999.0 999.0 99.0 99.00
2017 07 16 06 50 999 99.0 99.0  4.00 14.81  8.06 206 9999.0 999.0 999.0 999.0 99.0 99.00
2017 07 16 07 50 999 99.0 99.0  4.00 16.00  7.89 191 9999.0 999.0 999.0 999.0 99.0 99.00
2017 07 16 08 50 999 99.0 99.0  4.12 14.81  7.53 216 9999.0 999.0 999.0 999.0 99.0 99.00
2017 07 16 09 50 999 99.0 99.0  4.17 16.00  7.63 199 9999.0 999.0 999.0 999.0 99.0 99.00
2017 07 16 10 50 999 99.0 99.0  4.09 16.00  7.39 200 9999.0 999.0 999.0 999.0 99.0 99.00
2017 07 16 11 50 999 99.0 99.0  4.48 14.81  7.72 204 9999.0 999.0 999.0 999.0 99.0 99.00
2017 07 16 12 50 999 99.0 99.0  5.19 14.81  8.23 172 9999.0 999.0 999.0 999.0 99.0 99.00
2017 07 16 13 50 999 99.0 99.0  4.55  9.09  7.72 147 9999.0 999.0 999.0 999.0 99.0 99.00
2017 07 16 14 50 999 99.0 99.0  4.81  9.09  7.93 144 9999.0 999.0 999.0 999.0 99.0 99.00
2017 07 16 15 50 999 99.0 99.0  4.61  9.09  7.79 144 9999.0 999.0 999.0 999.0 99.0 99.00
2017 07 16 16 50 999 99.0 99.0  4.52  9.09  7.84 133 9999.0 999.0 999.0 999.0 99.0 99.00
2017 07 16 17 50 999 99.0 99.0  4.69  9.09  7.93 138 9999.0 999.0 999.0 999.0 99.0 99.00
2017 07 16 18 50 999 99.0 99.0  4.49  9.09  8.07 132 9999.0 999.0 999.0 999.0 99.0 99.00
2017 07 16 19 50 999 99.0 99.0  4.40  9.09  7.74 133 9999.0 999.0 999.0 999.0 99.0 99.00
2017 07 16 20 50 999 99.0 99.0  4.95 14.81  8.40 203 9999.0 999.0 999.0 999.0 99.0 99.00
2017 07 16 21 50 999 99.0 99.0  4.68 13.79  7.73 195 9999.0 999.0 999.0 999.0 99.0 99.00
2017 07 16 22 50 999 99.0 99.0  4.73  9.09  8.03 128 9999.0 999.0 999.0 999.0 99.0 99.00
2017 07 16 23 50 999 99.0 99.0  4.66  9.09  7.67 121 9999.0 999.0 999.0 999.0 99.0 99.00
2017 07 17 00 50 999 99.0 99.0  4.67  9.09  8.13 127 9999.0 999.0 999.0 999.0 99.0 99.00
2017 07 17 01 50 999 99.0 99.0  4.27 10.00  7.75 164 9999.0 999.0 999.0 999.0 99.0 99.00
2017 07 17 02 50 999 99.0 99.0  4.89 10.00  8.09 157 9999.0 999.0 999.0 999.0 99.0 99.00
2017 07 17 03 50 999 99.0 99.0  4.71 10.00  7.93 159 9999.0 999.0 999.0 999.0 99.0 99.00
2017 07 17 04 50 999 99.0 99.0  4.22 10.00  7.61 147 9999.0 999.0 999.0 999.0 99.0 99.00
2017 07 17 05 50 999 99.0 99.0  4.46 13.79  7.71 189 9999.0 999.0 999.0 999.0 99.0 99.00
2017 07 17 06 50 999 99.0 99.0  4.27 13.79  7.85 201 9999.0 999.0 999.0 999.0 99.0 99.00
2017 07 17 07 50 999 99.0 99.0  4.46 13.79  7.98 190 9999.0 999.0 999.0 999.0 99.0 99.00
2017 07 17 08 50 999 99.0 99.0  4.00 10.00  7.40 142 9999.0 999.0 999.0 999.0 99.0 99.00
2017 07 17 09 50 999 99.0 99.0  3.90  9.09  7.24 117 9999.0 999.0 999.0 999.0 99.0 99.00
2017 07 17 10 50 999 99.0 99.0  4.15 10.81  7.41 179 9999.0 999.0 999.0 999.0 99.0 99.00
2017 07 17 11 50 999 99.0 99.0  4.31  9.09  7.58 132 9999.0 999.0 999.0 999.0 99.0 99.00
2017 07 17 12 50 999 99.0 99.0  4.29 11.43  7.65 183 9999.0 999.0 999.0 999.0 99.0 99.00
2017 07 17 13 50 999 99.0 99.0  4.35 10.00  7.45 145 9999.0 999.0 999.0 999.0 99.0 99.00
2017 07 17 14 50 999 99.0 99.0  3.98 13.79  7.60 190 9999.0 999.0 999.0 999.0 99.0 99.00
2017 07 17 15 50 999 99.0 99.0  4.36  9.09  7.68 147 9999.0 999.0 999.0 999.0 99.0 99.00
2017 07 17 16 50 999 99.0 99.0  4.12 10.00  7.49 144 9999.0 999.0 999.0 999.0 99.0 99.00
2017 07 17 17 50 999 99.0 99.0  4.27  9.09  7.56 146 9999.0 999.0 999.0 999.0 99.0 99.00
2017 07 17 18 50 999 99.0 99.0  3.98  9.09  7.27 132 9999.0 999.0 999.0 999.0 99.0 99.00
2017 07 17 19 50 999 99.0 99.0  3.95 10.00  7.47 153 9999.0 999.0 999.0 999.0 99.0 99.00
2017 07 17 20 50 999 99.0 99.0  4.17  9.09  7.62 133 9999.0 999.0 999.0 999.0 99.0 99.00
2017 07 17 21 50 999 99.0 99.0  3.73 13.79  7.30 177 9999.0 999.0 999.0 999.0 99.0 99.00
2017 07 17 22 50 999 99.0 99.0  3.99  9.09  7.46 123 9999.0 999.0 999.0 999.0 99.0 99.00
2017 07 17 23 50 999 99.0 99.0  4.04 10.00  7.53 147 9999.0 999.0 999.0 999.0 99.0 99.00
2017 07 18 01 50 999 99.0 99.0  4.02  9.09  7.41 129 9999.0 999.0 999.0 999.0 99.0 99.00
2017 07 18 02 50 999 99.0 99.0  4.06 12.90  7.71 180 9999.0 999.0 999.0 999.0 99.0 99.00
2017 07 18 03 50 999 99.0 99.0  3.97 10.00  7.61 159 9999.0 999.0 999.0 999.0 99.0 99.00
2017 07 18 04 50 999 99.0 99.0  3.91 13.79  7.77 176 9999.0 999.0 999.0 999.0 99.0 99.00
2017 07 18 05 50 999 99.0 99.0  3.67 10.00  7.49 148 9999.0 999.0 999.0 999.0 99.0 99.00
2017 07 18 06 50 999 99.0 99.0  3.76  9.09  7.60 144 9999.0 999.0 999.0 999.0 99.0 99.00
2017 07 18 07 50 999 99.0 99.0  3.66 10.00  7.66 151 9999.0 999.0 999.0 999.0 99.0 99.00
2017 07 18 08 50 999 99.0 99.0  3.84 10.00  8.08 141 9999.0 999.0 999.0 999.0 99.0 99.00
2017 07 18 09 50 999 99.0 99.0  3.44  9.09  7.40 127 9999.0 999.0 999.0 999.0 99.0 99.00
2017 07 18 10 50 999 99.0 99.0  3.23  9.09  7.55 146 9999.0 999.0 999.0 999.0 99.0 99.00
2017 07 18 11 50 999 99.0 99.0  3.31 10.81  7.42 166 9999.0 999.0 999.0 999.0 99.0 99.00
2017 07 18 12 50 999 99.0 99.0  3.33 12.90  7.49 176 9999.0 999.0 999.0 999.0 99.0 99.00
2017 07 18 13 50 999 99.0 99.0  3.37  9.09  7.52 148 9999.0 999.0 999.0 999.0 99.0 99.00
2017 07 18 14 50 999 99.0 99.0  3.11 10.00  7.53 157 9999.0 999.0 999.0 999.0 99.0 99.00
2017 07 18 15 50 999 99.0 99.0  3.28  9.09  7.45 144 9999.0 999.0 999.0 999.0 99.0 99.00
2017 07 18 16 50 999 99.0 99.0  3.29  9.09  7.58 143 9999.0 999.0 999.0 999.0 99.0 99.00
2017 07 18 17 50 999 99.0 99.0  3.11 10.00  7.39 164 9999.0 999.0 999.0 999.0 99.0 99.00
2017 07 18 18 50 999 99.0 99.0  3.10 16.00  7.64 235 9999.0 999.0 999.0 999.0 99.0 99.00
2017 07 18 19 50 999 99.0 99.0  2.98 16.00  7.63 223 9999.0 999.0 999.0 999.0 99.0 99.00
2017 07 18 20 50 999 99.0 99.0  3.13 16.00  7.75 240 9999.0 999.0 999.0 999.0 99.0 99.00
2017 07 18 21 50 999 99.0 99.0  2.96 14.81  7.88 236 9999.0 999.0 999.0 999.0 99.0 99.00
2017 07 18 22 50 999 99.0 99.0  2.83 16.00  7.81 249 9999.0 999.0 999.0 999.0 99.0 99.00
2017 07 18 23 50 999 99.0 99.0  2.99 16.00  7.85 224 9999.0 999.0 999.0 999.0 99.0 99.00
2017 07 19 00 50 999 99.0 99.0  2.77  9.09  7.80 139 9999.0 999.0 999.0 999.0 99.0 99.00
2017 07 19 01 50 999 99.0 99.0  2.70 10.00  7.38 152 9999.0 999.0 999.0 999.0 99.0 99.00
2017 07 19 02 50 999 99.0 99.0  2.88 16.00  7.64 236 9999.0 999.0 999.0 999.0 99.0 99.00
2017 07 19 03 50 999 99.0 99.0  3.06 10.00  7.87 151 9999.0 999.0 999.0 999.0 99.0 99.00
2017 07 19 04 50 999 99.0 99.0  2.76 10.00  7.74 139 9999.0 999.0 999.0 999.0 99.0 99.00
2017 07 19 05 50 999 99.0 99.0  2.77 16.00  7.85 227 9999.0 999.0 999.0 999.0 99.0 99.00
2017 07 19 06 50 999 99.0 99.0  2.76 14.81  7.54 242 9999.0 999.0 999.0 999.0 99.0 99.00
2017 07 19 07 50 999 99.0 99.0  2.70 10.00  7.52 144 9999.0 999.0 999.0 999.0 99.0 99.00
2017 07 19 08 50 999 99.0 99.0  2.55 10.00  7.35 158 9999.0 999.0 999.0 999.0 99.0 99.00
2017 07 19 09 50 999 99.0 99.0  2.60 10.81  7.70 162 9999.0 999.0 999.0 999.0 99.0 99.00
2017 07 19 10 50 999 99.0 99.0  2.59 10.00  7.43 148 9999.0 999.0 999.0 999.0 99.0 99.00
2017 07 19 11 50 999 99.0 99.0  2.54 13.79  7.61 244 9999.0 999.0 999.0 999.0 99.0 99.00
2017 07 19 12 50 999 99.0 99.0  2.58 14.81  7.51 245 9999.0 999.0 999.0 999.0 99.0 99.00
2017 07 19 13 50 999 99.0 99.0  2.48 10.00  7.43 151 9999.0 999.0 999.0 999.0 99.0 99.00
2017 07 19 14 50 999 99.0 99.0  2.62 14.81  7.67 232 9999.0 999.0 999.0 999.0 99.0 99.00
2017 07 19 15 50 999 99.0 99.0  2.43 10.00  7.44 160 9999.0 999.0 999.0 999.0 99.0 99.00
2017 07 19 16 50 999 99.0 99.0  2.58 14.81  7.74 234 9999.0 999.0 999.0 999.0 99.0 99.00
2017 07 19 17 50 999 99.0 99.0  2.49 14.81  7.67 230 9999.0 999.0 999.0 999.0 99.0 99.00
2017 07 19 18 50 999 99.0 99.0  2.45 14.81  7.83 232 9999.0 999.0 999.0 999.0 99.0 99.00
2017 07 19 19 50 999 99.0 99.0  2.43 10.00  7.81 152 9999.0 999.0 999.0 999.0 99.0 99.00
2017 07 19 20 50 999 99.0 99.0  2.19 14.81  7.56 217 9999.0 999.0 999.0 999.0 99.0 99.00
2017 07 19 21 50 999 99.0 99.0  2.30 14.81  8.00 238 9999.0 999.0 999.0 999.0 99.0 99.00
2017 07 19 22 50 999 99.0 99.0  2.18 13.79  7.76 239 9999.0 999.0 999.0 999.0 99.0 99.00
2017 07 19 23 50 999 99.0 99.0  2.45 14.81  8.27 231 9999.0 999.0 999.0 999.0 99.0 99.00
2017 07 20 00 50 999 99.0 99.0  2.25 14.81  7.95 249 9999.0 999.0 999.0 999.0 99.0 99.00
2017 07 20 01 50 999 99.0 99.0  2.43 14.81  8.23 235 9999.0 999.0 999.0 999.0 99.0 99.00
2017 07 20 03 50 999 99.0 99.0  2.73 14.81  8.66 236 9999.0 999.0 999.0 999.0 99.0 99.00
2017 07 20 04 50 999 99.0 99.0  2.23 13.79  7.65 240 9999.0 999.0 999.0 999.0 99.0 99.00
2017 07 20 05 50 999 99.0 99.0  2.54 13.79  8.38 236 9999.0 999.0 999.0 999.0 99.0 99.00
2017 07 20 06 50 999 99.0 99.0  2.22 10.00  7.52 161 9999.0 999.0 999.0 999.0 99.0 99.00
2017 07 20 07 50 999 99.0 99.0  2.31 13.79  7.47 234 9999.0 999.0 999.0 999.0 99.0 99.00
2017 07 20 08 50 999 99.0 99.0  2.22 13.79  7.57 234 9999.0 999.0 999.0 999.0 99.0 99.00
2017 07 20 09 50 999 99.0 99.0  2.07 13.79  7.18 227 9999.0 999.0 999.0 999.0 99.0 99.00
2017 07 20 10 50 999 99.0 99.0  2.17 10.00  7.49 149 9999.0 999.0 999.0 999.0 99.0 99.00
2017 07 20 11 50 999 99.0 99.0  2.35 13.79  7.73 242 9999.0 999.0 999.0 999.0 99.0 99.00
2017 07 20 12 50 999 99.0 99.0  2.03 13.79  7.34 239 9999.0 999.0 999.0 999.0 99.0 99.00
2017 07 20 13 50 999 99.0 99.0  2.28 10.00  7.62 147 9999.0 999.0 999.0 999.0 99.0 99.00
2017 07 20 14 50 999 99.0 99.0  2.29 13.79  7.76 230 9999.0 999.0 999.0 999.0 99.0 99.00
2017 07 20 15 50 999 99.0 99.0  1.91 13.79  7.29 211 9999.0 999.0 999.0 999.0 99.0 99.00
2017 07 20 16 50 999 99.0 99.0  2.15 13.79  7.89 224 9999.0 999.0 999.0 999.0 99.0 99.00
2017 07 20 17 50 999 99.0 99.0  2.07 10.81  7.44 172 9999.0 999.0 999.0 999.0 99.0 99.00
2017 07 20 18 50 999 99.0 99.0  2.02 12.90  7.16 229 9999.0 999.0 999.0 999.0 99.0 99.00
2017 07 20 19 50 999 99.0 99.0  2.12 13.79  7.51 219 9999.0 999.0 999.0 999.0 99.0 99.00
2017 07 20 20 50 999 99.0 99.0  2.07  9.09  7.59 150 9999.0 999.0 999.0 999.0 99.0 99.00
2017 07 20 21 50 999 99.0 99.0  2.07 13.79  7.12 220 9999.0 999.0 999.0 999.0 99.0 99.00
2017 07 20 22 50 999 99.0 99.0  1.99 13.79  7.37 226 9999.0 999.0 999.0 999.0 99.0 99.00
2017 07 20 23 50 999 99.0 99.0  1.80 13.79  7.07 220 9999.0 999.0 999.0 999.0 99.0 99.00
2017 07 21 01 50 999 99.0 99.0  1.86 12.90  7.44 222 9999.0 999.0 999.0 999.0 99.0 99.00
2017 07 21 02 50 999 99.0 99.0  1.80 12.90  7.50 240 9999.0 999.0 999.0 999.0 99.0 99.00
2017 07 21 03 50 999 99.0 99.0  1.85  9.09  7.43 154 9999.0 999.0 999.0 999.0 99.0 99.00
2017 07 21 04 50 999 99.0 99.0  1.81 12.90  7.05 228 9999.0 999.0 999.0 999.0 99.0 99.00
2017 07 21 05 50 999 99.0 99.0  1.80 12.90  7.66 213 9999.0 999.0 999.0 999.0 99.0 99.00
2017 07 21 06 50 999 99.0 99.0  1.94  9.09  7.61 165 9999.0 999.0 999.0 999.0 99.0 99.00
2017 07 21 07 50 999 99.0 99.0  1.78 12.90  7.36 231 9999.0 999.0 999.0 999.0 99.0 99.00
2017 07 21 08 50 999 99.0 99.0  1.76 12.90  7.15 212 9999.0 999.0 999.0 999.0 99.0 99.00
2017 07 21 09 50 999 99.0 99.0  1.72  9.09  7.08 160 9999.0 999.0 999.0 999.0 99.0 99.00
2017 07 21 10 50 999 99.0 99.0  1.71 12.90  7.12 220 9999.0 999.0 999.0 999.0 99.0 99.00
2017 07 21 11 50 999 99.0 99.0  1.84  9.09  7.49 158 9999.0 999.0 999.0 999.0 99.0 99.00
2017 07 21 12 50 999 99.0 99.0  1.70 10.00  7.34 164 9999.0 999.0 999.0 999.0 99.0 99.00
2017 07 21 13 50 999 99.0 99.0  1.52 12.12  6.78 200 9999.0 999.0 999.0 999.0 99.0 99.00
2017 07 21 14 50 999 99.0 99.0  1.62 12.90  7.43 233 9999.0 999.0 999.0 999.0 99.0 99.00
2017 07 21 15 50 999 99.0 99.0  1.55 11.43  7.06 212 9999.0 999.0 999.0 999.0 99.0 99.00
2017 07 21 16 50 999 99.0 99.0  1.55 12.12  7.51 217 9999.0 999.0 999.0 999.0 99.0 99.00
2017 07 21 17 50 999 99.0 99.0  1.58 12.12  7.48 205 9999.0 999.0 999.0 999.0 99.0 99.00
2017 07 21 18 50 999 99.0 99.0  1.72 12.12  7.80 213 9999.0 999.0 999.0 999.0 99.0 99.00
2017 07 21 19 50 999 99.0 99.0  1.84  9.09  7.70 147 9999.0 999.0 999.0 999.0 99.0 99.00
2017 07 21 20 50 999 99.0 99.0  1.67 12.12  7.54 242 9999.0 999.0 999.0 999.0 99.0 99.00
2017 07 21 21 50 999 99.0 99.0  1.72  8.33  7.48 151 9999.0 999.0 999.0 999.0 99.0 99.00
2017 07 21 22 50 999 99.0 99.0  1.70  9.09  7.69 151 9999.0 999.0 999.0 999.0 99.0 99.00
2017 07 21 23 50 999 99.0 99.0  1.65  9.09  7.74 164 9999.0 999.0 999.0 999.0 99.0 99.00
2017 07 22 00 50 999 99.0 99.0  1.59  9.09  7.88 143 9999.0 999.0 999.0 999.0 99.0 99.00
2017 07 22 01 50 999 99.0 99.0  1.76 10.00  8.33 154 9999.0 999.0 999.0 999.0 99.0 99.00
2017 07 22 02 50 999 99.0 99.0  1.69 10.00  8.18 141 9999.0 999.0 999.0 999.0 99.0 99.00
2017 07 22 03 50 999 99.0 99.0  1.68 11.43  7.95 218 9999.0 999.0 999.0 999.0 99.0 99.00
2017 07 22 04 50 999 99.0 99.0  1.64 12.12  7.83 241 9999.0 999.0 999.0 999.0 99.0 99.00
2017 07 22 05 50 999 99.0 99.0  1.84 12.12  8.18 207 9999.0 999.0 999.0 999.0 99.0 99.00
2017 07 22 06 50 999 99.0 99.0  1.68 12.12  8.04 207 9999.0 999.0 999.0 999.0 99.0 99.00
2017 07 22 07 50 999 99.0 99.0  1.74 11.43  7.81 201 9999.0 999.0 999.0 999.0 99.0 99.00
2017 07 22 08 50 999 99.0 99.0  1.60 12.12  7.57 205 9999.0 999.0 999.0 999.0 99.0 99.00
2017 07 22 09 50 999 99.0 99.0  1.70 11.43  7.76 211 9999.0 999.0 999.0 999.0 99.0 99.00
2017 07 22 10 50 999 99.0 99.0  1.66 12.12  7.51 227 9999.0 999.0 999.0 999.0 99.0 99.00
2017 07 22 11 50 999 99.0 99.0  1.72 12.12  7.77 201 9999.0 999.0 999.0 999.0 99.0 99.00
2017 07 22 12 50 999 99.0 99.0  1.43  9.09  6.87 154 9999.0 999.0 999.0 999.0 99.0 99.00
2017 07 22 13 50 999 99.0 99.0  1.61 11.43  6.85 207 9999.0 999.0 999.0 999.0 99.0 99.00
2017 07 22 14 50 999 99.0 99.0  1.59 12.12  7.28 228 9999.0 999.0 999.0 999.0 99.0 99.00
2017 07 22 15 50 999 99.0 99.0  1.58 10.81  7.58 186 9999.0 999.0 999.0 999.0 99.0 99.00
2017 07 22 16 50 999 99.0 99.0  1.70 10.00  7.83 173 9999.0 999.0 999.0 999.0 99.0 99.00
2017 07 22 17 50 999 99.0 99.0  1.77  9.09  7.22 141 9999.0 999.0 999.0 999.0 99.0 99.00
2017 07 22 18 50 999 99.0 99.0  1.72 12.12  7.08 212 9999.0 999.0 999.0 999.0 99.0 99.00
2017 07 22 19 50 999 99.0 99.0  1.81 10.00  7.04 162 9999.0 999.0 999.0 999.0 99.0 99.00
2017 07 22 20 50 999 99.0 99.0  1.70 10.00  7.24 182 9999.0 999.0 999.0 999.0 99.0 99.00
2017 07 22 21 50 999 99.0 99.0  1.73  9.09  7.24 148 9999.0 999.0 999.0 999.0 99.0 99.00
2017 07 22 22 50 999 99.0 99.0  1.64  9.09  7.35 154 9999.0 999.0 999.0 999.0 99.0 99.00
2017 07 22 23 50 999 99.0 99.0  1.40  9.09  7.06 155 9999.0 999.0 999.0 999.0 99.0 99.00
2017 07 23 00 50 999 99.0 99.0  1.56  9.09  7.62 148 9999.0 999.0 999.0 999.0 99.0 99.00
2017 07 23 01 50 999 99.0 99.0  1.51 10.00  7.81 176 9999.0 999.0 999.0 999.0 99.0 99.00
2017 07 23 02 50 999 99.0 99.0  1.55  9.09  7.75 173 9999.0 999.0 999.0 999.0 99.0 99.00
2017 07 23 03 50 999 99.0 99.0  1.48 11.43  7.30 226 9999.0 999.0 999.0 999.0 99.0 99.00
2017 07 23 04 50 999 99.0 99.0  1.44 11.43  6.78 215 9999.0 999.0 999.0 999.0 99.0 99.00
2017 07 23 05 50 999 99.0 99.0  1.61  9.09  6.83 158 9999.0 999.0 999.0 999.0 99.0 99.00
2017 07 23 06 50 999 99.0 99.0  1.64 10.81  6.58 198 9999.0 999.0 999.0 999.0 99.0 99.00
2017 07 23 07 50 999 99.0 99.0  1.53 10.81  6.65 210 9999.0 999.0 999.0 999.0 99.0 99.00
2017 07 23 08 50 999 99.0 99.0  1.53 10.00  6.46 171 9999.0 999.0 999.0 999.0 99.0 99.00
2017 07 23 09 50 999 99.0 99.0  1.52  9.09  6.77 168 9999.0 999.0 999.0 999.0 99.0 99.00
2017 07 23 10 50 999 99.0 99.0  1.49 11.43  6.59 231 9999.0 999.0 999.0 999.0 99.0 99.00
2017 07 23 11 50 999 99.0 99.0  1.48 11.43  6.15 233 9999.0 999.0 999.0 999.0 99.0 99.00
2017 07 23 12 50 999 99.0 99.0  1.39  9.09  6.03 186 9999.0 999.0 999.0 999.0 99.0 99.00
2017 07 23 13 50 999 99.0 99.0  1.41 11.43  5.73 216 9999.0 999.0 999.0 999.0 99.0 99.00
2017 07 23 14 50 999 99.0 99.0  1.46 10.00  5.78 206 9999.0 999.0 999.0 999.0 99.0 99.00
2017 07 23 15 50 999 99.0 99.0  1.41 11.43  5.57 198 9999.0 999.0 999.0 999.0 99.0 99.00
2017 07 23 16 50 999 99.0 99.0  1.36 10.81  5.66 224 9999.0 999.0 999.0 999.0 99.0 99.00
2017 07 23 17 50 999 99.0 99.0  1.41 11.43  5.62 215 9999.0 999.0 999.0 999.0 99.0 99.00
2017 07 23 18 50 999 99.0 99.0  1.43 10.81  5.71 236 9999.0 999.0 999.0 999.0 99.0 99.00
2017 07 23 19 50 999 99.0 99.0  1.42 11.43  5.61 212 9999.0 999.0 999.0 999.0 99.0 99.00
2017 07 23 20 50 999 99.0 99.0  1.39 10.81  5.61 227 9999.0 999.0 999.0 999.0 99.0 99.00
2017 07 23 21 50 999 99.0 99.0  1.42 11.43  5.55 234 9999.0 999.0 999.0 999.0 99.0 99.00
2017 07 23 22 50 999 99.0 99.0  1.44  8.33  5.59 162 9999.0 999.0 999.0 999.0 99.0 99.00
2017 07 23 23 50 999 99.0 99.0  1.41 10.81  5.73 199 9999.0 999.0 999.0 999.0 99.0 99.00
2017 07 24 01 50 999 99.0 99.0  1.42  7.14  5.08 180 9999.0 999.0 999.0 999.0 99.0 99.00
2017 07 24 02 50 999 99.0 99.0  1.47  8.33  4.97 150 9999.0 999.0 999.0 999.0 99.0 99.00
2017 07 24 03 50 999 99.0 99.0  1.63 11.43  5.04 194 9999.0 999.0 999.0 999.0 99.0 99.00
2017 07 24 04 50 999 99.0 99.0  1.56 10.00  5.32 209 9999.0 999.0 999.0 999.0 99.0 99.00
2017 07 24 05 50 999 99.0 99.0  1.49 10.00  5.06 207 9999.0 999.0 999.0 999.0 99.0 99.00
2017 07 24 06 50 999 99.0 99.0  1.84  5.88  5.19 166 9999.0 999.0 999.0 999.0 99.0 99.00
2017 07 24 07 50 999 99.0 99.0  1.90  6.25  5.33 167 9999.0 999.0 999.0 999.0 99.0 99.00
2017 07 24 08 50 999 99.0 99.0  1.88  6.25  5.38 168 9999.0 999.0 999.0 999.0 99.0 99.00
2017 07 24 09 50 999 99.0 99.0  2.01  6.67  5.30 169 9999.0 999.0 999.0 999.0 99.0 99.00
2017 07 24 10 50 999 99.0 99.0  1.97  5.88  5.43 149 9999.0 999.0 999.0 999.0 99.0 99.00
2017 07 24 11 50 999 99.0 99.0  1.90  6.25  5.44 153 9999.0 999.0 999.0 999.0 99.0 99.00
2017 07 24 12 50 999 99.0 99.0  1.93  6.25  5.56 153 9999.0 999.0 999.0 999.0 99.0 99.00
2017 07 24 13 50 999 99.0 99.0  1.90  6.25  5.46 150 9999.0 999.0 999.0 999.0 99.0 99.00
2017 07 24 14 50 999 99.0 99.0  1.99  6.67  5.48 160 9999.0 999.0 999.0 999.0 99.0 99.00
2017 07 24 15 50 999 99.0 99.0  1.90  7.14  5.44 152 9999.0 999.0 999.0 999.0 99.0 99.00
2017 07 24 16 50 999 99.0 99.0  1.99  6.67  5.41 143 9999.0 999.0 999.0 999.0 99.0 99.00
2017 07 24 17 50 999 99.0 99.0  1.92  7.14  5.72 165 9999.0 999.0 999.0 999.0 99.0 99.00
2017 07 24 18 50 999 99.0 99.0  1.97  6.67  5.89 154 9999.0 999.0 999.0 999.0 99.0 99.00
2017 07 24 19 50 999 99.0 99.0  1.77  7.14  5.83 150 9999.0 999.0 999.0 999.0 99.0 99.00
2017 07 24 20 50 999 99.0 99.0  1.87  7.14  6.00 159 9999.0 999.0 999.0 999.0 99.0 99.00
2017 07 24 21 50 999 99.0 99.0  1.94  7.14  6.04 166 9999.0 999.0 999.0 999.0 99.0 99.00
2017 07 24 22 50 999 99.0 99.0  1.94  7.14  6.03 155 9999.0 999.0 999.0 999.0 99.0 99.00
2017 07 24 23 50 999 99.0 99.0  2.00  7.69  6.27 170 9999.0 999.0 999.0 999.0 99.0 99.00
2017 07 25 00 50 999 99.0 99.0  2.09  7.69  6.41 164 9999.0 999.0 999.0 999.0 99.0 99.00
2017 07 25 01 50 999 99.0 99.0  1.98  7.14  6.36 169 9999.0 999.0 999.0 999.0 99.0 99.00
2017 07 25 02 50 999 99.0 99.0  1.88  7.69  6.20 180 9999.0 999.0 999.0 999.0 99.0 99.00
2017 07 25 03 50 999 99.0 99.0  2.17 13.79  6.82 202 9999.0 999.0 999.0 999.0 99.0 99.00
2017 07 25 04 50 999 99.0 99.0  2.29 13.79  6.91 183 9999.0 999.0 999.0 999.0 99.0 99.00
2017 07 25 05 50 999 99.0 99.0  2.44 13.79  7.10 187 9999.0 999.0 999.0 999.0 99.0 99.00
2017 07 25 06 50 999 99.0 99.0  2.52 13.79  7.32 196 9999.0 999.0 999.0 999.0 99.0 99.00
2017 07 25 07 50 999 99.0 99.0  2.49 12.90  7.22 203 9999.0 999.0 999.0 999.0 99.0 99.00
2017 07 25 08 50 999 99.0 99.0  2.64 12.90  7.67 192 9999.0 999.0 999.0 999.0 99.0 99.00
2017 07 25 09 50 999 99.0 99.0  2.60 12.12  7.42 207 9999.0 999.0 999.0 999.0 99.0 99.00
2017 07 25 10 50 999 99.0 99.0  2.95 12.90  7.57 199 9999.0 999.0 999.0 999.0 99.0 99.00
2017 07 25 11 50 999 99.0 99.0  3.09 12.12  7.96 194 9999.0 999.0 999.0 999.0 99.0 99.00
2017 07 25 12 50 999 99.0 99.0  2.72 17.39  7.27 210 9999.0 999.0 999.0 999.0 99.0 99.00
2017 07 25 13 50 999 99.0 99.0  2.48 12.12  7.22 207 9999.0 999.0 999.0 999.0 99.0 99.00
2017 07 25 14 50 999 99.0 99.0  2.69 12.12  7.04 213 9999.0 999.0 999.0 999.0 99.0 99.00
2017 07 25 15 50 999 99.0 99.0  2.80 16.00  7.44 211 9999.0 999.0 999.0 999.0 99.0 99.00
2017 07 25 16 50 999 99.0 99.0  2.75 12.12  7.46 207 9999.0 999.0 999.0 999.0 99.0 99.00
2017 07 25 17 50 999 99.0 99.0  2.79 16.00  7.51 180 9999.0 999.0 999.0 999.0 99.0 99.00
2017 07 25 18 50 999 99.0 99.0  2.78 17.39  7.17 181 9999.0 999.0 999.0 999.0 99.0 99.00
2017 07 25 19 50 999 99.0 99.0  2.70 11.43  7.12 201 9999.0 999.0 999.0 999.0 99.0 99.00
2017 07 25 20 50 999 99.0 99.0  2.80 16.00  7.77 201 9999.0 999.0 999.0 999.0 99.0 99.00
2017 07 25 21 50 999 99.0 99.0  2.69 16.00  7.48 185 9999.0 999.0 999.0 999.0 99.0 99.00
2017 07 25 22 50 999 99.0 99.0  3.05 16.00  7.86 188 9999.0 999.0 999.0 999.0 99.0 99.00
2017 07 25 23 50 999 99.0 99.0  3.14 12.12  7.77 214 9999.0 999.0 999.0 999.0 99.0 99.00
2017 07 26 00 50 999 99.0 99.0  3.26 16.00  8.14 209 9999.0 999.0 999.0 999.0 99.0 99.00
2017 07 26 01 50 999 99.0 99.0  3.20 14.81  7.73 211 9999.0 999.0 999.0 999.0 99.0 99.00
2017 07 26 02 50 999 99.0 99.0  3.67 16.00  8.47 199 9999.0 999.0 999.0 999.0 99.0 99.00
2017 07 26 03 50 999 99.0 99.0  3.34 16.00  8.10 211 9999.0 999.0 999.0 999.0 99.0 99.00
2017 07 26 04 50 999 99.0 99.0  3.35 16.00  8.14 207 9999.0 999.0 999.0 999.0 99.0 99.00
2017 07 26 05 50 999 99.0 99.0  3.76 14.81  8.36 192 9999.0 999.0 999.0 999.0 99.0 99.00
2017 07 26 06 50 999 99.0 99.0  3.56 16.00  8.26 201 9999.0 999.0 999.0 999.0 99.0 99.00
2017 07 26 07 50 999 99.0 99.0  3.51 14.81  8.32 202 9999.0 999.0 999.0 999.0 99.0 99.00
2017 07 26 08 50 999 99.0 99.0  3.90 14.81  9.39 211 9999.0 999.0 999.0 999.0 99.0 99.00
2017 07 26 09 50 999 99.0 99.0  3.86 14.81  9.05 201 9999.0 999.0 999.0 999.0 99.0 99.00
2017 07 26 10 50 999 99.0 99.0  3.53 17.39  8.77 208 9999.0 999.0 999.0 999.0 99.0 99.00
2017 07 26 11 50 999 99.0 99.0  4.04 14.81  9.44 213 9999.0 999.0 999.0 999.0 99.0 99.00
2017 07 26 12 50 999 99.0 99.0  4.19 17.39  9.66 212 9999.0 999.0 999.0 999.0 99.0 99.00
2017 07 26 13 50 999 99.0 99.0  4.07 16.00  9.74 213 9999.0 999.0 999.0 999.0 99.0 99.00
2017 07 26 14 50 999 99.0 99.0  3.92 17.39  9.55 204 9999.0 999.0 999.0 999.0 99.0 99.00
2017 07 26 15 50 999 99.0 99.0  3.90 17.39  9.75 210 9999.0 999.0 999.0 999.0 99.0 99.00
2017 07 26 16 50 999 99.0 99.0  3.48 17.39  9.16 187 9999.0 999.0 999.0 999.0 99.0 99.00
2017 07 26 18 50 999 99.0 99.0  3.87 17.39  9.70 213 9999.0 999.0 999.0 999.0 99.0 99.00
2017 07 26 19 50 999 99.0 99.0  3.84 17.39 10.05 214 9999.0 999.0 999.0 999.0 99.0 99.00
2017 07 26 20 50 999 99.0 99.0  4.20 17.39 10.59 200 9999.0 999.0 999.0 999.0 99.0 99.00
2017 07 26 21 50 999 99.0 99.0  3.42 17.39  9.46 223 9999.0 999.0 999.0 999.0 99.0 99.00
2017 07 26 22 50 999 99.0 99.0  3.63 16.00  9.16 215 9999.0 999.0 999.0 999.0 99.0 99.00
2017 07 26 23 50 999 99.0 99.0  3.34 16.00  9.09 191 9999.0 999.0 999.0 999.0 99.0 99.00
2017 07 27 01 50 999 99.0 99.0  2.78 14.81  8.14 200 9999.0 999.0 999.0 999.0 99.0 99.00
2017 07 27 02 50 999 99.0 99.0  3.06 17.39  8.86 195 9999.0 999.0 999.0 999.0 99.0 99.00
2017 07 27 03 50 999 99.0 99.0  3.46 16.00  9.46 228 9999.0 999.0 999.0 999.0 99.0 99.00
2017 07 27 04 50 999 99.0 99.0  3.09 16.00  8.65 211 9999.0 999.0 999.0 999.0 99.0 99.00
2017 07 27 05 50 999 99.0 99.0  3.08 16.00  8.88 210 9999.0 999.0 999.0 999.0 99.0 99.00
2017 07 27 06 50 999 99.0 99.0  2.99 16.00  8.48 217 9999.0 999.0 999.0 999.0 99.0 99.00
2017 07 27 07 50 999 99.0 99.0  3.15 16.00  8.95 208 9999.0 999.0 999.0 999.0 99.0 99.00
2017 07 27 08 50 999 99.0 99.0  3.05 16.00  8.95 209 9999.0 999.0 999.0 999.0 99.0 99.00
2017 07 27 09 50 999 99.0 99.0  2.88 16.00  8.60 219 9999.0 999.0 999.0 999.0 99.0 99.00
2017 07 27 10 50 999 99.0 99.0  3.11 16.00  8.97 219 9999.0 999.0 999.0 999.0 99.0 99.00
2017 07 27 11 50 999 99.0 99.0  3.38 16.00  9.07 212 9999.0 999.0 999.0 999.0 99.0 99.00
2017 07 27 12 50 999 99.0 99.0  3.43 16.00  9.30 209 9999.0 999.0 999.0 999.0 99.0 99.00
2017 07 27 13 50 999 99.0 99.0  3.05 14.81  8.94 214 9999.0 999.0 999.0 999.0 99.0 99.00
2017 07 27 14 50 999 99.0 99.0  3.09 16.00  8.85 210 9999.0 999.0 999.0 999.0 99.0 99.00
2017 07 27 15 50 999 99.0 99.0  2.72 16.00  8.22 217 9999.0 999.0 999.0 999.0 99.0 99.00
2017 07 27 16 50 999 99.0 99.0  2.87 14.81  8.67 215 9999.0 999.0 999.0 999.0 99.0 99.00
2017 07 27 17 50 999 99.0 99.0  2.76 14.81  8.59 206 9999.0 999.0 999.0 999.0 99.0 99.00
2017 07 27 18 50 999 99.0 99.0  2.95 16.00  8.93 203 9999.0 999.0 999.0 999.0 99.0 99.00
2017 07 27 19 50 999 99.0 99.0  3.22 13.79  9.55 217 9999.0 999.0 999.0 999.0 99.0 99.00
2017 07 27 20 50 999 99.0 99.0  3.03 16.00  9.19 217 9999.0 999.0 999.0 999.0 99.0 99.00
2017 07 27 21 50 999 99.0 99.0  3.41 14.81  9.90 212 9999.0 999.0 999.0 999.0 99.0 99.00
2017 07 27 22 50 999 99.0 99.0  3.11 14.81  9.45 200 9999.0 999.0 999.0 999.0 99.0 99.00
2017 07 27 23 50 999 99.0 99.0  3.58 16.00 10.04 208 9999.0 999.0 999.0 999.0 99.0 99.00
2017 07 28 00 50 999 99.0 99.0  3.26 14.81  9.41 211 9999.0 999.0 999.0 999.0 99.0 99.00
2017 07 28 01 50 999 99.0 99.0  3.73 14.81 10.11 212 9999.0 999.0 999.0 999.0 99.0 99.00
2017 07 28 02 50 999 99.0 99.0  3.92 16.00 10.49 212 9999.0 999.0 999.0 999.0 99.0 99.00
2017 07 28 03 50 999 99.0 99.0  3.69 14.81 10.30 210 9999.0 999.0 999.0 999.0 99.0 99.00
2017 07 28 04 50 999 99.0 99.0  3.62 14.81  9.70 220 9999.0 999.0 999.0 999.0 99.0 99.00
2017 07 28 05 50 999 99.0 99.0  4.33 16.00 10.63 208 9999.0 999.0 999.0 999.0 99.0 99.00
2017 07 28 06 50 999 99.0 99.0  4.29 14.81 10.40 211 9999.0 999.0 999.0 999.0 99.0 99.00
2017 07 28 07 50 999 99.0 99.0  3.70 17.39  9.80 202 9999.0 999.0 999.0 999.0 99.0 99.00
2017 07 28 08 50 999 99.0 99.0  4.14 14.81 10.40 209 9999.0 999.0 999.0 999.0 99.0 99.00
2017 07 28 09 50 999 99.0 99.0  3.98 16.00 10.16 203 9999.0 999.0 999.0 999.0 99.0 99.00
2017 07 28 10 50 999 99.0 99.0  3.83 16.00  9.71 204 9999.0 999.0 999.0 999.0 99.0 99.00
2017 07 28 11 50 999 99.0 99.0  3.84 16.00  9.62 213 9999.0 999.0 999.0 999.0 99.0 99.00
2017 07 28 12 50 999 99.0 99.0  3.87 16.00  9.92 213 9999.0 999.0 999.0 999.0 99.0 99.00
2017 07 28 13 50 999 99.0 99.0  3.70 16.00  9.73 205 9999.0 999.0 999.0 999.0 99.0 99.00
2017 07 28 14 50 999 99.0 99.0  3.62 17.39  9.70 199 9999.0 999.0 999.0 999.0 99.0 99.00
2017 07 28 15 50 999 99.0 99.0  3.91 16.00 10.05 216 9999.0 999.0 999.0 999.0 99.0 99.00
2017 07 28 16 50 999 99.0 99.0  4.05 16.00 10.42 211 9999.0 999.0 999.0 999.0 99.0 99.00
2017 07 28 17 50 999 99.0 99.0  3.97 16.00 10.21 205 9999.0 999.0 999.0 999.0 99.0 99.00
2017 07 28 18 50 999 99.0 99.0  4.06 16.00 10.26 212 9999.0 999.0 999.0 999.0 99.0 99.00
2017 07 28 19 50 999 99.0 99.0  3.61 16.00  9.66 213 9999.0 999.0 999.0 999.0 99.0 99.00
2017 07 28 20 50 999 99.0 99.0  3.67 16.00 10.00 214 9999.0 999.0 999.0 999.0 99.0 99.00
2017 07 28 21 50 999 99.0 99.0  3.75 16.00 10.11 201 9999.0 999.0 999.0 999.0 99.0 99.00
2017 07 28 22 50 999 99.0 99.0  3.48 16.00  9.37 213 9999.0 999.0 999.0 999.0 99.0 99.00
2017 07 28 23 50 999 99.0 99.0  3.81 16.00 10.19 211 9999.0 999.0 999.0 999.0 99.0 99.00
2017 07 29 00 50 999 99.0 99.0  3.45 14.81  9.27 210 9999.0 999.0 999.0 999.0 99.0 99.00
2017 07 29 01 50 999 99.0 99.0  3.55 16.00  9.70 220 9999.0 999.0 999.0 999.0 99.0 99.00
2017 07 29 02 50 999 99.0 99.0  3.88 14.81 10.14 213 9999.0 999.0 999.0 999.0 99.0 99.00
2017 07 29 03 50 999 99.0 99.0  3.57 16.00  9.57 218 9999.0 999.0 999.0 999.0 99.0 99.00
2017 07 29 04 50 999 99.0 99.0  3.52 16.00  9.54 219 9999.0 999.0 999.0 999.0 99.0 99.00
2017 07 29 05 50 999 99.0 99.0  3.65 16.00  9.84 201 9999.0 999.0 999.0 999.0 99.0 99.00
2017 07 29 06 50 999 99.0 99.0  3.31 16.00  9.25 199 9999.0 999.0 999.0 999.0 99.0 99.00
2017 07 29 07 50 999 99.0 99.0  3.47 16.00  9.83 206 9999.0 999.0 999.0 999.0 99.0 99.00
2017 07 29 08 50 999 99.0 99.0  3.53 16.00  9.79 214 9999.0 999.0 999.0 999.0 99.0 99.00
2017 07 29 09 50 999 99.0 99.0  3.50 16.00  9.77 203 9999.0 999.0 999.0 999.0 99.0 99.00
2017 07 29 10 50 999 99.0 99.0  3.46 16.00  9.32 203 9999.0 999.0 999.0 999.0 99.0 99.00
2017 07 29 11 50 999 99.0 99.0  3.34 16.00  9.26 212 9999.0 999.0 999.0 999.0 99.0 99.00
2017 07 29 12 50 999 99.0 99.0  3.33 16.00  9.35 191 9999.0 999.0 999.0 999.0 99.0 99.00
2017 07 29 13 50 999 99.0 99.0  3.15 16.00  8.73 209 9999.0 999.0 999.0 999.0 99.0 99.00
2017 07 29 14 50 999 99.0 99.0  3.37 16.00  9.61 215 9999.0 999.0 999.0 999.0 99.0 99.00
2017 07 29 15 50 999 99.0 99.0  3.01 14.81  9.03 203 9999.0 999.0 999.0 999.0 99.0 99.00
2017 07 29 16 50 999 99.0 99.0  3.12 14.81  9.10 212 9999.0 999.0 999.0 999.0 99.0 99.00
2017 07 29 17 50 999 99.0 99.0  3.00 16.00  9.04 193 9999.0 999.0 999.0 999.0 99.0 99.00
2017 07 29 18 50 999 99.0 99.0  2.75 12.12  8.46 212 9999.0 999.0 999.0 999.0 99.0 99.00
2017 07 29 19 50 999 99.0 99.0  3.21 16.00  9.55 205 9999.0 999.0 999.0 999.0 99.0 99.00
2017 07 29 20 50 999 99.0 99.0  3.25 14.81  9.88 204 9999.0 999.0 999.0 999.0 99.0 99.00
2017 07 29 21 50 999 99.0 99.0  3.12 16.00  9.69 196 9999.0 999.0 999.0 999.0 99.0 99.00
2017 07 29 22 50 999 99.0 99.0  2.54 13.79  8.97 213 9999.0 999.0 999.0 999.0 99.0 99.00
2017 07 29 23 50 999 99.0 99.0  3.69 16.00 10.79 200 9999.0 999.0 999.0 999.0 99.0 99.00
2017 07 30 00 50 999 99.0 99.0  2.80 14.81  9.20 193 9999.0 999.0 999.0 999.0 99.0 99.00
2017 07 30 01 50 999 99.0 99.0  2.84 14.81  9.38 210 9999.0 999.0 999.0 999.0 99.0 99.00
2017 07 30 02 50 999 99.0 99.0  2.84 14.81  9.70 202 9999.0 999.0 999.0 999.0 99.0 99.00
2017 07 30 03 50 999 99.0 99.0  2.67 13.79  9.22 205 9999.0 999.0 999.0 999.0 99.0 99.00
2017 07 30 04 50 999 99.0 99.0  2.79 14.81  9.53 207 9999.0 999.0 999.0 999.0 99.0 99.00
2017 07 30 05 50 999 99.0 99.0  3.16 14.81 10.17 205 9999.0 999.0 999.0 999.0 99.0 99.00
2017 07 30 06 50 999 99.0 99.0  3.00 14.81 10.10 200 9999.0 999.0 999.0 999.0 99.0 99.00
2017 07 30 07 50 999 99.0 99.0  2.69 16.00  9.41 202 9999.0 999.0 999.0 999.0 99.0 99.00
2017 07 30 08 50 999 99.0 99.0  2.72 13.79  9.27 206 9999.0 999.0 999.0 999.0 99.0 99.00
2017 07 30 09 50 999 99.0 99.0  2.76 14.81  9.42 189 9999.0 999.0 999.0 999.0 99.0 99.00
2017 07 30 10 50 999 99.0 99.0  2.90 14.81 10.01 197 9999.0 999.0 999.0 999.0 99.0 99.00
2017 07 30 11 50 999 99.0 99.0  3.08 14.81  9.94 195 9999.0 999.0 999.0 999.0 99.0 99.00
2017 07 30 12 50 999 99.0 99.0  2.87 14.81  9.21 192 9999.0 999.0 999.0 999.0 99.0 99.00
2017 07 30 13 50 999 99.0 99.0  2.68 14.81  8.73 196 9999.0 999.0 999.0 999.0 99.0 99.00
2017 07 30 14 50 999 99.0 99.0  2.79 14.81  8.75 205 9999.0 999.0 999.0 999.0 99.0 99.00
2017 07 30 15 50 999 99.0 99.0  2.81 14.81  8.75 200 9999.0 999.0 999.0 999.0 99.0 99.00
2017 07 30 16 50 999 99.0 99.0  2.86 14.81  9.02 195 9999.0 999.0 999.0 999.0 99.0 99.00
2017 07 30 17 50 999 99.0 99.0  2.69 14.81  8.77 198 9999.0 999.0 999.0 999.0 99.0 99.00
2017 07 30 18 50 999 99.0 99.0  2.57 14.81  8.71 197 9999.0 999.0 999.0 999.0 99.0 99.00
2017 07 30 19 50 999 99.0 99.0  2.67 14.81  9.11 190 9999.0 999.0 999.0 999.0 99.0 99.00
2017 07 30 20 50 999 99.0 99.0  2.67 14.81  9.17 179 9999.0 999.0 999.0 999.0 99.0 99.00
2017 07 30 21 50 999 99.0 99.0  2.49 14.81  8.84 179 9999.0 999.0 999.0 999.0 99.0 99.00
2017 07 30 22 50 999 99.0 99.0  2.53 13.79  9.14 199 9999.0 999.0 999.0 999.0 99.0 99.00
2017 07 30 23 50 999 99.0 99.0  2.45 14.81  8.96 180 9999.0 999.0 999.0 999.0 99.0 99.00
2017 07 31 00 50 999 99.0 99.0  2.48 13.79  9.26 189 9999.0 999.0 999.0 999.0 99.0 99.00
2017 07 31 01 50 999 99.0 99.0  2.28 12.90  8.99 211 9999.0 999.0 999.0 999.0 99.0 99.00
2017 07 31 02 50 999 99.0 99.0  2.47 14.81  9.44 186 9999.0 999.0 999.0 999.0 99.0 99.00
2017 07 31 03 50 999 99.0 99.0  2.35 13.79  9.00 198 9999.0 999.0 999.0 999.0 99.0 99.00
2017 07 31 04 50 999 99.0 99.0  2.28 12.90  8.79 187 9999.0 999.0 999.0 999.0 99.0 99.00
2017 07 31 05 50 999 99.0 99.0  2.34 12.90  8.80 186 9999.0 999.0 999.0 999.0 99.0 99.00
2017 07 31 06 50 999 99.0 99.0  2.25 14.81  8.53 176 9999.0 999.0 999.0 999.0 99.0 99.00
2017 07 31 07 50 999 99.0 99.0  2.29 12.90  8.76 191 9999.0 999.0 999.0 999.0 99.0 99.00
2017 07 31 08 50 999 99.0 99.0  1.90 12.90  7.84 186 9999.0 999.0 999.0 999.0 99.0 99.00
2017 07 31 09 50 999 99.0 99.0  2.07 13.79  8.42 192 9999.0 999.0 999.0 999.0 99.0 99.00
2017 07 31 10 50 999 99.0 99.0  2.20 13.79  8.96 193 9999.0 999.0 999.0 999.0 99.0 99.00
2017 07 31 11 50 999 99.0 99.0  2.30 12.90  9.32 193 9999.0 999.0 999.0 999.0 99.0 99.00
2017 07 31 12 50 999 99.0 99.0  2.03 12.12  8.54 193 9999.0 999.0 999.0 999.0 99.0 99.00
2017 07 31 13 50 999 99.0 99.0  2.10 13.79  8.65 180 9999.0 999.0 999.0 999.0 99.0 99.00
2017 07 31 14 50 999 99.0 99.0  2.19 12.90  8.72 195 9999.0 999.0 999.0 999.0 99.0 99.00
2017 07 31 15 50 999 99.0 99.0  2.16 13.79  8.66 174 9999.0 999.0 999.0 999.0 99.0 99.00
2017 07 31 16 50 999 99.0 99.0  1.93 12.90  8.20 191 9999.0 999.0 999.0 999.0 99.0 99.00
2017 07 31 17 50 999 99.0 99.0  1.89 13.79  8.07 179 9999.0 999.0 999.0 999.0 99.0 99.00
2017 07 31 18 50 999 99.0 99.0  1.89 12.12  8.29 198 9999.0 999.0 999.0 999.0 99.0 99.00
2017 07 31 19 50 999 99.0 99.0  1.90 12.90  7.85 171 9999.0 999.0 999.0 999.0 99.0 99.00
2017 07 31 20 50 999 99.0 99.0  1.92 13.79  8.34 177 9999.0 999.0 999.0 999.0 99.0 99.00
2017 07 31 21 50 999 99.0 99.0  2.06 12.90  8.85 184 9999.0 999.0 999.0 999.0 99.0 99.00
2017 07 31 22 50 999 99.0 99.0  1.76 12.90  8.41 177 9999.0 999.0 999.0 999.0 99.0 99.00
2017 07 31 23 50 999 99.0 99.0  1.84 12.90  8.71 178 9999.0 999.0 999.0 999.0 99.0 99.00
2017 08 01 00 50 999 99.0 99.0  1.89 12.90  8.50 197 9999.0 999.0 999.0 999.0 99.0 99.00
2017 08 01 01 50 999 99.0 99.0  1.88 12.90  8.14 212 9999.0 999.0 999.0 999.0 99.0 99.00
2017 08 01 02 50 999 99.0 99.0  1.78 10.00  7.72 192 9999.0 999.0 999.0 999.0 99.0 99.00
2017 08 01 03 50 999 99.0 99.0  1.82 12.12  7.63 182 9999.0 999.0 999.0 999.0 99.0 99.00
2017 08 01 04 50 999 99.0 99.0  1.68 12.12  7.34 185 9999.0 999.0 999.0 999.0 99.0 99.00
2017 08 01 05 50 999 99.0 99.0  1.83 12.90  7.60 170 9999.0 999.0 999.0 999.0 99.0 99.00
2017 08 01 06 50 999 99.0 99.0  1.69 14.81  6.86 207 9999.0 999.0 999.0 999.0 99.0 99.00
2017 08 01 07 50 999 99.0 99.0  1.74  8.33  7.21 143 9999.0 999.0 999.0 999.0 99.0 99.00
2017 08 01 08 50 999 99.0 99.0  1.70 12.12  6.55 182 9999.0 999.0 999.0 999.0 99.0 99.00
2017 08 01 09 50 999 99.0 99.0  1.66 12.90  6.67 169 9999.0 999.0 999.0 999.0 99.0 99.00
2017 08 01 10 50 999 99.0 99.0  1.76 12.90  6.88 203 9999.0 999.0 999.0 999.0 99.0 99.00
2017 08 01 11 50 999 99.0 99.0  1.81 12.90  6.36 189 9999.0 999.0 999.0 999.0 99.0 99.00
2017 08 01 12 50 999 99.0 99.0  1.80 12.90  6.34 195 9999.0 999.0 999.0 999.0 99.0 99.00
2017 08 01 13 50 999 99.0 99.0  1.82 13.79  6.31 185 9999.0 999.0 999.0 999.0 99.0 99.00
2017 08 01 14 50 999 99.0 99.0  1.91 12.12  6.53 200 9999.0 999.0 999.0 999.0 99.0 99.00
2017 08 01 15 50 999 99.0 99.0  2.03 12.90  6.48 196 9999.0 999.0 999.0 999.0 99.0 99.00
2017 08 01 16 50 999 99.0 99.0  1.91 12.90  6.18 200 9999.0 999.0 999.0 999.0 99.0 99.00
2017 08 01 17 50 999 99.0 99.0  1.87 12.90  6.74 177 9999.0 999.0 999.0 999.0 99.0 99.00
2017 08 01 18 50 999 99.0 99.0  2.05 12.90  6.51 193 9999.0 999.0 999.0 999.0 99.0 99.00
2017 08 01 19 50 999 99.0 99.0  2.26 12.12  7.00 210 9999.0 999.0 999.0 999.0 99.0 99.00
2017 08 01 20 50 999 99.0 99.0  2.44 12.12  7.24 209 9999.0 999.0 999.0 999.0 99.0 99.00
2017 08 01 21 50 999 99.0 99.0  2.22 12.12  6.51 207 9999.0 999.0 999.0 999.0 99.0 99.00
2017 08 01 22 50 999 99.0 99.0  2.32 12.12  6.65 216 9999.0 999.0 999.0 999.0 99.0 99.00
2017 08 01 23 50 999 99.0 99.0  2.43 11.43  6.74 204 9999.0 999.0 999.0 999.0 99.0 99.00
2017 08 02 00 50 999 99.0 99.0  2.34 10.81  6.24 200 9999.0 999.0 999.0 999.0 99.0 99.00
2017 08 02 01 50 999 99.0 99.0  2.38 11.43  6.10 203 9999.0 999.0 999.0 999.0 99.0 99.00
2017 08 02 02 50 999 99.0 99.0  2.30 11.43  5.74 192 9999.0 999.0 999.0 999.0 99.0 99.00
2017 08 02 03 50 999 99.0 99.0  2.54 12.12  6.38 208 9999.0 999.0 999.0 999.0 99.0 99.00
2017 08 02 04 50 999 99.0 99.0  2.50 11.43  6.17 193 9999.0 999.0 999.0 999.0 99.0 99.00
2017 08 02 05 50 999 99.0 99.0  2.26 12.90  5.84 204 9999.0 999.0 999.0 999.0 99.0 99.00
2017 08 02 06 50 999 99.0 99.0  2.47  9.09  6.12 200 9999.0 999.0 999.0 999.0 99.0 99.00
2017 08 02 07 50 999 99.0 99.0  2.20 12.12  5.76 204 9999.0 999.0 999.0 999.0 99.0 99.00
2017 08 02 08 50 999 99.0 99.0  2.13  6.67  5.95 144 9999.0 999.0 999.0 999.0 99.0 99.00
2017 08 02 09 50 999 99.0 99.0  2.02 12.12  5.86 217 9999.0 999.0 999.0 999.0 99.0 99.00
2017 08 02 10 50 999 99.0 99.0  2.12  6.25  5.74 124 9999.0 999.0 999.0 999.0 99.0 99.00
2017 08 02 11 50 999 99.0 99.0  2.19  5.88  5.76 130 9999.0 999.0 999.0 999.0 99.0 99.00
2017 08 02 12 50 999 99.0 99.0  1.95 11.43  5.70 203 9999.0 999.0 999.0 999.0 99.0 99.00
2017 08 02 13 50 999 99.0 99.0  2.20 12.12  5.84 193 9999.0 999.0 999.0 999.0 99.0 99.00
2017 08 02 14 50 999 99.0 99.0  2.09 10.81  5.93 193 9999.0 999.0 999.0 999.0 99.0 99.00
2017 08 02 15 50 999 99.0 99.0  2.08  6.25  5.87 152 9999.0 999.0 999.0 999.0 99.0 99.00
2017 08 02 16 50 999 99.0 99.0  2.02  6.25  5.79 125 9999.0 999.0 999.0 999.0 99.0 99.00
2017 08 02 17 50 999 99.0 99.0  1.97  6.67  5.82 134 9999.0 999.0 999.0 999.0 99.0 99.00
2017 08 02 18 50 999 99.0 99.0  2.05  6.25  5.73 128 9999.0 999.0 999.0 999.0 99.0 99.00
2017 08 02 19 50 999 99.0 99.0  2.09  6.67  5.96 117 9999.0 999.0 999.0 999.0 99.0 99.00
2017 08 02 20 50 999 99.0 99.0  2.08  6.67  5.97 118 9999.0 999.0 999.0 999.0 99.0 99.00
2017 08 02 21 50 999 99.0 99.0  2.18  6.25  6.08 115 9999.0 999.0 999.0 999.0 99.0 99.00
2017 08 02 22 50 999 99.0 99.0  2.06  9.09  6.05 186 9999.0 999.0 999.0 999.0 99.0 99.00
2017 08 02 23 50 999 99.0 99.0  2.00  6.67  6.02 107 9999.0 999.0 999.0 999.0 99.0 99.00
2017 08 03 00 50 999 99.0 99.0  1.93  9.09  5.93 194 9999.0 999.0 999.0 999.0 99.0 99.00
2017 08 03 01 50 999 99.0 99.0  1.90  8.33  5.98 170 9999.0 999.0 999.0 999.0 99.0 99.00
2017 08 03 02 50 999 99.0 99.0  2.19  7.14  6.41 127 9999.0 999.0 999.0 999.0 99.0 99.00
2017 08 03 03 50 999 99.0 99.0  1.99  9.09  5.87 186 9999.0 999.0 999.0 999.0 99.0 99.00
2017 08 03 04 50 999 99.0 99.0  2.01  8.33  5.99 165 9999.0 999.0 999.0 999.0 99.0 99.00
2017 08 03 05 50 999 99.0 99.0  2.03  7.14  5.82 140 9999.0 999.0 999.0 999.0 99.0 99.00
2017 08 03 06 50 999 99.0 99.0  1.99  7.69  5.80 158 9999.0 999.0 999.0 999.0 99.0 99.00
2017 08 03 07 50 999 99.0 99.0  2.16  9.09  6.26 182 9999.0 999.0 999.0 999.0 99.0 99.00
2017 08 03 08 50 999 99.0 99.0  2.05  7.14  5.95 128 9999.0 999.0 999.0 999.0 99.0 99.00
2017 08 03 09 50 999 99.0 99.0  1.92  7.69  6.21 145 9999.0 999.0 999.0 999.0 99.0 99.00
2017 08 03 10 50 999 99.0 99.0  2.06  7.14  6.17 131 9999.0 999.0 999.0 999.0 99.0 99.00
2017 08 03 11 50 999 99.0 99.0  2.09  8.33  6.03 157 9999.0 999.0 999.0 999.0 99.0 99.00
2017 08 03 12 50 999 99.0 99.0  2.16 10.00  6.04 177 9999.0 999.0 999.0 999.0 99.0 99.00
2017 08 03 13 50 999 99.0 99.0  2.09  8.33  5.89 163 9999.0 999.0 999.0 999.0 99.0 99.00
2017 08 03 14 50 999 99.0 99.0  2.26  7.14  6.17 111 9999.0 999.0 999.0 999.0 99.0 99.00
2017 08 03 15 50 999 99.0 99.0  2.05  7.69  5.91 125 9999.0 999.0 999.0 999.0 99.0 99.00
2017 08 03 16 50 999 99.0 99.0  2.19 10.00  6.34 173 9999.0 999.0 999.0 999.0 99.0 99.00
2017 08 03 17 50 999 99.0 99.0  1.98  9.09  6.14 168 9999.0 999.0 999.0 999.0 99.0 99.00
2017 08 03 18 50 999 99.0 99.0  2.17  7.14  6.16 121 9999.0 999.0 999.0 999.0 99.0 99.00
2017 08 03 19 50 999 99.0 99.0  1.97 10.00  6.33 166 9999.0 999.0 999.0 999.0 99.0 99.00
2017 08 03 20 50 999 99.0 99.0  1.99 10.81  6.32 170 9999.0 999.0 999.0 999.0 99.0 99.00
2017 08 03 21 50 999 99.0 99.0  2.15 10.81  6.29 170 9999.0 999.0 999.0 999.0 99.0 99.00
2017 08 03 22 50 999 99.0 99.0  2.09 10.00  6.43 154 9999.0 999.0 999.0 999.0 99.0 99.00
2017 08 03 23 50 999 99.0 99.0  1.98  9.09  6.34 159 9999.0 999.0 999.0 999.0 99.0 99.00
2017 08 04 00 50 999 99.0 99.0  2.02 10.00  6.43 176 9999.0 999.0 999.0 999.0 99.0 99.00
2017 08 04 01 50 999 99.0 99.0  1.90 10.81  6.11 165 9999.0 999.0 999.0 999.0 99.0 99.00
2017 08 04 02 50 999 99.0 99.0  1.92 10.00  5.98 156 9999.0 999.0 999.0 999.0 99.0 99.00
2017 08 04 03 50 999 99.0 99.0  1.96 10.00  6.24 150 9999.0 999.0 999.0 999.0 99.0 99.00
2017 08 04 04 50 999 99.0 99.0  2.09 10.81  6.64 154 9999.0 999.0 999.0 999.0 99.0 99.00
2017 08 04 05 50 999 99.0 99.0  1.94 10.81  6.13 146 9999.0 999.0 999.0 999.0 99.0 99.00
2017 08 04 06 50 999 99.0 99.0  1.99 10.00  6.34 157 9999.0 999.0 999.0 999.0 99.0 99.00
2017 08 04 07 50 999 99.0 99.0  1.85  6.67  6.10 114 9999.0 999.0 999.0 999.0 99.0 99.00
2017 08 04 08 50 999 99.0 99.0  1.85 10.00  6.04 160 9999.0 999.0 999.0 999.0 99.0 99.00
2017 08 04 09 50 999 99.0 99.0  1.72 12.12  5.98 196 9999.0 999.0 999.0 999.0 99.0 99.00
2017 08 04 10 50 999 99.0 99.0  1.62  8.33  5.95 160 9999.0 999.0 999.0 999.0 99.0 99.00
2017 08 04 11 50 999 99.0 99.0  1.77 10.00  6.35 158 9999.0 999.0 999.0 999.0 99.0 99.00
2017 08 04 12 50 999 99.0 99.0  1.77 12.12  6.34 175 9999.0 999.0 999.0 999.0 99.0 99.00
2017 08 04 13 50 999 99.0 99.0  1.76 11.43  6.39 188 9999.0 999.0 999.0 999.0 99.0 99.00
2017 08 04 14 50 999 99.0 99.0  1.61 10.00  6.01 178 9999.0 999.0 999.0 999.0 99.0 99.00
2017 08 04 15 50 999 99.0 99.0  1.54  9.09  5.78 152 9999.0 999.0 999.0 999.0 99.0 99.00
2017 08 04 16 50 999 99.0 99.0  1.59 10.81  6.06 159 9999.0 999.0 999.0 999.0 99.0 99.00
2017 08 04 17 50 999 99.0 99.0  1.57 12.90  6.20 182 9999.0 999.0 999.0 999.0 99.0 99.00
2017 08 04 18 50 999 99.0 99.0  1.63 12.90  6.51 208 9999.0 999.0 999.0 999.0 99.0 99.00
2017 08 04 19 50 999 99.0 99.0  1.52 13.79  5.87 108 9999.0 999.0 999.0 999.0 99.0 99.00
2017 08 04 20 50 999 99.0 99.0  1.52  9.09  6.21 155 9999.0 999.0 999.0 999.0 99.0 99.00
2017 08 04 21 50 999 99.0 99.0  1.50 12.12  5.97 136 9999.0 999.0 999.0 999.0 99.0 99.00
2017 08 04 22 50 999 99.0 99.0  1.51 12.90  6.04 216 9999.0 999.0 999.0 999.0 99.0 99.00
2017 08 04 23 50 999 99.0 99.0  1.51 12.12  5.84 180 9999.0 999.0 999.0 999.0 99.0 99.00
2017 08 05 00 50 999 99.0 99.0  1.44 10.81  5.84 176 9999.0 999.0 999.0 999.0 99.0 99.00
2017 08 05 01 50 999 99.0 99.0  1.39 12.90  5.82 208 9999.0 999.0 999.0 999.0 99.0 99.00
2017 08 05 02 50 999 99.0 99.0  1.44  9.09  6.12 160 9999.0 999.0 999.0 999.0 99.0 99.00
2017 08 05 03 50 999 99.0 99.0  1.44 12.12  6.13 183 9999.0 999.0 999.0 999.0 99.0 99.00
2017 08 05 04 50 999 99.0 99.0  1.40  9.09  5.96 137 9999.0 999.0 999.0 999.0 99.0 99.00
2017 08 05 05 50 999 99.0 99.0  1.35 12.12  5.68 202 9999.0 999.0 999.0 999.0 99.0 99.00
2017 08 05 06 50 999 99.0 99.0  1.48 12.90  5.84 204 9999.0 999.0 999.0 999.0 99.0 99.00
2017 08 05 07 50 999 99.0 99.0  1.40 13.79  5.79 179 9999.0 999.0 999.0 999.0 99.0 99.00
2017 08 05 08 50 999 99.0 99.0  1.35 13.79  5.44 196 9999.0 999.0 999.0 999.0 99.0 99.00
2017 08 05 09 50 999 99.0 99.0  1.58 12.90  5.88 200 9999.0 999.0 999.0 999.0 99.0 99.00
2017 08 05 10 50 999 99.0 99.0  1.39 13.79  5.63 221 9999.0 999.0 999.0 999.0 99.0 99.00
2017 08 05 11 50 999 99.0 99.0  1.41 12.12  5.36 200 9999.0 999.0 999.0 999.0 99.0 99.00
2017 08 05 12 50 999 99.0 99.0  1.40 12.90  5.36 234 9999.0 999.0 999.0 999.0 99.0 99.00
2017 08 05 13 50 999 99.0 99.0  1.50 12.12  5.69 213 9999.0 999.0 999.0 999.0 99.0 99.00
2017 08 05 14 50 999 99.0 99.0  1.37 12.90  5.07 221 9999.0 999.0 999.0 999.0 99.0 99.00
2017 08 05 15 50 999 99.0 99.0  1.47 12.90  5.68 206 9999.0 999.0 999.0 999.0 99.0 99.00
2017 08 05 16 50 999 99.0 99.0  1.40 12.90  5.40 215 9999.0 999.0 999.0 999.0 99.0 99.00
2017 08 05 17 50 999 99.0 99.0  1.54 13.79  5.56 211 9999.0 999.0 999.0 999.0 99.0 99.00
2017 08 05 18 50 999 99.0 99.0  1.47 12.90  5.58 217 9999.0 999.0 999.0 999.0 99.0 99.00
2017 08 05 19 50 999 99.0 99.0  1.36 12.90  5.29 239 9999.0 999.0 999.0 999.0 99.0 99.00
2017 08 05 20 50 999 99.0 99.0  1.41 12.12  5.68 207 9999.0 999.0 999.0 999.0 99.0 99.00
2017 08 05 21 50 999 99.0 99.0  1.46 12.90  5.35 216 9999.0 999.0 999.0 999.0 99.0 99.00
2017 08 05 22 50 999 99.0 99.0  1.45 12.12  5.53 221 9999.0 999.0 999.0 999.0 99.0 99.00
2017 08 05 23 50 999 99.0 99.0  1.47 11.43  5.51 226 9999.0 999.0 999.0 999.0 99.0 99.00
2017 08 06 00 50 999 99.0 99.0  1.50 12.12  5.42 220 9999.0 999.0 999.0 999.0 99.0 99.00
2017 08 06 01 50 999 99.0 99.0  1.62  5.00  5.49 103 9999.0 999.0 999.0 999.0 99.0 99.00
2017 08 06 02 50 999 99.0 99.0  1.55 12.90  5.42 210 9999.0 999.0 999.0 999.0 99.0 99.00
2017 08 06 03 50 999 99.0 99.0  1.68 19.05  5.67 165 9999.0 999.0 999.0 999.0 99.0 99.00
2017 08 06 04 50 999 99.0 99.0  1.65 12.12  5.49 232 9999.0 999.0 999.0 999.0 99.0 99.00
2017 08 06 05 50 999 99.0 99.0  1.66 19.05  5.70 172 9999.0 999.0 999.0 999.0 99.0 99.00
2017 08 06 06 50 999 99.0 99.0  1.83 19.05  6.05 181 9999.0 999.0 999.0 999.0 99.0 99.00
2017 08 06 07 50 999 99.0 99.0  1.92 19.05  6.02 196 9999.0 999.0 999.0 999.0 99.0 99.00
2017 08 06 08 50 999 99.0 99.0  1.86 19.05  5.95 199 9999.0 999.0 999.0 999.0 99.0 99.00
2017 08 06 09 50 999 99.0 99.0  1.80 17.39  6.05 204 9999.0 999.0 999.0 999.0 99.0 99.00
2017 08 06 10 50 999 99.0 99.0  1.78 19.05  5.91 120 9999.0 999.0 999.0 999.0 99.0 99.00
2017 08 06 11 50 999 99.0 99.0  2.12 17.39  6.62 189 9999.0 999.0 999.0 999.0 99.0 99.00
2017 08 06 12 50 999 99.0 99.0  2.21 17.39  6.99 203 9999.0 999.0 999.0 999.0 99.0 99.00
2017 08 06 13 50 999 99.0 99.0  2.32 17.39  7.33 183 9999.0 999.0 999.0 999.0 99.0 99.00
2017 08 06 14 50 999 99.0 99.0  2.21 17.39  6.86 183 9999.0 999.0 999.0 999.0 99.0 99.00
2017 08 06 15 50 999 99.0 99.0  2.23 17.39  6.93 195 9999.0 999.0 999.0 999.0 99.0 99.00
2017 08 06 16 50 999 99.0 99.0  2.49 17.39  7.65 199 9999.0 999.0 999.0 999.0 99.0 99.00
2017 08 06 17 50 999 99.0 99.0  2.51 17.39  7.94 200 9999.0 999.0 999.0 999.0 99.0 99.00
2017 08 06 18 50 999 99.0 99.0  2.55 17.39  7.85 211 9999.0 999.0 999.0 999.0 99.0 99.00
2017 08 06 19 50 999 99.0 99.0  2.38 17.39  7.80 212 9999.0 999.0 999.0 999.0 99.0 99.00
2017 08 06 20 50 999 99.0 99.0  2.63 17.39  8.16 212 9999.0 999.0 999.0 999.0 99.0 99.00
2017 08 06 21 50 999 99.0 99.0  3.11 17.39  9.31 208 9999.0 999.0 999.0 999.0 99.0 99.00
2017 08 06 22 50 999 99.0 99.0  2.54 16.00  7.75 194 9999.0 999.0 999.0 999.0 99.0 99.00
2017 08 06 23 50 999 99.0 99.0  3.02 16.00  8.81 206 9999.0 999.0 999.0 999.0 99.0 99.00
2017 08 07 00 50 999 99.0 99.0  3.20 16.00  8.80 196 9999.0 999.0 999.0 999.0 99.0 99.00
2017 08 07 01 50 999 99.0 99.0  2.94 16.00  8.54 193 9999.0 999.0 999.0 999.0 99.0 99.00
2017 08 07 02 50 999 99.0 99.0  2.75 16.00  8.18 206 9999.0 999.0 999.0 999.0 99.0 99.00
2017 08 07 03 50 999 99.0 99.0  2.97 16.00  8.59 194 9999.0 999.0 999.0 999.0 99.0 99.00
2017 08 07 04 50 999 99.0 99.0  2.86 16.00  8.24 209 9999.0 999.0 999.0 999.0 99.0 99.00
2017 08 07 05 50 999 99.0 99.0  2.75 16.00  8.17 218 9999.0 999.0 999.0 999.0 99.0 99.00
2017 08 07 06 50 999 99.0 99.0  3.09 16.00  8.35 192 9999.0 999.0 999.0 999.0 99.0 99.00
2017 08 07 07 50 999 99.0 99.0  2.61 16.00  7.31 198 9999.0 999.0 999.0 999.0 99.0 99.00
2017 08 07 08 50 999 99.0 99.0  2.94 14.81  7.79 208 9999.0 999.0 999.0 999.0 99.0 99.00
2017 08 07 09 50 999 99.0 99.0  2.76 16.00  7.49 205 9999.0 999.0 999.0 999.0 99.0 99.00
2017 08 07 10 50 999 99.0 99.0  3.14 14.81  7.98 206 9999.0 999.0 999.0 999.0 99.0 99.00
2017 08 07 11 50 999 99.0 99.0  2.98 13.79  7.79 192 9999.0 999.0 999.0 999.0 99.0 99.00
2017 08 07 12 50 999 99.0 99.0  3.08 14.81  7.95 200 9999.0 999.0 999.0 999.0 99.0 99.00
2017 08 07 13 50 999 99.0 99.0  2.90 13.79  7.63 199 9999.0 999.0 999.0 999.0 99.0 99.00
2017 08 07 14 50 999 99.0 99.0  2.96 13.79  7.67 189 9999.0 999.0 999.0 999.0 99.0 99.00
2017 08 07 15 50 999 99.0 99.0  2.88 14.81  7.57 194 9999.0 999.0 999.0 999.0 99.0 99.00
2017 08 07 16 50 999 99.0 99.0  2.89 14.81  7.43 212 9999.0 999.0 999.0 999.0 99.0 99.00
2017 08 07 17 50 999 99.0 99.0  3.20 13.79  7.76 191 9999.0 999.0 999.0 999.0 99.0 99.00
2017 08 07 18 50 999 99.0 99.0  2.80 14.81  7.37 203 9999.0 999.0 999.0 999.0 99.0 99.00
2017 08 07 19 50 999 99.0 99.0  2.77 12.90  7.42 204 9999.0 999.0 999.0 999.0 99.0 99.00
2017 08 07 20 50 999 99.0 99.0  2.77 14.81  7.29 211 9999.0 999.0 999.0 999.0 99.0 99.00
2017 08 07 21 50 999 99.0 99.0  2.88 13.79  7.67 198 9999.0 999.0 999.0 999.0 99.0 99.00
2017 08 07 22 50 999 99.0 99.0  3.09 14.81  8.00 209 9999.0 999.0 999.0 999.0 99.0 99.00
2017 08 07 23 50 999 99.0 99.0  2.68 14.81  7.54 202 9999.0 999.0 999.0 999.0 99.0 99.00
2017 08 08 00 50 999 99.0 99.0  2.75 13.79  7.59 205 9999.0 999.0 999.0 999.0 99.0 99.00
2017 08 08 01 50 999 99.0 99.0  2.90 14.81  7.86 201 9999.0 999.0 999.0 999.0 99.0 99.00
2017 08 08 02 50 999 99.0 99.0  2.89 14.81  7.89 199 9999.0 999.0 999.0 999.0 99.0 99.00
2017 08 08 03 50 999 99.0 99.0  2.68 17.39  7.31 227 9999.0 999.0 999.0 999.0 99.0 99.00
2017 08 08 04 50 999 99.0 99.0  2.88 17.39  7.45 229 9999.0 999.0 999.0 999.0 99.0 99.00
2017 08 08 05 50 999 99.0 99.0  2.70 12.90  7.51 204 9999.0 999.0 999.0 999.0 99.0 99.00
2017 08 08 06 50 999 99.0 99.0  2.70 16.00  7.61 217 9999.0 999.0 999.0 999.0 99.0 99.00
2017 08 08 07 50 999 99.0 99.0  2.71 13.79  7.89 190 9999.0 999.0 999.0 999.0 99.0 99.00
2017 08 08 08 50 999 99.0 99.0  2.73 16.00  7.71 205 9999.0 999.0 999.0 999.0 99.0 99.00
2017 08 08 09 50 999 99.0 99.0  2.58 16.00  7.57 223 9999.0 999.0 999.0 999.0 99.0 99.00
2017 08 08 10 50 999 99.0 99.0  2.62 14.81  7.78 215 9999.0 999.0 999.0 999.0 99.0 99.00
2017 08 08 11 50 999 99.0 99.0  2.82 16.00  8.06 226 9999.0 999.0 999.0 999.0 99.0 99.00
2017 08 08 12 50 999 99.0 99.0  2.89 14.81  8.23 213 9999.0 999.0 999.0 999.0 99.0 99.00
2017 08 08 13 50 999 99.0 99.0  2.89 16.00  8.62 240 9999.0 999.0 999.0 999.0 99.0 99.00
2017 08 08 14 50 999 99.0 99.0  3.01 16.00  8.68 231 9999.0 999.0 999.0 999.0 99.0 99.00
2017 08 08 15 50 999 99.0 99.0  2.44 16.00  7.91 229 9999.0 999.0 999.0 999.0 99.0 99.00
2017 08 08 16 50 999 99.0 99.0  2.63 16.00  8.15 228 9999.0 999.0 999.0 999.0 99.0 99.00
2017 08 08 17 50 999 99.0 99.0  2.57 16.00  8.10 227 9999.0 999.0 999.0 999.0 99.0 99.00
2017 08 08 18 50 999 99.0 99.0  2.86 16.00  8.82 231 9999.0 999.0 999.0 999.0 99.0 99.00
2017 08 08 19 50 999 99.0 99.0  2.38 16.00  8.05 230 9999.0 999.0 999.0 999.0 99.0 99.00
2017 08 08 20 50 999 99.0 99.0  2.50 14.81  8.42 229 9999.0 999.0 999.0 999.0 99.0 99.00
2017 08 08 21 50 999 99.0 99.0  2.28 16.00  8.41 223 9999.0 999.0 999.0 999.0 99.0 99.00
2017 08 08 22 50 999 99.0 99.0  2.56 14.81  9.00 235 9999.0 999.0 999.0 999.0 99.0 99.00
2017 08 08 23 50 999 99.0 99.0  2.39 14.81  8.67 218 9999.0 999.0 999.0 999.0 99.0 99.00
2017 08 09 00 50 999 99.0 99.0  2.54 14.81  8.62 238 9999.0 999.0 999.0 999.0 99.0 99.00
2017 08 09 01 50 999 99.0 99.0  2.11 14.81  7.90 235 9999.0 999.0 999.0 999.0 99.0 99.00
2017 08 09 02 50 999 99.0 99.0  2.55 14.81  8.70 213 9999.0 999.0 999.0 999.0 99.0 99.00
2017 08 09 03 50 999 99.0 99.0  2.43 14.81  8.64 222 9999.0 999.0 999.0 999.0 99.0 99.00
2017 08 09 04 50 999 99.0 99.0  2.22 13.79  8.26 221 9999.0 999.0 999.0 999.0 99.0 99.00
2017 08 09 05 50 999 99.0 99.0  2.38 14.81  8.69 233 9999.0 999.0 999.0 999.0 99.0 99.00
2017 08 09 06 50 999 99.0 99.0  2.55 14.81  9.14 224 9999.0 999.0 999.0 999.0 99.0 99.00
2017 08 09 07 50 999 99.0 99.0  2.20 13.79  8.26 214 9999.0 999.0 999.0 999.0 99.0 99.00
2017 08 09 08 50 999 99.0 99.0  2.19 13.79  8.55 210 9999.0 999.0 999.0 999.0 99.0 99.00
2017 08 09 09 50 999 99.0 99.0  2.17 13.79  8.15 233 9999.0 999.0 999.0 999.0 99.0 99.00
2017 08 09 10 50 999 99.0 99.0  2.59 14.81  9.15 211 9999.0 999.0 999.0 999.0 99.0 99.00
2017 08 09 11 50 999 99.0 99.0  2.09 13.79  7.99 223 9999.0 999.0 999.0 999.0 99.0 99.00
2017 08 09 12 50 999 99.0 99.0  2.10 14.81  8.31 223 9999.0 999.0 999.0 999.0 99.0 99.00
2017 08 09 13 50 999 99.0 99.0  2.00 13.79  8.42 200 9999.0 999.0 999.0 999.0 99.0 99.00
2017 08 09 14 50 999 99.0 99.0  2.25 13.79  8.92 232 9999.0 999.0 999.0 999.0 99.0 99.00
2017 08 09 15 50 999 99.0 99.0  2.22 13.79  8.55 218 9999.0 999.0 999.0 999.0 99.0 99.00
2017 08 09 16 50 999 99.0 99.0  2.44 13.79  9.26 221 9999.0 999.0 999.0 999.0 99.0 99.00
2017 08 09 17 50 999 99.0 99.0  1.94 12.90  8.16 219 9999.0 999.0 999.0 999.0 99.0 99.00
2017 08 09 18 50 999 99.0 99.0  2.05 13.79  8.54 207 9999.0 999.0 999.0 999.0 99.0 99.00
2017 08 09 19 50 999 99.0 99.0  2.33 13.79  9.36 227 9999.0 999.0 999.0 999.0 99.0 99.00
2017 08 09 20 50 999 99.0 99.0  1.92 13.79  8.47 210 9999.0 999.0 999.0 999.0 99.0 99.00
2017 08 09 21 50 999 99.0 99.0  2.14 12.90  8.86 227 9999.0 999.0 999.0 999.0 99.0 99.00
2017 08 09 22 50 999 99.0 99.0  2.13 12.90  8.78 209 9999.0 999.0 999.0 999.0 99.0 99.00
2017 08 09 23 50 999 99.0 99.0  1.93 13.79  8.09 236 9999.0 999.0 999.0 999.0 99.0 99.00
2017 08 10 00 50 999 99.0 99.0  2.02 12.90  8.49 232 9999.0 999.0 999.0 999.0 99.0 99.00
2017 08 10 01 50 999 99.0 99.0  2.18 12.90  8.92 200 9999.0 999.0 999.0 999.0 99.0 99.00
2017 08 10 02 50 999 99.0 99.0  1.94 12.12  8.54 215 9999.0 999.0 999.0 999.0 99.0 99.00
2017 08 10 03 50 999 99.0 99.0  1.87 11.43  8.02 209 9999.0 999.0 999.0 999.0 99.0 99.00
2017 08 10 04 50 999 99.0 99.0  2.13 12.90  8.67 213 9999.0 999.0 999.0 999.0 99.0 99.00
2017 08 10 05 50 999 99.0 99.0  2.08 13.79  8.46 220 9999.0 999.0 999.0 999.0 99.0 99.00
2017 08 10 06 50 999 99.0 99.0  2.22 12.12  8.97 214 9999.0 999.0 999.0 999.0 99.0 99.00
2017 08 10 07 50 999 99.0 99.0  2.33 13.79  9.09 218 9999.0 999.0 999.0 999.0 99.0 99.00
2017 08 10 08 50 999 99.0 99.0  2.59 12.90  9.52 213 9999.0 999.0 999.0 999.0 99.0 99.00
2017 08 10 09 50 999 99.0 99.0  2.64 12.90  9.66 195 9999.0 999.0 999.0 999.0 99.0 99.00
2017 08 10 10 50 999 99.0 99.0  2.59 12.90  9.44 218 9999.0 999.0 999.0 999.0 99.0 99.00
2017 08 10 11 50 999 99.0 99.0  2.47 14.81  9.17 222 9999.0 999.0 999.0 999.0 99.0 99.00
2017 08 10 12 50 999 99.0 99.0  3.18 13.79 10.42 213 9999.0 999.0 999.0 999.0 99.0 99.00
2017 08 10 13 50 999 99.0 99.0  2.75 13.79  9.83 214 9999.0 999.0 999.0 999.0 99.0 99.00
2017 08 10 14 50 999 99.0 99.0  3.20 13.79  9.93 205 9999.0 999.0 999.0 999.0 99.0 99.00
2017 08 10 15 50 999 99.0 99.0  3.49 13.79  9.53 212 9999.0 999.0 999.0 999.0 99.0 99.00
2017 08 10 16 50 999 99.0 99.0  3.35 12.90  8.44 212 9999.0 999.0 999.0 999.0 99.0 99.00
2017 08 10 17 50 999 99.0 99.0  3.47 14.81  8.54 188 9999.0 999.0 999.0 999.0 99.0 99.00
2017 08 10 18 50 999 99.0 99.0  3.21 12.12  8.17 210 9999.0 999.0 999.0 999.0 99.0 99.00
2017 08 10 19 50 999 99.0 99.0  3.38 13.79  8.34 208 9999.0 999.0 999.0 999.0 99.0 99.00
2017 08 10 20 50 999 99.0 99.0  4.05 13.79  9.29 215 9999.0 999.0 999.0 999.0 99.0 99.00
2017 08 10 21 50 999 99.0 99.0  3.99 14.81  9.33 207 9999.0 999.0 999.0 999.0 99.0 99.00
2017 08 10 22 50 999 99.0 99.0  3.83 14.81  9.02 208 9999.0 999.0 999.0 999.0 99.0 99.00
2017 08 10 23 50 999 99.0 99.0  4.06 13.79  9.53 218 9999.0 999.0 999.0 999.0 99.0 99.00
2017 08 11 00 50 999 99.0 99.0  4.20 13.79  9.53 227 9999.0 999.0 999.0 999.0 99.0 99.00
2017 08 11 01 50 999 99.0 99.0  4.03 14.81  9.72 205 9999.0 999.0 999.0 999.0 99.0 99.00
2017 08 11 02 50 999 99.0 99.0  4.19 14.81  9.68 209 9999.0 999.0 999.0 999.0 99.0 99.00
2017 08 11 03 50 999 99.0 99.0  4.92 14.81 10.79 209 9999.0 999.0 999.0 999.0 99.0 99.00
2017 08 11 04 50 999 99.0 99.0  4.60 13.79 10.47 211 9999.0 999.0 999.0 999.0 99.0 99.00
2017 08 11 05 50 999 99.0 99.0  4.45 16.00 10.08 219 9999.0 999.0 999.0 999.0 99.0 99.00
2017 08 11 06 50 999 99.0 99.0  4.88 16.00 10.46 214 9999.0 999.0 999.0 999.0 99.0 99.00
2017 08 11 07 50 999 99.0 99.0  4.35 17.39  9.76 222 9999.0 999.0 999.0 999.0 99.0 99.00
2017 08 11 08 50 999 99.0 99.0  4.43 16.00 10.18 205 9999.0 999.0 999.0 999.0 99.0 99.00
2017 08 11 09 50 999 99.0 99.0  4.57 14.81 10.12 206 9999.0 999.0 999.0 999.0 99.0 99.00
2017 08 11 10 50 999 99.0 99.0  4.74 16.00 10.20 203 9999.0 999.0 999.0 999.0 99.0 99.00
2017 08 11 11 50 999 99.0 99.0  4.69 16.00  9.69 203 9999.0 999.0 999.0 999.0 99.0 99.00
2017 08 11 12 50 999 99.0 99.0  5.20 16.00 10.47 207 9999.0 999.0 999.0 999.0 99.0 99.00
2017 08 11 13 50 999 99.0 99.0  5.16 17.39 10.75 208 9999.0 999.0 999.0 999.0 99.0 99.00
2017 08 11 14 50 999 99.0 99.0  4.96 16.00 10.13 211 9999.0 999.0 999.0 999.0 99.0 99.00
2017 08 11 15 50 999 99.0 99.0  5.64 17.39 11.31 204 9999.0 999.0 999.0 999.0 99.0 99.00
2017 08 11 16 50 999 99.0 99.0  5.17 17.39 11.09 203 9999.0 999.0 999.0 999.0 99.0 99.00
2017 08 11 17 50 999 99.0 99.0  5.63 17.39 11.60 210 9999.0 999.0 999.0 999.0 99.0 99.00
2017 08 11 19 50 999 99.0 99.0  4.99 17.39 10.96 206 9999.0 999.0 999.0 999.0 99.0 99.00
2017 08 11 20 50 999 99.0 99.0  5.71 17.39 11.75 205 9999.0 999.0 999.0 999.0 99.0 99.00
2017 08 11 21 50 999 99.0 99.0  5.93 16.00 11.73 199 9999.0 999.0 999.0 999.0 99.0 99.00
2017 08 11 22 50 999 99.0 99.0  5.37 17.39 11.32 207 9999.0 999.0 999.0 999.0 99.0 99.00
2017 08 11 23 50 999 99.0 99.0  5.03 17.39 11.02 195 9999.0 999.0 999.0 999.0 99.0 99.00
2017 08 12 00 50 999 99.0 99.0  4.85 17.39 10.46 194 9999.0 999.0 999.0 999.0 99.0 99.00
2017 08 12 01 50 999 99.0 99.0  5.64 16.00 11.37 208 9999.0 999.0 999.0 999.0 99.0 99.00
2017 08 12 02 50 999 99.0 99.0  4.37 17.39 10.12 193 9999.0 999.0 999.0 999.0 99.0 99.00
2017 08 12 03 50 999 99.0 99.0  4.59 17.39 10.07 208 9999.0 999.0 999.0 999.0 99.0 99.00
2017 08 12 04 50 999 99.0 99.0  4.09 16.00  9.07 209 9999.0 999.0 999.0 999.0 99.0 99.00
2017 08 12 05 50 999 99.0 99.0  3.97 16.00  9.08 212 9999.0 999.0 999.0 999.0 99.0 99.00
2017 08 12 06 50 999 99.0 99.0  4.41 16.00  9.27 199 9999.0 999.0 999.0 999.0 99.0 99.00
2017 08 12 07 50 999 99.0 99.0  4.13 13.79  9.24 189 9999.0 999.0 999.0 999.0 99.0 99.00
2017 08 12 08 50 999 99.0 99.0  3.76 16.00  8.54 211 9999.0 999.0 999.0 999.0 99.0 99.00
2017 08 12 09 50 999 99.0 99.0  4.25 16.00  9.33 209 9999.0 999.0 999.0 999.0 99.0 99.00
2017 08 12 10 50 999 99.0 99.0  4.05 16.00  8.89 221 9999.0 999.0 999.0 999.0 99.0 99.00
2017 08 12 11 50 999 99.0 99.0  3.74 14.81  8.35 197 9999.0 999.0 999.0 999.0 99.0 99.00
2017 08 12 12 50 999 99.0 99.0  3.81 16.00  8.23 197 9999.0 999.0 999.0 999.0 99.0 99.00
2017 08 12 13 50 999 99.0 99.0  4.11 14.81  8.49 203 9999.0 999.0 999.0 999.0 99.0 99.00
2017 08 12 14 50 999 99.0 99.0  3.82 16.00  8.33 187 9999.0 999.0 999.0 999.0 99.0 99.00
2017 08 12 15 50 999 99.0 99.0  3.83 14.81  8.02 195 9999.0 999.0 999.0 999.0 99.0 99.00
2017 08 12 16 50 999 99.0 99.0  3.71 14.81  8.38 203 9999.0 999.0 999.0 999.0 99.0 99.00
2017 08 12 17 50 999 99.0 99.0  3.81 14.81  8.30 203 9999.0 999.0 999.0 999.0 99.0 99.00
2017 08 12 18 50 999 99.0 99.0  3.77 14.81  8.51 206 9999.0 999.0 999.0 999.0 99.0 99.00
2017 08 12 19 50 999 99.0 99.0  3.80 13.79  8.49 207 9999.0 999.0 999.0 999.0 99.0 99.00
2017 08 12 20 50 999 99.0 99.0  3.75 13.79  8.29 205 9999.0 999.0 999.0 999.0 99.0 99.00
2017 08 12 21 50 999 99.0 99.0  3.64 14.81  8.14 204 9999.0 999.0 999.0 999.0 99.0 99.00
2017 08 12 22 50 999 99.0 99.0  3.61 13.79  8.07 207 9999.0 999.0 999.0 999.0 99.0 99.00
2017 08 12 23 50 999 99.0 99.0  3.67 14.81  8.29 199 9999.0 999.0 999.0 999.0 99.0 99.00
2017 08 13 00 50 999 99.0 99.0  3.51 12.90  8.01 205 9999.0 999.0 999.0 999.0 99.0 99.00
2017 08 13 01 50 999 99.0 99.0  3.49 14.81  7.89 210 9999.0 999.0 999.0 999.0 99.0 99.00
2017 08 13 02 50 999 99.0 99.0  3.45 13.79  7.65 212 9999.0 999.0 999.0 999.0 99.0 99.00
2017 08 13 03 50 999 99.0 99.0  3.56 13.79  7.74 210 9999.0 999.0 999.0 999.0 99.0 99.00
2017 08 13 04 50 999 99.0 99.0  3.21 12.90  6.91 207 9999.0 999.0 999.0 999.0 99.0 99.00
2017 08 13 05 50 999 99.0 99.0  3.41 13.79  7.22 207 9999.0 999.0 999.0 999.0 99.0 99.00
2017 08 13 06 50 999 99.0 99.0  3.25 14.81  7.11 177 9999.0 999.0 999.0 999.0 99.0 99.00
2017 08 13 07 50 999 99.0 99.0  3.38 12.90  7.03 206 9999.0 999.0 999.0 999.0 99.0 99.00
2017 08 13 08 50 999 99.0 99.0  3.09 13.79  6.75 202 9999.0 999.0 999.0 999.0 99.0 99.00
2017 08 13 09 50 999 99.0 99.0  3.17 12.12  6.77 212 9999.0 999.0 999.0 999.0 99.0 99.00
2017 08 13 10 50 999 99.0 99.0  3.11 12.90  6.68 215 9999.0 999.0 999.0 999.0 99.0 99.00
2017 08 13 11 50 999 99.0 99.0  3.27  7.14  6.74 111 9999.0 999.0 999.0 999.0 99.0 99.00
2017 08 13 12 50 999 99.0 99.0  3.07  7.14  6.44 127 9999.0 999.0 999.0 999.0 99.0 99.00
2017 08 13 13 50 999 99.0 99.0  3.07  7.14  6.59 117 9999.0 999.0 999.0 999.0 99.0 99.00
2017 08 13 14 50 999 99.0 99.0  3.15  7.69  6.63 112 9999.0 999.0 999.0 999.0 99.0 99.00
2017 08 13 15 50 999 99.0 99.0  3.02  7.69  6.32 110 9999.0 999.0 999.0 999.0 99.0 99.00
2017 08 13 16 50 999 99.0 99.0  3.04  7.14  6.57 111 9999.0 999.0 999.0 999.0 99.0 99.00
2017 08 13 17 50 999 99.0 99.0  2.94  7.14  6.51 106 9999.0 999.0 999.0 999.0 99.0 99.00
2017 08 13 18 50 999 99.0 99.0  3.08  7.69  6.62 105 9999.0 999.0 999.0 999.0 99.0 99.00
2017 08 13 19 50 999 99.0 99.0  2.96  7.69  6.65 118 9999.0 999.0 999.0 999.0 99.0 99.00
2017 08 13 20 50 999 99.0 99.0  2.74  7.69  6.27 114 9999.0 999.0 999.0 999.0 99.0 99.00
2017 08 13 21 50 999 99.0 99.0  2.96  7.14  6.55 127 9999.0 999.0 999.0 999.0 99.0 99.00
2017 08 13 22 50 999 99.0 99.0  2.92 12.90  6.58 182 9999.0 999.0 999.0 999.0 99.0 99.00
2017 08 13 23 50 999 99.0 99.0  2.85 12.12  6.51 212 9999.0 999.0 999.0 999.0 99.0 99.00
2017 08 14 00 50 999 99.0 99.0  2.89  7.69  6.49 115 9999.0 999.0 999.0 999.0 99.0 99.00
2017 08 14 01 50 999 99.0 99.0  2.97  7.69  6.50 121 9999.0 999.0 999.0 999.0 99.0 99.00
2017 08 14 02 50 999 99.0 99.0  2.99  8.33  6.49 111 9999.0 999.0 999.0 999.0 99.0 99.00
2017 08 14 03 50 999 99.0 99.0  3.06  7.69  6.46 114 9999.0 999.0 999.0 999.0 99.0 99.00
2017 08 14 04 50 999 99.0 99.0  3.14  7.69  6.58 123 9999.0 999.0 999.0 999.0 99.0 99.00
2017 08 14 05 50 999 99.0 99.0  3.04  7.69  6.61 124 9999.0 999.0 999.0 999.0 99.0 99.00
2017 08 14 06 50 999 99.0 99.0  2.92  7.69  6.24 109 9999.0 999.0 999.0 999.0 99.0 99.00
2017 08 14 07 50 999 99.0 99.0  3.00 12.12  6.34 195 9999.0 999.0 999.0 999.0 99.0 99.00
2017 08 14 08 50 999 99.0 99.0  3.04  7.69  6.40 103 9999.0 999.0 999.0 999.0 99.0 99.00
2017 08 14 09 50 999 99.0 99.0  3.06  7.69  6.39 122 9999.0 999.0 999.0 999.0 99.0 99.00
2017 08 14 10 50 999 99.0 99.0  2.96  7.69  6.49 119 9999.0 999.0 999.0 999.0 99.0 99.00
2017 08 14 11 50 999 99.0 99.0  2.93  8.33  6.47 106 9999.0 999.0 999.0 999.0 99.0 99.00
2017 08 14 12 50 999 99.0 99.0  2.76  8.33  6.29 121 9999.0 999.0 999.0 999.0 99.0 99.00
2017 08 14 13 50 999 99.0 99.0  3.01  7.69  6.51 107 9999.0 999.0 999.0 999.0 99.0 99.00
2017 08 14 14 50 999 99.0 99.0  2.79  8.33  6.29 106 9999.0 999.0 999.0 999.0 99.0 99.00
2017 08 14 15 50 999 99.0 99.0  2.78  7.69  6.17 103 9999.0 999.0 999.0 999.0 99.0 99.00
2017 08 14 16 50 999 99.0 99.0  3.03  7.69  6.44 120 9999.0 999.0 999.0 999.0 99.0 99.00
2017 08 14 17 50 999 99.0 99.0  2.84  8.33  6.34 102 9999.0 999.0 999.0 999.0 99.0 99.00
2017 08 14 18 50 999 99.0 99.0  2.81  7.14  6.30 119 9999.0 999.0 999.0 999.0 99.0 99.00
2017 08 14 19 50 999 99.0 99.0  2.70  8.33  6.09  87 9999.0 999.0 999.0 999.0 99.0 99.00
2017 08 14 20 50 999 99.0 99.0  2.69  7.14  6.12 104 9999.0 999.0 999.0 999.0 99.0 99.00
2017 08 14 21 50 999 99.0 99.0  2.74  7.69  6.14 106 9999.0 999.0 999.0 999.0 99.0 99.00
2017 08 14 22 50 999 99.0 99.0  2.59  7.14  5.97 104 9999.0 999.0 999.0 999.0 99.0 99.00
2017 08 14 23 50 999 99.0 99.0  2.80  7.69  6.12 121 9999.0 999.0 999.0 999.0 99.0 99.00
2017 08 15 00 50 999 99.0 99.0  2.66  7.69  6.13 117 9999.0 999.0 999.0 999.0 99.0 99.00
2017 08 15 01 50 999 99.0 99.0  2.72  7.69  6.14 115 9999.0 999.0 999.0 999.0 99.0 99.00
2017 08 15 02 50 999 99.0 99.0  2.76  7.69  6.22  99 9999.0 999.0 999.0 999.0 99.0 99.00
2017 08 15 03 50 999 99.0 99.0  2.68  7.69  6.18  95 9999.0 999.0 999.0 999.0 99.0 99.00
2017 08 15 04 50 999 99.0 99.0  2.92  7.69  6.53 125 9999.0 999.0 999.0 999.0 99.0 99.00
2017 08 15 05 50 999 99.0 99.0  2.72  8.33  6.32 103 9999.0 999.0 999.0 999.0 99.0 99.00
2017 08 15 06 50 999 99.0 99.0  2.65  8.33  6.27  94 9999.0 999.0 999.0 999.0 99.0 99.00
2017 08 15 07 50 999 99.0 99.0  2.48  7.69  6.01 105 9999.0 999.0 999.0 999.0 99.0 99.00
2017 08 15 08 50 999 99.0 99.0  2.78  7.69  6.50 102 9999.0 999.0 999.0 999.0 99.0 99.00
2017 08 15 09 50 999 99.0 99.0  2.75  7.69  6.20 113 9999.0 999.0 999.0 999.0 99.0 99.00
2017 08 15 10 50 999 99.0 99.0  2.69  7.69  6.18 124 9999.0 999.0 999.0 999.0 99.0 99.00
2017 08 15 11 50 999 99.0 99.0  2.50  7.69  6.01 113 9999.0 999.0 999.0 999.0 99.0 99.00
2017 08 15 12 50 999 99.0 99.0  2.72  8.33  6.34  99 9999.0 999.0 999.0 999.0 99.0 99.00
2017 08 15 13 50 999 99.0 99.0  2.47  8.33  6.03 110 9999.0 999.0 999.0 999.0 99.0 99.00
2017 08 15 14 50 999 99.0 99.0  2.50  7.69  6.17 115 9999.0 999.0 999.0 999.0 99.0 99.00
2017 08 15 15 50 999 99.0 99.0  2.47 16.00  6.40 237 9999.0 999.0 999.0 999.0 99.0 99.00
2017 08 15 16 50 999 99.0 99.0  2.54  8.33  6.20 102 9999.0 999.0 999.0 999.0 99.0 99.00
2017 08 15 17 50 999 99.0 99.0  2.74  8.33  6.26 107 9999.0 999.0 999.0 999.0 99.0 99.00
2017 08 15 18 50 999 99.0 99.0  2.62  7.14  6.38 116 9999.0 999.0 999.0 999.0 99.0 99.00
2017 08 15 19 50 999 99.0 99.0  2.54  7.69  6.30 110 9999.0 999.0 999.0 999.0 99.0 99.00
2017 08 15 20 50 999 99.0 99.0  2.32  7.69  6.09 117 9999.0 999.0 999.0 999.0 99.0 99.00
2017 08 15 21 50 999 99.0 99.0  2.60  7.14  6.27 115 9999.0 999.0 999.0 999.0 99.0 99.00
2017 08 15 22 50 999 99.0 99.0  2.37  8.33  6.28  93 9999.0 999.0 999.0 999.0 99.0 99.00
2017 08 15 23 50 999 99.0 99.0  2.48  7.69  6.25 104 9999.0 999.0 999.0 999.0 99.0 99.00
2017 08 16 00 50 999 99.0 99.0  2.56  7.69  6.15 115 9999.0 999.0 999.0 999.0 99.0 99.00
2017 08 16 01 50 999 99.0 99.0  2.51  7.69  6.05 103 9999.0 999.0 999.0 999.0 99.0 99.00
2017 08 16 02 50 999 99.0 99.0  2.68  7.69  6.18 116 9999.0 999.0 999.0 999.0 99.0 99.00
2017 08 16 03 50 999 99.0 99.0  2.66  7.69  6.24 117 9999.0 999.0 999.0 999.0 99.0 99.00
2017 08 16 04 50 999 99.0 99.0  2.55  8.33  6.18 129 9999.0 999.0 999.0 999.0 99.0 99.00
2017 08 16 05 50 999 99.0 99.0  2.61  7.69  6.08 118 9999.0 999.0 999.0 999.0 99.0 99.00
2017 08 16 06 50 999 99.0 99.0  2.59  7.14  6.11 114 9999.0 999.0 999.0 999.0 99.0 99.00
2017 08 16 07 50 999 99.0 99.0  2.82  7.69  6.38 123 9999.0 999.0 999.0 999.0 99.0 99.00
2017 08 16 08 50 999 99.0 99.0  2.78  7.14  6.26 110 9999.0 999.0 999.0 999.0 99.0 99.00
2017 08 16 09 50 999 99.0 99.0  2.72  7.69  6.24 112 9999.0 999.0 999.0 999.0 99.0 99.00
2017 08 16 10 50 999 99.0 99.0  2.77  7.69  6.31 117 9999.0 999.0 999.0 999.0 99.0 99.00
2017 08 16 11 50 999 99.0 99.0  2.69  7.69  6.24 110 9999.0 999.0 999.0 999.0 99.0 99.00
2017 08 16 12 50 999 99.0 99.0  2.75  6.67  6.21 107 9999.0 999.0 999.0 999.0 99.0 99.00
2017 08 16 13 50 999 99.0 99.0  2.74  8.33  6.29 118 9999.0 999.0 999.0 999.0 99.0 99.00
2017 08 16 14 50 999 99.0 99.0  2.76  8.33  6.28 116 9999.0 999.0 999.0 999.0 99.0 99.00
2017 08 16 15 50 999 99.0 99.0  3.00  7.69  6.55 109 9999.0 999.0 999.0 999.0 99.0 99.00
2017 08 16 16 50 999 99.0 99.0  2.87  7.14  6.43 145 9999.0 999.0 999.0 999.0 99.0 99.00
2017 08 16 17 50 999 99.0 99.0  2.86  8.33  6.23 114 9999.0 999.0 999.0 999.0 99.0 99.00
2017 08 16 18 50 999 99.0 99.0  3.03  7.69  6.49 118 9999.0 999.0 999.0 999.0 99.0 99.00
2017 08 16 19 50 999 99.0 99.0  2.91  8.33  6.78 122 9999.0 999.0 999.0 999.0 99.0 99.00
2017 08 16 20 50 999 99.0 99.0  2.74  8.33  6.25 149 9999.0 999.0 999.0 999.0 99.0 99.00
2017 08 16 21 50 999 99.0 99.0  2.98  8.33  6.65 116 9999.0 999.0 999.0 999.0 99.0 99.00
2017 08 16 22 50 999 99.0 99.0  2.86  7.69  6.46 116 9999.0 999.0 999.0 999.0 99.0 99.00
2017 08 16 23 50 999 99.0 99.0  2.85  7.69  6.64 131 9999.0 999.0 999.0 999.0 99.0 99.00
2017 08 17 00 50 999 99.0 99.0  3.05  8.33  6.72 124 9999.0 999.0 999.0 999.0 99.0 99.00
2017 08 17 01 50 999 99.0 99.0  2.93  8.33  6.69 129 9999.0 999.0 999.0 999.0 99.0 99.00
2017 08 17 02 50 999 99.0 99.0  2.77  7.69  6.57 118 9999.0 999.0 999.0 999.0 99.0 99.00
2017 08 17 03 50 999 99.0 99.0  3.08  8.33  6.86 117 9999.0 999.0 999.0 999.0 99.0 99.00
2017 08 17 04 50 999 99.0 99.0  3.13  7.69  7.01 129 9999.0 999.0 999.0 999.0 99.0 99.00
2017 08 17 05 50 999 99.0 99.0  2.95  8.33  6.67 109 9999.0 999.0 999.0 999.0 99.0 99.00
2017 08 17 06 50 999 99.0 99.0  3.09 16.00  7.06 181 9999.0 999.0 999.0 999.0 99.0 99.00
2017 08 17 07 50 999 99.0 99.0  3.24 16.00  7.02 198 9999.0 999.0 999.0 999.0 99.0 99.00
2017 08 17 08 50 999 99.0 99.0  2.99 16.00  6.66 193 9999.0 999.0 999.0 999.0 99.0 99.00
2017 08 17 09 50 999 99.0 99.0  3.23 16.00  7.06 195 9999.0 999.0 999.0 999.0 99.0 99.00
2017 08 17 10 50 999 99.0 99.0  3.18 14.81  6.96 187 9999.0 999.0 999.0 999.0 99.0 99.00
2017 08 17 11 50 999 99.0 99.0  3.33 13.79  7.48 194 9999.0 999.0 999.0 999.0 99.0 99.00
2017 08 17 12 50 999 99.0 99.0  3.09 14.81  6.90 189 9999.0 999.0 999.0 999.0 99.0 99.00
2017 08 17 13 50 999 99.0 99.0  3.10 14.81  6.96 197 9999.0 999.0 999.0 999.0 99.0 99.00
2017 08 17 14 50 999 99.0 99.0  3.28 14.81  7.12 210 9999.0 999.0 999.0 999.0 99.0 99.00
2017 08 17 15 50 999 99.0 99.0  2.93 13.79  6.64 201 9999.0 999.0 999.0 999.0 99.0 99.00
2017 08 17 16 50 999 99.0 99.0  3.32 14.81  7.30 188 9999.0 999.0 999.0 999.0 99.0 99.00
2017 08 17 17 50 999 99.0 99.0  2.90 14.81  6.79 207 9999.0 999.0 999.0 999.0 99.0 99.00
2017 08 17 18 50 999 99.0 99.0  2.89 14.81  6.87 187 9999.0 999.0 999.0 999.0 99.0 99.00
2017 08 17 19 50 999 99.0 99.0  2.99 14.81  7.09 187 9999.0 999.0 999.0 999.0 99.0 99.00
2017 08 17 20 50 999 99.0 99.0  3.00 14.81  7.12 205 9999.0 999.0 999.0 999.0 99.0 99.00
2017 08 17 21 50 999 99.0 99.0  2.80 14.81  6.99 189 9999.0 999.0 999.0 999.0 99.0 99.00
2017 08 17 22 50 999 99.0 99.0  3.22 13.79  7.52 205 9999.0 999.0 999.0 999.0 99.0 99.00
2017 08 17 23 50 999 99.0 99.0  2.82 13.79  7.40 195 9999.0 999.0 999.0 999.0 99.0 99.00
2017 08 18 00 50 999 99.0 99.0  2.87 14.81  7.40 192 9999.0 999.0 999.0 999.0 99.0 99.00
2017 08 18 01 50 999 99.0 99.0  2.80 14.81  7.38 195 9999.0 999.0 999.0 999.0 99.0 99.00
2017 08 18 02 50 999 99.0 99.0  2.64 13.79  7.10 175 9999.0 999.0 999.0 999.0 99.0 99.00
2017 08 18 03 50 999 99.0 99.0  2.64 13.79  7.21 204 9999.0 999.0 999.0 999.0 99.0 99.00
2017 08 18 04 50 999 99.0 99.0  2.81 13.79  7.31 182 9999.0 999.0 999.0 999.0 99.0 99.00
2017 08 18 05 50 999 99.0 99.0  2.59 13.79  7.05 191 9999.0 999.0 999.0 999.0 99.0 99.00
2017 08 18 06 50 999 99.0 99.0  2.62 12.90  7.05 198 9999.0 999.0 999.0 999.0 99.0 99.00
2017 08 18 07 50 999 99.0 99.0  2.45 12.12  6.67 188 9999.0 999.0 999.0 999.0 99.0 99.00
2017 08 18 08 50 999 99.0 99.0  2.55 12.90  6.93 198 9999.0 999.0 999.0 999.0 99.0 99.00
2017 08 18 09 50 999 99.0 99.0  2.58 12.90  6.71 196 9999.0 999.0 999.0 999.0 99.0 99.00
2017 08 18 10 50 999 99.0 99.0  2.34 13.79  6.45 192 9999.0 999.0 999.0 999.0 99.0 99.00
2017 08 18 11 50 999 99.0 99.0  2.37 12.90  6.51 179 9999.0 999.0 999.0 999.0 99.0 99.00
2017 08 18 12 50 999 99.0 99.0  2.51 13.79  6.34 194 9999.0 999.0 999.0 999.0 99.0 99.00
2017 08 18 13 50 999 99.0 99.0  2.46 13.79  6.49 207 9999.0 999.0 999.0 999.0 99.0 99.00
2017 08 18 14 50 999 99.0 99.0  2.39 12.90  6.48 180 9999.0 999.0 999.0 999.0 99.0 99.00
2017 08 18 15 50 999 99.0 99.0  2.49 13.79  6.37 175 9999.0 999.0 999.0 999.0 99.0 99.00
2017 08 18 16 50 999 99.0 99.0  2.55 12.90  6.57 191 9999.0 999.0 999.0 999.0 99.0 99.00
2017 08 18 17 50 999 99.0 99.0  2.42 12.90  6.55 188 9999.0 999.0 999.0 999.0 99.0 99.00
2017 08 18 18 50 999 99.0 99.0  2.35 12.12  6.30 192 9999.0 999.0 999.0 999.0 99.0 99.00
2017 08 18 19 50 999 99.0 99.0  2.44 12.90  6.49 190 9999.0 999.0 999.0 999.0 99.0 99.00
2017 08 18 20 50 999 99.0 99.0  2.43 12.90  6.47 184 9999.0 999.0 999.0 999.0 99.0 99.00
2017 08 18 21 50 999 99.0 99.0  2.33 12.90  6.46 185 9999.0 999.0 999.0 999.0 99.0 99.00
2017 08 18 22 50 999 99.0 99.0  2.23 12.90  6.28 195 9999.0 999.0 999.0 999.0 99.0 99.00
2017 08 18 23 50 999 99.0 99.0  2.30 12.12  6.18 207 9999.0 999.0 999.0 999.0 99.0 99.00
2017 08 19 00 50 999 99.0 99.0  2.29 13.79  6.35 204 9999.0 999.0 999.0 999.0 99.0 99.00
2017 08 19 01 50 999 99.0 99.0  2.29 13.79  6.15 208 9999.0 999.0 999.0 999.0 99.0 99.00
2017 08 19 02 50 999 99.0 99.0  2.21 12.12  6.09 217 9999.0 999.0 999.0 999.0 99.0 99.00
2017 08 19 03 50 999 99.0 99.0  2.29 12.90  6.03 179 9999.0 999.0 999.0 999.0 99.0 99.00
2017 08 19 04 50 999 99.0 99.0  2.19 12.90  5.92 198 9999.0 999.0 999.0 999.0 99.0 99.00
2017 08 19 05 50 999 99.0 99.0  2.24 12.90  6.03 202 9999.0 999.0 999.0 999.0 99.0 99.00
2017 08 19 06 50 999 99.0 99.0  2.31 12.12  6.11 190 9999.0 999.0 999.0 999.0 99.0 99.00
2017 08 19 07 50 999 99.0 99.0  2.28 12.90  6.05 173 9999.0 999.0 999.0 999.0 99.0 99.00
2017 08 19 08 50 999 99.0 99.0  2.27 12.90  6.06 164 9999.0 999.0 999.0 999.0 99.0 99.00
2017 08 19 09 50 999 99.0 99.0  2.33  6.67  6.04 118 9999.0 999.0 999.0 999.0 99.0 99.00
2017 08 19 10 50 999 99.0 99.0  2.49  7.14  5.98 129 9999.0 999.0 999.0 999.0 99.0 99.00
2017 08 19 11 50 999 99.0 99.0  2.38  7.14  5.87 116 9999.0 999.0 999.0 999.0 99.0 99.00
2017 08 19 12 50 999 99.0 99.0  2.19  7.69  5.77 142 9999.0 999.0 999.0 999.0 99.0 99.00
2017 08 19 13 50 999 99.0 99.0  2.28  7.69  6.04 129 9999.0 999.0 999.0 999.0 99.0 99.00
2017 08 19 14 50 999 99.0 99.0  2.36  7.14  5.86 115 9999.0 999.0 999.0 999.0 99.0 99.00
2017 08 19 15 50 999 99.0 99.0  2.29 12.12  5.85 177 9999.0 999.0 999.0 999.0 99.0 99.00
2017 08 19 16 50 999 99.0 99.0  2.42  7.14  5.86 128 9999.0 999.0 999.0 999.0 99.0 99.00
2017 08 19 17 50 999 99.0 99.0  2.52  7.14  6.03 118 9999.0 999.0 999.0 999.0 99.0 99.00
2017 08 19 18 50 999 99.0 99.0  2.23  7.14  5.74 120 9999.0 999.0 999.0 999.0 99.0 99.00
2017 08 19 19 50 999 99.0 99.0  2.34  7.14  5.98 127 9999.0 999.0 999.0 999.0 99.0 99.00
2017 08 19 20 50 999 99.0 99.0  2.45  7.14  5.95 112 9999.0 999.0 999.0 999.0 99.0 99.00
2017 08 19 21 50 999 99.0 99.0  2.38  7.14  5.89 115 9999.0 999.0 999.0 999.0 99.0 99.00
2017 08 19 22 50 999 99.0 99.0  2.43  7.69  5.95 115 9999.0 999.0 999.0 999.0 99.0 99.00
2017 08 19 23 50 999 99.0 99.0  2.34  7.14  5.76 100 9999.0 999.0 999.0 999.0 99.0 99.00
2017 08 20 00 50 999 99.0 99.0  2.50  7.14  5.88 114 9999.0 999.0 999.0 999.0 99.0 99.00
2017 08 20 01 50 999 99.0 99.0  2.45  7.69  5.84 120 9999.0 999.0 999.0 999.0 99.0 99.00
2017 08 20 02 50 999 99.0 99.0  2.70  7.14  6.05 130 9999.0 999.0 999.0 999.0 99.0 99.00
2017 08 20 03 50 999 99.0 99.0  2.76  7.69  6.16 124 9999.0 999.0 999.0 999.0 99.0 99.00
2017 08 20 04 50 999 99.0 99.0  2.62  7.14  6.01 122 9999.0 999.0 999.0 999.0 99.0 99.00
2017 08 20 05 50 999 99.0 99.0  2.62  7.14  5.75 127 9999.0 999.0 999.0 999.0 99.0 99.00
2017 08 20 06 50 999 99.0 99.0  2.80  7.69  6.05 121 9999.0 999.0 999.0 999.0 99.0 99.00
2017 08 20 07 50 999 99.0 99.0  2.69  7.69  6.04 115 9999.0 999.0 999.0 999.0 99.0 99.00
2017 08 20 08 50 999 99.0 99.0  2.64  7.69  5.88 119 9999.0 999.0 999.0 999.0 99.0 99.00
2017 08 20 09 50 999 99.0 99.0  2.76  7.69  6.06 120 9999.0 999.0 999.0 999.0 99.0 99.00
2017 08 20 10 50 999 99.0 99.0  2.64  7.69  5.96 122 9999.0 999.0 999.0 999.0 99.0 99.00
2017 08 20 11 50 999 99.0 99.0  2.65  7.14  6.08 121 9999.0 999.0 999.0 999.0 99.0 99.00
2017 08 20 12 50 999 99.0 99.0  2.60  7.69  5.89 113 9999.0 999.0 999.0 999.0 99.0 99.00
2017 08 20 13 50 999 99.0 99.0  2.46  7.69  5.91 126 9999.0 999.0 999.0 999.0 99.0 99.00
2017 08 20 14 50 999 99.0 99.0  2.54  7.69  6.02 131 9999.0 999.0 999.0 999.0 99.0 99.00
2017 08 20 15 50 999 99.0 99.0  2.37  7.14  5.98 124 9999.0 999.0 999.0 999.0 99.0 99.00
2017 08 20 16 50 999 99.0 99.0  2.32  7.69  5.87 120 9999.0 999.0 999.0 999.0 99.0 99.00
2017 08 20 17 50 999 99.0 99.0  2.65  7.69  6.24 110 9999.0 999.0 999.0 999.0 99.0 99.00
2017 08 20 18 50 999 99.0 99.0  2.35  7.14  6.08 119 9999.0 999.0 999.0 999.0 99.0 99.00
2017 08 20 19 50 999 99.0 99.0  2.38  7.69  6.04 114 9999.0 999.0 999.0 999.0 99.0 99.00
2017 08 20 20 50 999 99.0 99.0  2.49  7.69  6.15 108 9999.0 999.0 999.0 999.0 99.0 99.00
2017 08 20 21 50 999 99.0 99.0  2.47  7.69  6.27 112 9999.0 999.0 999.0 999.0 99.0 99.00
2017 08 20 22 50 999 99.0 99.0  2.26  7.69  6.15 107 9999.0 999.0 999.0 999.0 99.0 99.00
2017 08 20 23 50 999 99.0 99.0  2.31  8.33  6.07 114 9999.0 999.0 999.0 999.0 99.0 99.00
2017 08 21 00 50 999 99.0 99.0  2.25  7.69  6.07 102 9999.0 999.0 999.0 999.0 99.0 99.00
2017 08 21 01 50 999 99.0 99.0  2.29  8.33  6.10 116 9999.0 999.0 999.0 999.0 99.0 99.00
2017 08 21 02 50 999 99.0 99.0  2.44  7.69  6.22 117 9999.0 999.0 999.0 999.0 99.0 99.00
2017 08 21 03 50 999 99.0 99.0  2.14  7.69  5.81 112 9999.0 999.0 999.0 999.0 99.0 99.00
2017 08 21 04 50 999 99.0 99.0  2.29  8.33  5.91 115 9999.0 999.0 999.0 999.0 99.0 99.00
2017 08 21 05 50 999 99.0 99.0  2.30  7.69  6.04 118 9999.0 999.0 999.0 999.0 99.0 99.00
2017 08 21 06 50 999 99.0 99.0  2.36  8.33  6.32 122 9999.0 999.0 999.0 999.0 99.0 99.00
2017 08 21 07 50 999 99.0 99.0  2.37  7.69  6.29 127 9999.0 999.0 999.0 999.0 99.0 99.00
2017 08 21 08 50 999 99.0 99.0  2.31  7.69  6.11 129 9999.0 999.0 999.0 999.0 99.0 99.00
2017 08 21 09 50 999 99.0 99.0  2.19  7.69  6.23 139 9999.0 999.0 999.0 999.0 99.0 99.00
2017 08 21 10 50 999 99.0 99.0  2.27  8.33  6.36 130 9999.0 999.0 999.0 999.0 99.0 99.00
2017 08 21 11 50 999 99.0 99.0  2.20  7.69  6.29 110 9999.0 999.0 999.0 999.0 99.0 99.00
2017 08 21 12 50 999 99.0 99.0  2.12  8.33  6.10 126 9999.0 999.0 999.0 999.0 99.0 99.00
2017 08 21 13 50 999 99.0 99.0  2.07  7.69  6.18 127 9999.0 999.0 999.0 999.0 99.0 99.00
2017 08 21 14 50 999 99.0 99.0  2.18  8.33  6.44 125 9999.0 999.0 999.0 999.0 99.0 99.00
2017 08 21 15 50 999 99.0 99.0  2.03  8.33  6.40 112 9999.0 999.0 999.0 999.0 99.0 99.00
2017 08 21 16 50 999 99.0 99.0  1.93  7.69  6.32 138 9999.0 999.0 999.0 999.0 99.0 99.00
2017 08 21 17 50 999 99.0 99.0  2.06  7.69  6.55 127 9999.0 999.0 999.0 999.0 99.0 99.00
2017 08 21 18 50 999 99.0 99.0  2.01  7.69  6.57 115 9999.0 999.0 999.0 999.0 99.0 99.00
2017 08 21 19 50 999 99.0 99.0  2.09  8.33  6.64 117 9999.0 999.0 999.0 999.0 99.0 99.00
2017 08 21 20 50 999 99.0 99.0  1.93  7.69  6.64 124 9999.0 999.0 999.0 999.0 99.0 99.00
2017 08 21 21 50 999 99.0 99.0  1.87  7.69  6.60 128 9999.0 999.0 999.0 999.0 99.0 99.00
2017 08 21 22 50 999 99.0 99.0  1.94  8.33  6.90 118 9999.0 999.0 999.0 999.0 99.0 99.00
2017 08 21 23 50 999 99.0 99.0  1.84 10.81  6.85 171 9999.0 999.0 999.0 999.0 99.0 99.00
2017 08 22 00 50 999 99.0 99.0  1.82 10.81  6.82 168 9999.0 999.0 999.0 999.0 99.0 99.00
2017 08 22 01 50 999 99.0 99.0  1.84  8.33  6.56 115 9999.0 999.0 999.0 999.0 99.0 99.00
2017 08 22 02 50 999 99.0 99.0  2.04 10.81  7.19 191 9999.0 999.0 999.0 999.0 99.0 99.00
2017 08 22 03 50 999 99.0 99.0  1.81 11.43  6.88 182 9999.0 999.0 999.0 999.0 99.0 99.00
2017 08 22 04 50 999 99.0 99.0  1.83 10.81  6.88 170 9999.0 999.0 999.0 999.0 99.0 99.00
2017 08 22 05 50 999 99.0 99.0  1.91 12.90  7.09 190 9999.0 999.0 999.0 999.0 99.0 99.00
2017 08 22 06 50 999 99.0 99.0  1.83 11.43  7.15 168 9999.0 999.0 999.0 999.0 99.0 99.00
2017 08 22 07 50 999 99.0 99.0  1.91 11.43  7.17 171 9999.0 999.0 999.0 999.0 99.0 99.00
2017 08 22 08 50 999 99.0 99.0  1.78 12.12  6.84 169 9999.0 999.0 999.0 999.0 99.0 99.00
2017 08 22 09 50 999 99.0 99.0  1.78 10.81  6.89 165 9999.0 999.0 999.0 999.0 99.0 99.00
2017 08 22 10 50 999 99.0 99.0  1.84 12.12  6.86 180 9999.0 999.0 999.0 999.0 99.0 99.00
2017 08 22 11 50 999 99.0 99.0  1.78 12.12  6.60 188 9999.0 999.0 999.0 999.0 99.0 99.00
2017 08 22 12 50 999 99.0 99.0  1.88 12.12  6.55 160 9999.0 999.0 999.0 999.0 99.0 99.00
2017 08 22 13 50 999 99.0 99.0  1.95 12.12  6.85 182 9999.0 999.0 999.0 999.0 99.0 99.00
2017 08 22 14 50 999 99.0 99.0  1.74 10.00  6.52 149 9999.0 999.0 999.0 999.0 99.0 99.00
2017 08 22 15 50 999 99.0 99.0  1.71 10.81  6.46 176 9999.0 999.0 999.0 999.0 99.0 99.00
2017 08 22 16 50 999 99.0 99.0  1.77 10.81  6.54 175 9999.0 999.0 999.0 999.0 99.0 99.00
2017 08 22 17 50 999 99.0 99.0  1.75 10.81  6.27 158 9999.0 999.0 999.0 999.0 99.0 99.00
2017 08 22 18 50 999 99.0 99.0  1.80 10.00  6.51 175 9999.0 999.0 999.0 999.0 99.0 99.00
2017 08 22 20 50 999 99.0 99.0  1.70 10.81  6.14 171 9999.0 999.0 999.0 999.0 99.0 99.00
2017 08 22 21 50 999 99.0 99.0  1.58 11.43  6.17 157 9999.0 999.0 999.0 999.0 99.0 99.00
2017 08 22 22 50 999 99.0 99.0  1.62 11.43  6.30 171 9999.0 999.0 999.0 999.0 99.0 99.00
2017 08 22 23 50 999 99.0 99.0  1.64  9.09  5.92 152 9999.0 999.0 999.0 999.0 99.0 99.00
2017 08 23 00 50 999 99.0 99.0  1.65 11.43  6.13 159 9999.0 999.0 999.0 999.0 99.0 99.00
2017 08 23 01 50 999 99.0 99.0  1.68 11.43  6.32 167 9999.0 999.0 999.0 999.0 99.0 99.00
2017 08 23 02 50 999 99.0 99.0  1.54 11.43  5.91 171 9999.0 999.0 999.0 999.0 99.0 99.00
2017 08 23 03 50 999 99.0 99.0  1.58 14.81  5.95 227 9999.0 999.0 999.0 999.0 99.0 99.00
2017 08 23 04 50 999 99.0 99.0  1.67 19.05  6.11 173 9999.0 999.0 999.0 999.0 99.0 99.00
2017 08 23 05 50 999 99.0 99.0  1.66 17.39  6.35 213 9999.0 999.0 999.0 999.0 99.0 99.00
2017 08 23 06 50 999 99.0 99.0  1.64 17.39  6.13 201 9999.0 999.0 999.0 999.0 99.0 99.00
2017 08 23 07 50 999 99.0 99.0  1.66 17.39  6.40 202 9999.0 999.0 999.0 999.0 99.0 99.00
2017 08 23 08 50 999 99.0 99.0  1.98 17.39  7.21 209 9999.0 999.0 999.0 999.0 99.0 99.00
2017 08 23 09 50 999 99.0 99.0  1.82 17.39  6.64 207 9999.0 999.0 999.0 999.0 99.0 99.00
2017 08 23 10 50 999 99.0 99.0  1.79 17.39  6.88 218 9999.0 999.0 999.0 999.0 99.0 99.00
2017 08 23 11 50 999 99.0 99.0  1.93 17.39  7.18 209 9999.0 999.0 999.0 999.0 99.0 99.00
2017 08 23 12 50 999 99.0 99.0  2.12 16.00  7.27 224 9999.0 999.0 999.0 999.0 99.0 99.00
2017 08 23 13 50 999 99.0 99.0  2.26 16.00  7.89 204 9999.0 999.0 999.0 999.0 99.0 99.00
2017 08 23 14 50 999 99.0 99.0  2.33 16.00  8.03 211 9999.0 999.0 999.0 999.0 99.0 99.00
2017 08 23 15 50 999 99.0 99.0  2.14 16.00  7.20 188 9999.0 999.0 999.0 999.0 99.0 99.00
2017 08 23 16 50 999 99.0 99.0  2.72 16.00  8.83 207 9999.0 999.0 999.0 999.0 99.0 99.00
2017 08 23 17 50 999 99.0 99.0  2.57 16.00  8.35 208 9999.0 999.0 999.0 999.0 99.0 99.00
2017 08 23 18 50 999 99.0 99.0  2.80 16.00  8.93 202 9999.0 999.0 999.0 999.0 99.0 99.00
2017 08 23 19 50 999 99.0 99.0  2.78 16.00  9.12 203 9999.0 999.0 999.0 999.0 99.0 99.00
2017 08 23 20 50 999 99.0 99.0  2.58 14.81  8.54 214 9999.0 999.0 999.0 999.0 99.0 99.00
2017 08 23 21 50 999 99.0 99.0  2.57 14.81  8.77 207 9999.0 999.0 999.0 999.0 99.0 99.00
2017 08 23 22 50 999 99.0 99.0  2.81 16.00  9.29 198 9999.0 999.0 999.0 999.0 99.0 99.00
2017 08 23 23 50 999 99.0 99.0  2.70 16.00  9.09 207 9999.0 999.0 999.0 999.0 99.0 99.00
2017 08 24 00 50 999 99.0 99.0  3.05 16.00  9.66 204 9999.0 999.0 999.0 999.0 99.0 99.00
2017 08 24 01 50 999 99.0 99.0  2.67 16.00  8.88 207 9999.0 999.0 999.0 999.0 99.0 99.00
2017 08 24 02 50 999 99.0 99.0  2.76 14.81  8.85 212 9999.0 999.0 999.0 999.0 99.0 99.00
2017 08 24 03 50 999 99.0 99.0  2.44 13.79  7.96 223 9999.0 999.0 999.0 999.0 99.0 99.00
2017 08 24 04 50 999 99.0 99.0  2.93 16.00  8.92 194 9999.0 999.0 999.0 999.0 99.0 99.00
2017 08 24 05 50 999 99.0 99.0  2.73 14.81  8.39 210 9999.0 999.0 999.0 999.0 99.0 99.00
2017 08 24 06 50 999 99.0 99.0  2.98 13.79  8.70 214 9999.0 999.0 999.0 999.0 99.0 99.00
2017 08 24 07 50 999 99.0 99.0  3.22 14.81  9.10 203 9999.0 999.0 999.0 999.0 99.0 99.00
2017 08 24 08 50 999 99.0 99.0  3.33 14.81  9.11 202 9999.0 999.0 999.0 999.0 99.0 99.00
2017 08 24 09 50 999 99.0 99.0  3.60 13.79  9.82 199 9999.0 999.0 999.0 999.0 99.0 99.00
2017 08 24 10 50 999 99.0 99.0  3.49 14.81  9.84 197 9999.0 999.0 999.0 999.0 99.0 99.00
2017 08 24 11 50 999 99.0 99.0  3.81 14.81  9.90 201 9999.0 999.0 999.0 999.0 99.0 99.00
2017 08 24 12 50 999 99.0 99.0  3.76 13.79  9.64 205 9999.0 999.0 999.0 999.0 99.0 99.00
2017 08 24 13 50 999 99.0 99.0  3.29 16.00  8.85 198 9999.0 999.0 999.0 999.0 99.0 99.00
2017 08 24 14 50 999 99.0 99.0  3.54 14.81  9.14 203 9999.0 999.0 999.0 999.0 99.0 99.00
2017 08 24 15 50 999 99.0 99.0  4.08 14.81  9.95 199 9999.0 999.0 999.0 999.0 99.0 99.00
2017 08 24 16 50 999 99.0 99.0  3.56 14.81  9.20 198 9999.0 999.0 999.0 999.0 99.0 99.00
2017 08 24 17 50 999 99.0 99.0  3.59 13.79  9.16 201 9999.0 999.0 999.0 999.0 99.0 99.00
2017 08 24 18 50 999 99.0 99.0  3.34 16.00  8.74 198 9999.0 999.0 999.0 999.0 99.0 99.00
2017 08 24 19 50 999 99.0 99.0  3.23 14.81  8.65 181 9999.0 999.0 999.0 999.0 99.0 99.00
2017 08 24 20 50 999 99.0 99.0  3.37 14.81  8.67 206 9999.0 999.0 999.0 999.0 99.0 99.00
2017 08 24 21 50 999 99.0 99.0  3.27 14.81  8.45 206 9999.0 999.0 999.0 999.0 99.0 99.00
2017 08 24 22 50 999 99.0 99.0  3.23 14.81  8.30 196 9999.0 999.0 999.0 999.0 99.0 99.00
2017 08 24 23 50 999 99.0 99.0  3.11 14.81  7.82 208 9999.0 999.0 999.0 999.0 99.0 99.00
2017 08 25 00 50 999 99.0 99.0  2.99 14.81  7.58 188 9999.0 999.0 999.0 999.0 99.0 99.00
2017 08 25 01 50 999 99.0 99.0  2.97 14.81  7.75 215 9999.0 999.0 999.0 999.0 99.0 99.00
2017 08 25 02 50 999 99.0 99.0  3.07 14.81  7.67 206 9999.0 999.0 999.0 999.0 99.0 99.00
2017 08 25 03 50 999 99.0 99.0  3.00 13.79  7.63 209 9999.0 999.0 999.0 999.0 99.0 99.00
2017 08 25 04 50 999 99.0 99.0  2.84 12.90  7.63 199 9999.0 999.0 999.0 999.0 99.0 99.00
2017 08 25 05 50 999 99.0 99.0  3.03 14.81  7.71 207 9999.0 999.0 999.0 999.0 99.0 99.00
2017 08 25 06 50 999 99.0 99.0  2.94 13.79  7.66 197 9999.0 999.0 999.0 999.0 99.0 99.00
2017 08 25 07 50 999 99.0 99.0  2.90 13.79  7.73 203 9999.0 999.0 999.0 999.0 99.0 99.00
2017 08 25 08 50 999 99.0 99.0  3.07 13.79  7.89 204 9999.0 999.0 999.0 999.0 99.0 99.00
2017 08 25 09 50 999 99.0 99.0  2.76 14.81  7.56 185 9999.0 999.0 999.0 999.0 99.0 99.00
2017 08 25 10 50 999 99.0 99.0  3.16 13.79  8.10 203 9999.0 999.0 999.0 999.0 99.0 99.00
2017 08 25 11 50 999 99.0 99.0  3.01 14.81  8.05 198 9999.0 999.0 999.0 999.0 99.0 99.00
2017 08 25 12 50 999 99.0 99.0  3.29 14.81  8.19 195 9999.0 999.0 999.0 999.0 99.0 99.00
2017 08 25 13 50 999 99.0 99.0  3.16 14.81  8.35 197 9999.0 999.0 999.0 999.0 99.0 99.00
2017 08 25 14 50 999 99.0 99.0  3.41 13.79  8.83 203 9999.0 999.0 999.0 999.0 99.0 99.00
2017 08 25 15 50 999 99.0 99.0  3.60 14.81  8.72 206 9999.0 999.0 999.0 999.0 99.0 99.00
2017 08 25 16 50 999 99.0 99.0  3.59 14.81  8.70 193 9999.0 999.0 999.0 999.0 99.0 99.00
2017 08 25 17 50 999 99.0 99.0  3.16 13.79  8.56 184 9999.0 999.0 999.0 999.0 99.0 99.00
2017 08 25 18 50 999 99.0 99.0  2.89 11.43  7.76 195 9999.0 999.0 999.0 999.0 99.0 99.00
2017 08 25 19 50 999 99.0 99.0  3.14 14.81  8.52 190 9999.0 999.0 999.0 999.0 99.0 99.00
2017 08 25 20 50 999 99.0 99.0  2.96 12.90  8.42 204 9999.0 999.0 999.0 999.0 99.0 99.00
2017 08 25 21 50 999 99.0 99.0  2.79 13.79  8.26 188 9999.0 999.0 999.0 999.0 99.0 99.00
2017 08 25 22 50 999 99.0 99.0  3.24 14.81  8.77 185 9999.0 999.0 999.0 999.0 99.0 99.00
2017 08 25 23 50 999 99.0 99.0  3.23 13.79  8.63 203 9999.0 999.0 999.0 999.0 99.0 99.00
2017 08 26 00 50 999 99.0 99.0  3.12 14.81  8.77 194 9999.0 999.0 999.0 999.0 99.0 99.00
2017 08 26 01 50 999 99.0 99.0  3.23 16.00  8.75 190 9999.0 999.0 999.0 999.0 99.0 99.00
2017 08 26 02 50 999 99.0 99.0  3.33 16.00  8.67 217 9999.0 999.0 999.0 999.0 99.0 99.00
2017 08 26 03 50 999 99.0 99.0  3.08 14.81  8.64 193 9999.0 999.0 999.0 999.0 99.0 99.00
2017 08 26 04 50 999 99.0 99.0  3.18 13.79  8.38 198 9999.0 999.0 999.0 999.0 99.0 99.00
2017 08 26 05 50 999 99.0 99.0  3.27 14.81  8.25 203 9999.0 999.0 999.0 999.0 99.0 99.00
2017 08 26 06 50 999 99.0 99.0  3.51 14.81  8.48 197 9999.0 999.0 999.0 999.0 99.0 99.00
2017 08 26 07 50 999 99.0 99.0  3.09 14.81  7.84 184 9999.0 999.0 999.0 999.0 99.0 99.00
2017 08 26 08 50 999 99.0 99.0  3.24 14.81  8.42 199 9999.0 999.0 999.0 999.0 99.0 99.00
2017 08 26 09 50 999 99.0 99.0  3.34 13.79  8.45 192 9999.0 999.0 999.0 999.0 99.0 99.00
2017 08 26 10 50 999 99.0 99.0  2.96 14.81  7.67 192 9999.0 999.0 999.0 999.0 99.0 99.00
2017 08 26 11 50 999 99.0 99.0  3.10 14.81  7.63 195 9999.0 999.0 999.0 999.0 99.0 99.00
2017 08 26 12 50 999 99.0 99.0  3.38 13.79  8.23 195 9999.0 999.0 999.0 999.0 99.0 99.00
2017 08 26 13 50 999 99.0 99.0  3.32 12.90  7.83 197 9999.0 999.0 999.0 999.0 99.0 99.00
2017 08 26 14 50 999 99.0 99.0  2.85 12.90  7.23 202 9999.0 999.0 999.0 999.0 99.0 99.00
2017 08 26 15 50 999 99.0 99.0  2.92 12.90  7.52 205 9999.0 999.0 999.0 999.0 99.0 99.00
2017 08 26 16 50 999 99.0 99.0  3.03 12.90  8.06 210 9999.0 999.0 999.0 999.0 99.0 99.00
2017 08 26 17 50 999 99.0 99.0  3.08 14.81  8.04 190 9999.0 999.0 999.0 999.0 99.0 99.00
2017 08 26 18 50 999 99.0 99.0  3.07 13.79  7.91 192 9999.0 999.0 999.0 999.0 99.0 99.00
2017 08 26 19 50 999 99.0 99.0  2.82 13.79  7.72 203 9999.0 999.0 999.0 999.0 99.0 99.00
2017 08 26 20 50 999 99.0 99.0  2.77 14.81  7.77 211 9999.0 999.0 999.0 999.0 99.0 99.00
2017 08 26 21 50 999 99.0 99.0  2.68 13.79  7.79 200 9999.0 999.0 999.0 999.0 99.0 99.00
2017 08 26 22 50 999 99.0 99.0  2.85 14.81  8.09 202 9999.0 999.0 999.0 999.0 99.0 99.00
2017 08 26 23 50 999 99.0 99.0  3.25 13.79  8.22 193 9999.0 999.0 999.0 999.0 99.0 99.00
2017 08 27 00 50 999 99.0 99.0  2.93 14.81  8.35 198 9999.0 999.0 999.0 999.0 99.0 99.00
2017 08 27 01 50 999 99.0 99.0  2.99 13.79  8.27 204 9999.0 999.0 999.0 999.0 99.0 99.00
2017 08 27 02 50 999 99.0 99.0  2.75 13.79  7.74 204 9999.0 999.0 999.0 999.0 99.0 99.00
2017 08 27 03 50 999 99.0 99.0  3.10 13.79  8.03 191 9999.0 999.0 999.0 999.0 99.0 99.00
2017 08 27 04 50 999 99.0 99.0  2.86 12.90  7.51 200 9999.0 999.0 999.0 999.0 99.0 99.00
2017 08 27 05 50 999 99.0 99.0  2.78 13.79  7.78 195 9999.0 999.0 999.0 999.0 99.0 99.00
2017 08 27 06 50 999 99.0 99.0  2.79 12.90  7.52 202 9999.0 999.0 999.0 999.0 99.0 99.00
2017 08 27 07 50 999 99.0 99.0  2.77 13.79  7.53 197 9999.0 999.0 999.0 999.0 99.0 99.00
2017 08 27 08 50 999 99.0 99.0  2.78 12.90  7.53 190 9999.0 999.0 999.0 999.0 99.0 99.00
2017 08 27 09 50 999 99.0 99.0  2.68 12.90  7.32 193 9999.0 999.0 999.0 999.0 99.0 99.00
2017 08 27 10 50 999 99.0 99.0  2.77 13.79  7.38 200 9999.0 999.0 999.0 999.0 99.0 99.00
2017 08 27 11 50 999 99.0 99.0  2.55 12.12  7.01 204 9999.0 999.0 999.0 999.0 99.0 99.00
2017 08 27 12 50 999 99.0 99.0  2.56 12.90  7.22 188 9999.0 999.0 999.0 999.0 99.0 99.00
2017 08 27 13 50 999 99.0 99.0  2.60 12.12  7.13 192 9999.0 999.0 999.0 999.0 99.0 99.00
2017 08 27 14 50 999 99.0 99.0  2.38 12.12  6.76 191 9999.0 999.0 999.0 999.0 99.0 99.00
2017 08 27 15 50 999 99.0 99.0  2.70 12.90  7.31 182 9999.0 999.0 999.0 999.0 99.0 99.00
2017 08 27 16 50 999 99.0 99.0  2.41 12.90  6.90 176 9999.0 999.0 999.0 999.0 99.0 99.00
2017 08 27 17 50 999 99.0 99.0  2.53 12.90  7.20 199 9999.0 999.0 999.0 999.0 99.0 99.00
2017 08 27 18 50 999 99.0 99.0  2.47 11.43  6.78 191 9999.0 999.0 999.0 999.0 99.0 99.00
2017 08 27 19 50 999 99.0 99.0  2.31 12.12  6.67 221 9999.0 999.0 999.0 999.0 99.0 99.00
2017 08 27 20 50 999 99.0 99.0  2.57 12.12  7.15 185 9999.0 999.0 999.0 999.0 99.0 99.00
2017 08 27 21 50 999 99.0 99.0  2.40 12.90  6.85 190 9999.0 999.0 999.0 999.0 99.0 99.00
2017 08 27 22 50 999 99.0 99.0  2.34 12.90  7.09 200 9999.0 999.0 999.0 999.0 99.0 99.00
2017 08 27 23 50 999 99.0 99.0  2.19 13.79  7.06 195 9999.0 999.0 999.0 999.0 99.0 99.00
2017 08 28 00 50 999 99.0 99.0  2.22 12.90  6.93 200 9999.0 999.0 999.0 999.0 99.0 99.00
2017 08 28 01 50 999 99.0 99.0  2.23 13.79  7.02 186 9999.0 999.0 999.0 999.0 99.0 99.00
2017 08 28 02 50 999 99.0 99.0  2.33 12.90  6.85 197 9999.0 999.0 999.0 999.0 99.0 99.00
2017 08 28 03 50 999 99.0 99.0  2.29 12.90  7.17 194 9999.0 999.0 999.0 999.0 99.0 99.00
2017 08 28 04 50 999 99.0 99.0  2.17 12.12  6.75 195 9999.0 999.0 999.0 999.0 99.0 99.00
2017 08 28 05 50 999 99.0 99.0  2.34 12.12  6.98 197 9999.0 999.0 999.0 999.0 99.0 99.00
2017 08 28 06 50 999 99.0 99.0  2.16 13.79  6.40 194 9999.0 999.0 999.0 999.0 99.0 99.00
2017 08 28 07 50 999 99.0 99.0  2.28 12.12  6.82 198 9999.0 999.0 999.0 999.0 99.0 99.00
2017 08 28 08 50 999 99.0 99.0  1.96 12.12  6.02 206 9999.0 999.0 999.0 999.0 99.0 99.00
2017 08 28 09 50 999 99.0 99.0  2.18 12.90  6.62 186 9999.0 999.0 999.0 999.0 99.0 99.00
2017 08 28 10 50 999 99.0 99.0  2.17 12.12  5.93 193 9999.0 999.0 999.0 999.0 99.0 99.00
2017 08 28 11 50 999 99.0 99.0  2.25 12.90  6.27 197 9999.0 999.0 999.0 999.0 99.0 99.00
2017 08 28 12 50 999 99.0 99.0  2.04 12.90  5.79 202 9999.0 999.0 999.0 999.0 99.0 99.00
2017 08 28 13 50 999 99.0 99.0  2.17 11.43  6.04 189 9999.0 999.0 999.0 999.0 99.0 99.00
2017 08 28 14 50 999 99.0 99.0  2.23 11.43  6.00 204 9999.0 999.0 999.0 999.0 99.0 99.00
2017 08 28 15 50 999 99.0 99.0  2.20 12.12  5.96 212 9999.0 999.0 999.0 999.0 99.0 99.00
2017 08 28 16 50 999 99.0 99.0  2.22 12.90  5.99 205 9999.0 999.0 999.0 999.0 99.0 99.00
2017 08 28 17 50 999 99.0 99.0  2.32 12.12  6.23 188 9999.0 999.0 999.0 999.0 99.0 99.00
2017 08 28 18 50 999 99.0 99.0  2.22 13.79  6.15 193 9999.0 999.0 999.0 999.0 99.0 99.00
2017 08 28 19 50 999 99.0 99.0  2.30 13.79  6.08 185 9999.0 999.0 999.0 999.0 99.0 99.00
2017 08 28 20 50 999 99.0 99.0  2.30  6.67  6.09 100 9999.0 999.0 999.0 999.0 99.0 99.00
2017 08 28 21 50 999 99.0 99.0  2.39 12.90  6.37 191 9999.0 999.0 999.0 999.0 99.0 99.00
2017 08 28 22 50 999 99.0 99.0  2.30  6.25  6.20  98 9999.0 999.0 999.0 999.0 99.0 99.00
2017 08 28 23 50 999 99.0 99.0  2.27 12.90  6.17 209 9999.0 999.0 999.0 999.0 99.0 99.00
2017 08 29 00 50 999 99.0 99.0  2.09 13.79  6.10 177 9999.0 999.0 999.0 999.0 99.0 99.00
2017 08 29 01 50 999 99.0 99.0  2.46 12.90  6.44 201 9999.0 999.0 999.0 999.0 99.0 99.00
2017 08 29 02 50 999 99.0 99.0  2.55 12.12  6.42 196 9999.0 999.0 999.0 999.0 99.0 99.00
2017 08 29 03 50 999 99.0 99.0  2.58 12.12  6.41 205 9999.0 999.0 999.0 999.0 99.0 99.00
2017 08 29 04 50 999 99.0 99.0  2.76 12.12  6.63 197 9999.0 999.0 999.0 999.0 99.0 99.00
2017 08 29 05 50 999 99.0 99.0  2.48 12.90  6.29 194 9999.0 999.0 999.0 999.0 99.0 99.00
2017 08 29 06 50 999 99.0 99.0  2.56 12.12  6.29 200 9999.0 999.0 999.0 999.0 99.0 99.00
2017 08 29 07 50 999 99.0 99.0  2.47  6.67  6.40 108 9999.0 999.0 999.0 999.0 99.0 99.00
2017 08 29 08 50 999 99.0 99.0  2.65 11.43  6.31 193 9999.0 999.0 999.0 999.0 99.0 99.00
2017 08 29 09 50 999 99.0 99.0  2.63  6.67  6.36  99 9999.0 999.0 999.0 999.0 99.0 99.00
2017 08 29 10 50 999 99.0 99.0  2.69  7.14  6.44 113 9999.0 999.0 999.0 999.0 99.0 99.00
2017 08 29 11 50 999 99.0 99.0  2.40  6.67  5.94 113 9999.0 999.0 999.0 999.0 99.0 99.00
2017 08 29 12 50 999 99.0 99.0  2.55  7.14  6.13 110 9999.0 999.0 999.0 999.0 99.0 99.00
2017 08 29 13 50 999 99.0 99.0  2.47  7.14  6.10  98 9999.0 999.0 999.0 999.0 99.0 99.00
2017 08 29 14 50 999 99.0 99.0  2.71  6.25  6.40 116 9999.0 999.0 999.0 999.0 99.0 99.00
2017 08 29 15 50 999 99.0 99.0  2.95  6.67  6.52 127 9999.0 999.0 999.0 999.0 99.0 99.00
2017 08 29 16 50 999 99.0 99.0  2.73  7.14  6.32  94 9999.0 999.0 999.0 999.0 99.0 99.00
2017 08 29 17 50 999 99.0 99.0  2.84  6.67  6.46 110 9999.0 999.0 999.0 999.0 99.0 99.00
2017 08 29 18 50 999 99.0 99.0  2.88  7.14  6.48 112 9999.0 999.0 999.0 999.0 99.0 99.00
2017 08 29 19 50 999 99.0 99.0  2.68  7.14  6.16 111 9999.0 999.0 999.0 999.0 99.0 99.00
2017 08 29 20 50 999 99.0 99.0  2.87  7.14  6.57 126 9999.0 999.0 999.0 999.0 99.0 99.00
2017 08 29 21 50 999 99.0 99.0  2.91  7.14  6.42 132 9999.0 999.0 999.0 999.0 99.0 99.00
2017 08 29 22 50 999 99.0 99.0  2.96  7.14  6.63 121 9999.0 999.0 999.0 999.0 99.0 99.00
2017 08 29 23 50 999 99.0 99.0  2.71  7.14  6.14 128 9999.0 999.0 999.0 999.0 99.0 99.00
2017 08 30 00 50 999 99.0 99.0  2.70  7.14  6.38 112 9999.0 999.0 999.0 999.0 99.0 99.00
2017 08 30 01 50 999 99.0 99.0  2.89 13.79  6.41 169 9999.0 999.0 999.0 999.0 99.0 99.00
2017 08 30 02 50 999 99.0 99.0  2.57  7.69  6.20 112 9999.0 999.0 999.0 999.0 99.0 99.00
2017 08 30 03 50 999 99.0 99.0  2.93  7.69  6.64 113 9999.0 999.0 999.0 999.0 99.0 99.00
2017 08 30 04 50 999 99.0 99.0  2.82  7.69  6.42 106 9999.0 999.0 999.0 999.0 99.0 99.00
2017 08 30 05 50 999 99.0 99.0  2.78  7.69  6.47 104 9999.0 999.0 999.0 999.0 99.0 99.00
2017 08 30 06 50 999 99.0 99.0  2.87  7.14  6.58 113 9999.0 999.0 999.0 999.0 99.0 99.00
2017 08 30 07 50 999 99.0 99.0  2.71  7.69  6.38 105 9999.0 999.0 999.0 999.0 99.0 99.00
2017 08 30 08 50 999 99.0 99.0  2.81  7.14  6.54 101 9999.0 999.0 999.0 999.0 99.0 99.00
2017 08 30 09 50 999 99.0 99.0  2.90  7.69  6.55 119 9999.0 999.0 999.0 999.0 99.0 99.00
2017 08 30 10 50 999 99.0 99.0  2.63  7.69  6.43 110 9999.0 999.0 999.0 999.0 99.0 99.00
2017 08 30 11 50 999 99.0 99.0  2.89  7.69  6.61 123 9999.0 999.0 999.0 999.0 99.0 99.00
2017 08 30 12 50 999 99.0 99.0  2.72  7.69  6.28 114 9999.0 999.0 999.0 999.0 99.0 99.00
2017 08 30 13 50 999 99.0 99.0  2.78  7.69  6.43 136 9999.0 999.0 999.0 999.0 99.0 99.00
2017 08 30 14 50 999 99.0 99.0  2.63  7.69  6.32 156 9999.0 999.0 999.0 999.0 99.0 99.00
2017 08 30 15 50 999 99.0 99.0  2.69  7.69  6.64 127 9999.0 999.0 999.0 999.0 99.0 99.00
2017 08 30 16 50 999 99.0 99.0  2.46  7.14  6.26 116 9999.0 999.0 999.0 999.0 99.0 99.00
2017 08 30 17 50 999 99.0 99.0  2.70  7.69  6.50 131 9999.0 999.0 999.0 999.0 99.0 99.00
2017 08 30 18 50 999 99.0 99.0  2.41 12.12  6.59 190 9999.0 999.0 999.0 999.0 99.0 99.00
2017 08 30 19 50 999 99.0 99.0  2.50  7.69  6.54 119 9999.0 999.0 999.0 999.0 99.0 99.00
2017 08 30 20 50 999 99.0 99.0  2.42  7.69  6.37 123 9999.0 999.0 999.0 999.0 99.0 99.00
2017 08 30 21 50 999 99.0 99.0  2.39  7.69  6.36 127 9999.0 999.0 999.0 999.0 99.0 99.00
2017 08 30 22 50 999 99.0 99.0  2.30  8.33  6.19 110 9999.0 999.0 999.0 999.0 99.0 99.00
2017 08 30 23 50 999 99.0 99.0  2.30  8.33  6.18 117 9999.0 999.0 999.0 999.0 99.0 99.00
2017 08 31 00 50 999 99.0 99.0  2.49  7.69  6.19 114 9999.0 999.0 999.0 999.0 99.0 99.00
2017 08 31 01 50 999 99.0 99.0  2.29  7.14  6.01 131 9999.0 999.0 999.0 999.0 99.0 99.00
2017 08 31 02 50 999 99.0 99.0  2.44  7.69  6.14 125 9999.0 999.0 999.0 999.0 99.0 99.00
2017 08 31 03 50 999 99.0 99.0  2.33  7.69  6.28 111 9999.0 999.0 999.0 999.0 99.0 99.00
2017 08 31 04 50 999 99.0 99.0  2.35  7.69  6.11 139 9999.0 999.0 999.0 999.0 99.0 99.00
2017 08 31 05 50 999 99.0 99.0  2.25  7.69  6.07  99 9999.0 999.0 999.0 999.0 99.0 99.00
2017 08 31 06 50 999 99.0 99.0  2.27  7.69  6.23 120 9999.0 999.0 999.0 999.0 99.0 99.00
2017 08 31 07 50 999 99.0 99.0  2.15  7.69  6.17 119 9999.0 999.0 999.0 999.0 99.0 99.00
2017 08 31 08 50 999 99.0 99.0  2.24  8.33  6.30 151 9999.0 999.0 999.0 999.0 99.0 99.00
2017 08 31 09 50 999 99.0 99.0  2.06  7.14  6.26 131 9999.0 999.0 999.0 999.0 99.0 99.00
2017 08 31 10 50 999 99.0 99.0  1.99  7.14  6.17 134 9999.0 999.0 999.0 999.0 99.0 99.00
2017 08 31 11 50 999 99.0 99.0  2.01  7.14  6.31 125 9999.0 999.0 999.0 999.0 99.0 99.00
2017 08 31 12 50 999 99.0 99.0  2.00  7.69  6.31 114 9999.0 999.0 999.0 999.0 99.0 99.00
2017 08 31 13 50 999 99.0 99.0  1.88  7.69  6.32 110 9999.0 999.0 999.0 999.0 99.0 99.00
2017 08 31 14 50 999 99.0 99.0  1.87  7.69  6.23 117 9999.0 999.0 999.0 999.0 99.0 99.00
2017 08 31 15 50 999 99.0 99.0  1.86  7.14  6.19 103 9999.0 999.0 999.0 999.0 99.0 99.00
2017 08 31 16 50 999 99.0 99.0  1.77 14.81  6.26 241 9999.0 999.0 999.0 999.0 99.0 99.00
2017 08 31 17 50 999 99.0 99.0  1.74  6.67  6.09 135 9999.0 999.0 999.0 999.0 99.0 99.00
2017 08 31 18 50 999 99.0 99.0  1.74 10.81  6.32 155 9999.0 999.0 999.0 999.0 99.0 99.00
2017 08 31 19 50 999 99.0 99.0  1.80 14.81  6.39 173 9999.0 999.0 999.0 999.0 99.0 99.00
2017 08 31 20 50 999 99.0 99.0  1.81  7.69  6.44 113 9999.0 999.0 999.0 999.0 99.0 99.00
2017 08 31 21 50 999 99.0 99.0  1.80  7.14  6.53 120 9999.0 999.0 999.0 999.0 99.0 99.00
2017 08 31 22 50 999 99.0 99.0  1.69  7.14  6.59 125 9999.0 999.0 999.0 999.0 99.0 99.00
2017 08 31 23 50 999 99.0 99.0  1.73 14.81  6.49 194 9999.0 999.0 999.0 999.0 99.0 99.00
2017 09 01 00 50 999 99.0 99.0  1.66  7.69  6.16 120 9999.0 999.0 999.0 999.0 99.0 99.00
2017 09 01 01 50 999 99.0 99.0  1.63  7.69  6.14 108 9999.0 999.0 999.0 999.0 99.0 99.00
2017 09 01 02 50 999 99.0 99.0  1.70  7.14  6.29 117 9999.0 999.0 999.0 999.0 99.0 99.00
2017 09 01 03 50 999 99.0 99.0  1.71 14.81  5.86 209 9999.0 999.0 999.0 999.0 99.0 99.00
2017 09 01 04 50 999 99.0 99.0  1.61 14.81  6.04 226 9999.0 999.0 999.0 999.0 99.0 99.00
2017 09 01 05 50 999 99.0 99.0  1.74 14.81  6.04 232 9999.0 999.0 999.0 999.0 99.0 99.00
2017 09 01 06 50 999 99.0 99.0  1.72 14.81  6.26 225 9999.0 999.0 999.0 999.0 99.0 99.00
2017 09 01 07 50 999 99.0 99.0  1.67 14.81  6.25 211 9999.0 999.0 999.0 999.0 99.0 99.00
2017 09 01 08 50 999 99.0 99.0  1.66 14.81  6.06 212 9999.0 999.0 999.0 999.0 99.0 99.00
2017 09 01 09 50 999 99.0 99.0  1.58 13.79  6.08 214 9999.0 999.0 999.0 999.0 99.0 99.00
2017 09 01 10 50 999 99.0 99.0  1.61 14.81  5.99 235 9999.0 999.0 999.0 999.0 99.0 99.00
2017 09 01 11 50 999 99.0 99.0  1.68 14.81  5.95 238 9999.0 999.0 999.0 999.0 99.0 99.00
2017 09 01 12 50 999 99.0 99.0  1.66 14.81  5.94 221 9999.0 999.0 999.0 999.0 99.0 99.00
2017 09 01 13 50 999 99.0 99.0  1.55 13.79  5.80 214 9999.0 999.0 999.0 999.0 99.0 99.00
2017 09 01 14 50 999 99.0 99.0  1.57  8.33  5.71 129 9999.0 999.0 999.0 999.0 99.0 99.00
2017 09 01 15 50 999 99.0 99.0  1.55 13.79  5.74 231 9999.0 999.0 999.0 999.0 99.0 99.00
2017 09 01 16 50 999 99.0 99.0  1.57 13.79  5.71 219 9999.0 999.0 999.0 999.0 99.0 99.00
2017 09 01 17 50 999 99.0 99.0  1.52 13.79  5.59 219 9999.0 999.0 999.0 999.0 99.0 99.00
2017 09 01 18 50 999 99.0 99.0  1.55 13.79  5.72 239 9999.0 999.0 999.0 999.0 99.0 99.00
2017 09 01 19 50 999 99.0 99.0  1.54 13.79  5.68 209 9999.0 999.0 999.0 999.0 99.0 99.00
2017 09 01 20 50 999 99.0 99.0  1.47 13.79  5.51 216 9999.0 999.0 999.0 999.0 99.0 99.00
2017 09 01 21 50 999 99.0 99.0  1.60 13.79  5.74 226 9999.0 999.0 999.0 999.0 99.0 99.00
2017 09 01 22 50 999 99.0 99.0  1.54 14.81  5.55 227 9999.0 999.0 999.0 999.0 99.0 99.00
2017 09 01 23 50 999 99.0 99.0  1.57 13.79  5.65 227 9999.0 999.0 999.0 999.0 99.0 99.00
2017 09 02 00 50 999 99.0 99.0  1.56 12.90  5.59 216 9999.0 999.0 999.0 999.0 99.0 99.00
2017 09 02 01 50 999 99.0 99.0  1.51 13.79  5.63 199 9999.0 999.0 999.0 999.0 99.0 99.00
2017 09 02 02 50 999 99.0 99.0  1.53 13.79  5.77 244 9999.0 999.0 999.0 999.0 99.0 99.00
2017 09 02 03 50 999 99.0 99.0  1.43 12.90  5.46 219 9999.0 999.0 999.0 999.0 99.0 99.00
2017 09 02 04 50 999 99.0 99.0  1.48 13.79  5.74 212 9999.0 999.0 999.0 999.0 99.0 99.00
2017 09 02 05 50 999 99.0 99.0  1.49 12.90  5.66 214 9999.0 999.0 999.0 999.0 99.0 99.00
2017 09 02 06 50 999 99.0 99.0  1.50 13.79  5.67 221 9999.0 999.0 999.0 999.0 99.0 99.00
2017 09 02 07 50 999 99.0 99.0  1.57 12.90  5.60 232 9999.0 999.0 999.0 999.0 99.0 99.00
2017 09 02 08 50 999 99.0 99.0  1.56 13.79  5.91 230 9999.0 999.0 999.0 999.0 99.0 99.00
2017 09 02 09 50 999 99.0 99.0  1.54 12.90  5.41 224 9999.0 999.0 999.0 999.0 99.0 99.00
2017 09 02 10 50 999 99.0 99.0  1.60 13.79  5.80 221 9999.0 999.0 999.0 999.0 99.0 99.00
2017 09 02 11 50 999 99.0 99.0  1.54 13.79  5.72 230 9999.0 999.0 999.0 999.0 99.0 99.00
2017 09 02 12 50 999 99.0 99.0  1.53 12.90  5.68 219 9999.0 999.0 999.0 999.0 99.0 99.00
2017 09 02 13 50 999 99.0 99.0  1.55 13.79  5.41 236 9999.0 999.0 999.0 999.0 99.0 99.00
2017 09 02 14 50 999 99.0 99.0  1.55 13.79  5.40 238 9999.0 999.0 999.0 999.0 99.0 99.00
2017 09 02 15 50 999 99.0 99.0  1.56  7.69  5.51 177 9999.0 999.0 999.0 999.0 99.0 99.00
2017 09 02 16 50 999 99.0 99.0  1.58 12.90  5.80 224 9999.0 999.0 999.0 999.0 99.0 99.00
2017 09 02 17 50 999 99.0 99.0  1.64 12.90  5.88 207 9999.0 999.0 999.0 999.0 99.0 99.00
2017 09 02 18 50 999 99.0 99.0  1.64 12.90  5.72 191 9999.0 999.0 999.0 999.0 99.0 99.00
2017 09 02 19 50 999 99.0 99.0  1.63 12.90  5.71 232 9999.0 999.0 999.0 999.0 99.0 99.00
2017 09 02 20 50 999 99.0 99.0  1.59 11.43  5.88 213 9999.0 999.0 999.0 999.0 99.0 99.00
2017 09 02 21 50 999 99.0 99.0  1.70 12.12  6.04 217 9999.0 999.0 999.0 999.0 99.0 99.00
2017 09 02 22 50 999 99.0 99.0  1.67 12.12  5.91 216 9999.0 999.0 999.0 999.0 99.0 99.00
2017 09 02 23 50 999 99.0 99.0  1.64 12.90  5.62 221 9999.0 999.0 999.0 999.0 99.0 99.00
2017 09 03 00 50 999 99.0 99.0  1.82 12.12  5.57 212 9999.0 999.0 999.0 999.0 99.0 99.00
2017 09 03 01 50 999 99.0 99.0  1.92 12.90  5.66 218 9999.0 999.0 999.0 999.0 99.0 99.00
2017 09 03 02 50 999 99.0 99.0  2.01 11.43  5.70 197 9999.0 999.0 999.0 999.0 99.0 99.00
2017 09 03 03 50 999 99.0 99.0  2.15 12.12  5.77 212 9999.0 999.0 999.0 999.0 99.0 99.00
2017 09 03 04 50 999 99.0 99.0  2.17 11.43  5.81 215 9999.0 999.0 999.0 999.0 99.0 99.00
2017 09 03 05 50 999 99.0 99.0  2.35  5.56  5.96 113 9999.0 999.0 999.0 999.0 99.0 99.00
2017 09 03 06 50 999 99.0 99.0  2.25 10.81  5.84 201 9999.0 999.0 999.0 999.0 99.0 99.00
2017 09 03 07 50 999 99.0 99.0  2.42  6.25  5.93 111 9999.0 999.0 999.0 999.0 99.0 99.00
2017 09 03 08 50 999 99.0 99.0  2.54 10.81  6.23 208 9999.0 999.0 999.0 999.0 99.0 99.00
2017 09 03 09 50 999 99.0 99.0  2.31  6.25  5.75 107 9999.0 999.0 999.0 999.0 99.0 99.00
2017 09 03 10 50 999 99.0 99.0  2.47  6.67  5.91 104 9999.0 999.0 999.0 999.0 99.0 99.00
2017 09 03 11 50 999 99.0 99.0  2.60 11.43  6.16 211 9999.0 999.0 999.0 999.0 99.0 99.00
2017 09 03 12 50 999 99.0 99.0  2.37  6.67  5.92 113 9999.0 999.0 999.0 999.0 99.0 99.00
2017 09 03 13 50 999 99.0 99.0  2.59  6.67  6.04 101 9999.0 999.0 999.0 999.0 99.0 99.00
2017 09 03 14 50 999 99.0 99.0  2.50  7.14  6.01  90 9999.0 999.0 999.0 999.0 99.0 99.00
2017 09 03 15 50 999 99.0 99.0  2.64  6.67  6.11 115 9999.0 999.0 999.0 999.0 99.0 99.00
2017 09 03 16 50 999 99.0 99.0  2.75  7.14  6.23 110 9999.0 999.0 999.0 999.0 99.0 99.00
2017 09 03 17 50 999 99.0 99.0  2.66  7.14  6.12 115 9999.0 999.0 999.0 999.0 99.0 99.00
2017 09 03 18 50 999 99.0 99.0  2.72  7.14  6.10  96 9999.0 999.0 999.0 999.0 99.0 99.00
2017 09 03 19 50 999 99.0 99.0  2.78  7.14  6.11 111 9999.0 999.0 999.0 999.0 99.0 99.00
2017 09 03 20 50 999 99.0 99.0  2.71  7.69  6.07  98 9999.0 999.0 999.0 999.0 99.0 99.00
2017 09 03 21 50 999 99.0 99.0  2.49  6.67  5.91 108 9999.0 999.0 999.0 999.0 99.0 99.00
2017 09 03 22 50 999 99.0 99.0  2.77  7.14  6.24 120 9999.0 999.0 999.0 999.0 99.0 99.00
2017 09 03 23 50 999 99.0 99.0  2.71  7.69  6.08 146 9999.0 999.0 999.0 999.0 99.0 99.00
2017 09 04 00 50 999 99.0 99.0  2.92  7.69  6.23 108 9999.0 999.0 999.0 999.0 99.0 99.00
2017 09 04 01 50 999 99.0 99.0  3.05  7.14  6.32 148 9999.0 999.0 999.0 999.0 99.0 99.00
2017 09 04 02 50 999 99.0 99.0  3.06  7.69  6.41 143 9999.0 999.0 999.0 999.0 99.0 99.00
2017 09 04 03 50 999 99.0 99.0  3.02  7.69  6.27 118 9999.0 999.0 999.0 999.0 99.0 99.00
2017 09 04 04 50 999 99.0 99.0  3.04  7.69  6.43 117 9999.0 999.0 999.0 999.0 99.0 99.00
2017 09 04 05 50 999 99.0 99.0  2.80  7.69  6.21 131 9999.0 999.0 999.0 999.0 99.0 99.00
2017 09 04 06 50 999 99.0 99.0  3.14  7.14  6.39 135 9999.0 999.0 999.0 999.0 99.0 99.00
2017 09 04 07 50 999 99.0 99.0  3.18  7.69  6.48 129 9999.0 999.0 999.0 999.0 99.0 99.00
2017 09 04 08 50 999 99.0 99.0  2.96  7.69  6.30 126 9999.0 999.0 999.0 999.0 99.0 99.00
2017 09 04 09 50 999 99.0 99.0  3.30  7.69  6.61 120 9999.0 999.0 999.0 999.0 99.0 99.00
2017 09 04 10 50 999 99.0 99.0  2.98  8.33  6.33 140 9999.0 999.0 999.0 999.0 99.0 99.00
2017 09 04 11 50 999 99.0 99.0  3.17  7.69  6.38 144 9999.0 999.0 999.0 999.0 99.0 99.00
2017 09 04 12 50 999 99.0 99.0  3.06  8.33  6.36 128 9999.0 999.0 999.0 999.0 99.0 99.00
2017 09 04 13 50 999 99.0 99.0  2.85  7.69  6.39 126 9999.0 999.0 999.0 999.0 99.0 99.00
2017 09 04 14 50 999 99.0 99.0  2.95  7.69  6.20 121 9999.0 999.0 999.0 999.0 99.0 99.00
2017 09 04 15 50 999 99.0 99.0  3.16  8.33  6.48 123 9999.0 999.0 999.0 999.0 99.0 99.00
2017 09 04 16 50 999 99.0 99.0  3.20  8.33  6.52 127 9999.0 999.0 999.0 999.0 99.0 99.00
2017 09 04 17 50 999 99.0 99.0  2.90  8.33  6.22 123 9999.0 999.0 999.0 999.0 99.0 99.00
2017 09 04 18 50 999 99.0 99.0  2.79  8.33  6.29 119 9999.0 999.0 999.0 999.0 99.0 99.00
2017 09 04 19 50 999 99.0 99.0  3.13  8.33  6.50 126 9999.0 999.0 999.0 999.0 99.0 99.00
2017 09 04 20 50 999 99.0 99.0  3.11  8.33  6.44 117 9999.0 999.0 999.0 999.0 99.0 99.00
2017 09 04 21 50 999 99.0 99.0  2.80  9.09  6.18 126 9999.0 999.0 999.0 999.0 99.0 99.00
2017 09 04 22 50 999 99.0 99.0  3.02  8.33  6.48 127 9999.0 999.0 999.0 999.0 99.0 99.00
2017 09 04 23 50 999 99.0 99.0  3.05  8.33  6.42 126 9999.0 999.0 999.0 999.0 99.0 99.00
2017 09 05 00 50 999 99.0 99.0  2.97  8.33  6.40 120 9999.0 999.0 999.0 999.0 99.0 99.00
2017 09 05 01 50 999 99.0 99.0  2.81  8.33  6.23 126 9999.0 999.0 999.0 999.0 99.0 99.00
2017 09 05 02 50 999 99.0 99.0  3.11  8.33  6.57 116 9999.0 999.0 999.0 999.0 99.0 99.00
2017 09 05 03 50 999 99.0 99.0  2.92  8.33  6.28 120 9999.0 999.0 999.0 999.0 99.0 99.00
2017 09 05 04 50 999 99.0 99.0  2.95  8.33  6.55 123 9999.0 999.0 999.0 999.0 99.0 99.00
2017 09 05 05 50 999 99.0 99.0  2.83  8.33  6.33 121 9999.0 999.0 999.0 999.0 99.0 99.00
2017 09 05 06 50 999 99.0 99.0  3.00  8.33  6.40 132 9999.0 999.0 999.0 999.0 99.0 99.00
2017 09 05 07 50 999 99.0 99.0  2.76  8.33  6.39 117 9999.0 999.0 999.0 999.0 99.0 99.00
2017 09 05 08 50 999 99.0 99.0  2.78  7.69  6.32 128 9999.0 999.0 999.0 999.0 99.0 99.00
2017 09 05 09 50 999 99.0 99.0  2.91  8.33  6.43 125 9999.0 999.0 999.0 999.0 99.0 99.00
2017 09 05 10 50 999 99.0 99.0  2.89  9.09  6.58 115 9999.0 999.0 999.0 999.0 99.0 99.00
2017 09 05 11 50 999 99.0 99.0  2.72  9.09  6.32 129 9999.0 999.0 999.0 999.0 99.0 99.00
2017 09 05 12 50 999 99.0 99.0  2.97  9.09  6.45 109 9999.0 999.0 999.0 999.0 99.0 99.00
2017 09 05 13 50 999 99.0 99.0  3.06  9.09  6.75 122 9999.0 999.0 999.0 999.0 99.0 99.00
2017 09 05 14 50 999 99.0 99.0  2.90  9.09  6.47 123 9999.0 999.0 999.0 999.0 99.0 99.00
2017 09 05 15 50 999 99.0 99.0  2.63  9.09  6.47 123 9999.0 999.0 999.0 999.0 99.0 99.00
2017 09 05 16 50 999 99.0 99.0  2.84  9.09  6.50 116 9999.0 999.0 999.0 999.0 99.0 99.00
2017 09 05 17 50 999 99.0 99.0  2.75  9.09  6.69 119 9999.0 999.0 999.0 999.0 99.0 99.00
2017 09 05 18 50 999 99.0 99.0  2.78  9.09  6.62 126 9999.0 999.0 999.0 999.0 99.0 99.00
2017 09 05 19 50 999 99.0 99.0  2.58  9.09  6.45 128 9999.0 999.0 999.0 999.0 99.0 99.00
2017 09 05 20 50 999 99.0 99.0  2.80  9.09  6.59 117 9999.0 999.0 999.0 999.0 99.0 99.00
2017 09 05 21 50 999 99.0 99.0  2.56  9.09  6.60 123 9999.0 999.0 999.0 999.0 99.0 99.00
2017 09 05 22 50 999 99.0 99.0  2.55  9.09  6.33 121 9999.0 999.0 999.0 999.0 99.0 99.00
2017 09 05 23 50 999 99.0 99.0  2.92  9.09  6.91 123 9999.0 999.0 999.0 999.0 99.0 99.00
2017 09 06 00 50 999 99.0 99.0  2.68  9.09  6.60 120 9999.0 999.0 999.0 999.0 99.0 99.00
2017 09 06 01 50 999 99.0 99.0  2.71  7.69  6.60 140 9999.0 999.0 999.0 999.0 99.0 99.00
2017 09 06 02 50 999 99.0 99.0  2.78  9.09  6.67 131 9999.0 999.0 999.0 999.0 99.0 99.00
2017 09 06 03 50 999 99.0 99.0  2.79  9.09  6.56 134 9999.0 999.0 999.0 999.0 99.0 99.00
2017 09 06 04 50 999 99.0 99.0  2.74  9.09  6.44 127 9999.0 999.0 999.0 999.0 99.0 99.00
2017 09 06 05 50 999 99.0 99.0  2.56  9.09  6.39 144 9999.0 999.0 999.0 999.0 99.0 99.00
2017 09 06 06 50 999 99.0 99.0  2.52  8.33  6.31 134 9999.0 999.0 999.0 999.0 99.0 99.00
2017 09 06 07 50 999 99.0 99.0  2.72  9.09  6.57 119 9999.0 999.0 999.0 999.0 99.0 99.00
2017 09 06 08 50 999 99.0 99.0  2.72 10.00  6.63 140 9999.0 999.0 999.0 999.0 99.0 99.00
2017 09 06 09 50 999 99.0 99.0  2.61 10.00  6.51 141 9999.0 999.0 999.0 999.0 99.0 99.00
2017 09 06 10 50 999 99.0 99.0  2.72  9.09  6.56 127 9999.0 999.0 999.0 999.0 99.0 99.00
2017 09 06 11 50 999 99.0 99.0  2.69  9.09  6.43 136 9999.0 999.0 999.0 999.0 99.0 99.00
2017 09 06 12 50 999 99.0 99.0  2.71  8.33  6.46 126 9999.0 999.0 999.0 999.0 99.0 99.00
2017 09 06 13 50 999 99.0 99.0  2.81  8.33  6.46 137 9999.0 999.0 999.0 999.0 99.0 99.00
2017 09 06 14 50 999 99.0 99.0  2.54  8.33  6.27 127 9999.0 999.0 999.0 999.0 99.0 99.00
2017 09 06 15 50 999 99.0 99.0  2.61  9.09  6.36 131 9999.0 999.0 999.0 999.0 99.0 99.00
2017 09 06 16 50 999 99.0 99.0  2.67  9.09  6.67 128 9999.0 999.0 999.0 999.0 99.0 99.00
2017 09 06 17 50 999 99.0 99.0  2.53  7.69  6.42 132 9999.0 999.0 999.0 999.0 99.0 99.00
2017 09 06 18 50 999 99.0 99.0  2.48  9.09  6.16 127 9999.0 999.0 999.0 999.0 99.0 99.00
2017 09 06 19 50 999 99.0 99.0  2.63  8.33  6.56 142 9999.0 999.0 999.0 999.0 99.0 99.00
2017 09 06 20 50 999 99.0 99.0  2.68 10.00  6.63 129 9999.0 999.0 999.0 999.0 99.0 99.00
2017 09 06 21 50 999 99.0 99.0  2.87  9.09  6.73 124 9999.0 999.0 999.0 999.0 99.0 99.00
2017 09 06 22 50 999 99.0 99.0  2.70  8.33  6.73 135 9999.0 999.0 999.0 999.0 99.0 99.00
2017 09 06 23 50 999 99.0 99.0  2.56 16.00  6.49 179 9999.0 999.0 999.0 999.0 99.0 99.00
2017 09 07 00 50 999 99.0 99.0  2.77 16.00  6.60 203 9999.0 999.0 999.0 999.0 99.0 99.00
2017 09 07 01 50 999 99.0 99.0  2.84 16.00  6.76 205 9999.0 999.0 999.0 999.0 99.0 99.00
2017 09 07 02 50 999 99.0 99.0  2.68 16.00  6.70 204 9999.0 999.0 999.0 999.0 99.0 99.00
2017 09 07 03 50 999 99.0 99.0  2.72 16.00  6.74 202 9999.0 999.0 999.0 999.0 99.0 99.00
2017 09 07 04 50 999 99.0 99.0  2.69 16.00  6.75 190 9999.0 999.0 999.0 999.0 99.0 99.00
2017 09 07 05 50 999 99.0 99.0  2.95 16.00  7.14 213 9999.0 999.0 999.0 999.0 99.0 99.00
2017 09 07 06 50 999 99.0 99.0  2.61 14.81  6.61 212 9999.0 999.0 999.0 999.0 99.0 99.00
2017 09 07 07 50 999 99.0 99.0  2.88 16.00  7.11 178 9999.0 999.0 999.0 999.0 99.0 99.00
2017 09 07 08 50 999 99.0 99.0  2.90 16.00  6.95 201 9999.0 999.0 999.0 999.0 99.0 99.00
2017 09 07 09 50 999 99.0 99.0  2.79 14.81  7.25 221 9999.0 999.0 999.0 999.0 99.0 99.00
2017 09 07 10 50 999 99.0 99.0  2.72 14.81  6.89 201 9999.0 999.0 999.0 999.0 99.0 99.00
2017 09 07 11 50 999 99.0 99.0  2.61 14.81  7.03 205 9999.0 999.0 999.0 999.0 99.0 99.00
2017 09 07 12 50 999 99.0 99.0  2.91 14.81  7.45 194 9999.0 999.0 999.0 999.0 99.0 99.00
2017 09 07 13 50 999 99.0 99.0  2.71 14.81  7.33 197 9999.0 999.0 999.0 999.0 99.0 99.00
2017 09 07 14 50 999 99.0 99.0  2.63 16.00  6.89 193 9999.0 999.0 999.0 999.0 99.0 99.00
2017 09 07 15 50 999 99.0 99.0  2.78 14.81  7.93 219 9999.0 999.0 999.0 999.0 99.0 99.00
2017 09 07 16 50 999 99.0 99.0  2.35 14.81  6.93 213 9999.0 999.0 999.0 999.0 99.0 99.00
2017 09 07 17 50 999 99.0 99.0  2.51 14.81  7.40 222 9999.0 999.0 999.0 999.0 99.0 99.00
2017 09 07 18 50 999 99.0 99.0  2.66 14.81  7.38 208 9999.0 999.0 999.0 999.0 99.0 99.00
2017 09 07 19 50 999 99.0 99.0  2.47 14.81  7.13 204 9999.0 999.0 999.0 999.0 99.0 99.00
2017 09 07 20 50 999 99.0 99.0  2.27 16.00  6.99 179 9999.0 999.0 999.0 999.0 99.0 99.00
2017 09 07 21 50 999 99.0 99.0  2.46 13.79  7.32 192 9999.0 999.0 999.0 999.0 99.0 99.00
2017 09 07 22 50 999 99.0 99.0  2.46 16.00  7.03 194 9999.0 999.0 999.0 999.0 99.0 99.00
2017 09 07 23 50 999 99.0 99.0  2.34 13.79  6.93 188 9999.0 999.0 999.0 999.0 99.0 99.00
2017 09 08 00 50 999 99.0 99.0  2.30 14.81  6.78 198 9999.0 999.0 999.0 999.0 99.0 99.00
2017 09 08 01 50 999 99.0 99.0  2.27 14.81  6.90 180 9999.0 999.0 999.0 999.0 99.0 99.00
2017 09 08 02 50 999 99.0 99.0  2.34 14.81  7.14 202 9999.0 999.0 999.0 999.0 99.0 99.00
2017 09 08 03 50 999 99.0 99.0  2.44 14.81  7.45 202 9999.0 999.0 999.0 999.0 99.0 99.00
2017 09 08 04 50 999 99.0 99.0  2.34 13.79  7.13 197 9999.0 999.0 999.0 999.0 99.0 99.00
2017 09 08 05 50 999 99.0 99.0  2.24 13.79  6.94 199 9999.0 999.0 999.0 999.0 99.0 99.00
2017 09 08 06 50 999 99.0 99.0  2.34 13.79  7.14 213 9999.0 999.0 999.0 999.0 99.0 99.00
2017 09 08 07 50 999 99.0 99.0  2.37 13.79  6.80 207 9999.0 999.0 999.0 999.0 99.0 99.00
2017 09 08 08 50 999 99.0 99.0  2.35 16.00  6.73 215 9999.0 999.0 999.0 999.0 99.0 99.00
2017 09 08 09 50 999 99.0 99.0  2.63 13.79  6.89 218 9999.0 999.0 999.0 999.0 99.0 99.00
2017 09 08 10 50 999 99.0 99.0  2.48 14.81  6.91 194 9999.0 999.0 999.0 999.0 99.0 99.00
2017 09 08 11 50 999 99.0 99.0  2.37 17.39  6.57 213 9999.0 999.0 999.0 999.0 99.0 99.00
2017 09 08 12 50 999 99.0 99.0  2.61 17.39  7.10 192 9999.0 999.0 999.0 999.0 99.0 99.00
2017 09 08 13 50 999 99.0 99.0  2.50 17.39  7.03 210 9999.0 999.0 999.0 999.0 99.0 99.00
2017 09 08 14 50 999 99.0 99.0  2.60 16.00  6.77 204 9999.0 999.0 999.0 999.0 99.0 99.00
2017 09 08 15 50 999 99.0 99.0  2.49 16.00  6.69 246 9999.0 999.0 999.0 999.0 99.0 99.00
2017 09 08 16 50 999 99.0 99.0  2.68 17.39  7.78 188 9999.0 999.0 999.0 999.0 99.0 99.00
2017 09 08 17 50 999 99.0 99.0  2.44 16.00  7.35 211 9999.0 999.0 999.0 999.0 99.0 99.00
2017 09 08 18 50 999 99.0 99.0  2.51 16.00  7.22 190 9999.0 999.0 999.0 999.0 99.0 99.00
2017 09 08 19 50 999 99.0 99.0  2.61 16.00  7.36 206 9999.0 999.0 999.0 999.0 99.0 99.00
2017 09 08 20 50 999 99.0 99.0  2.53 14.81  7.07 203 9999.0 999.0 999.0 999.0 99.0 99.00
2017 09 08 21 50 999 99.0 99.0  2.78 16.00  7.51 223 9999.0 999.0 999.0 999.0 99.0 99.00
2017 09 08 22 50 999 99.0 99.0  2.52 14.81  7.15 199 9999.0 999.0 999.0 999.0 99.0 99.00
2017 09 08 23 50 999 99.0 99.0  2.60 16.00  6.99 200 9999.0 999.0 999.0 999.0 99.0 99.00
2017 09 09 00 50 999 99.0 99.0  2.52 14.81  6.86 201 9999.0 999.0 999.0 999.0 99.0 99.00
2017 09 09 01 50 999 99.0 99.0  2.76 16.00  7.39 182 9999.0 999.0 999.0 999.0 99.0 99.00
2017 09 09 02 50 999 99.0 99.0  2.73 14.81  6.80 207 9999.0 999.0 999.0 999.0 99.0 99.00
2017 09 09 03 50 999 99.0 99.0  2.89 14.81  6.97 216 9999.0 999.0 999.0 999.0 99.0 99.00
2017 09 09 04 50 999 99.0 99.0  2.90 14.81  7.31 203 9999.0 999.0 999.0 999.0 99.0 99.00
2017 09 09 05 50 999 99.0 99.0  2.73 16.00  7.02 181 9999.0 999.0 999.0 999.0 99.0 99.00
2017 09 09 06 50 999 99.0 99.0  3.28 14.81  7.22 205 9999.0 999.0 999.0 999.0 99.0 99.00
2017 09 09 07 50 999 99.0 99.0  3.37 16.00  7.71 203 9999.0 999.0 999.0 999.0 99.0 99.00
2017 09 09 08 50 999 99.0 99.0  3.20 21.05  7.48 223 9999.0 999.0 999.0 999.0 99.0 99.00
2017 09 09 09 50 999 99.0 99.0  3.53 19.05  7.44 221 9999.0 999.0 999.0 999.0 99.0 99.00
2017 09 09 10 50 999 99.0 99.0  4.10 19.05  8.79 200 9999.0 999.0 999.0 999.0 99.0 99.00
2017 09 09 11 50 999 99.0 99.0  4.16 19.05  8.59 199 9999.0 999.0 999.0 999.0 99.0 99.00
2017 09 09 12 50 999 99.0 99.0  4.14 19.05  8.94 202 9999.0 999.0 999.0 999.0 99.0 99.00
2017 09 09 13 50 999 99.0 99.0  4.44 19.05  8.66 202 9999.0 999.0 999.0 999.0 99.0 99.00
2017 09 09 14 50 999 99.0 99.0  4.40 17.39  8.96 201 9999.0 999.0 999.0 999.0 99.0 99.00
2017 09 09 15 50 999 99.0 99.0  3.87 17.39  8.30 210 9999.0 999.0 999.0 999.0 99.0 99.00
2017 09 09 16 50 999 99.0 99.0  4.94 17.39  9.61 185 9999.0 999.0 999.0 999.0 99.0 99.00
2017 09 09 17 50 999 99.0 99.0  4.60 17.39  9.41 203 9999.0 999.0 999.0 999.0 99.0 99.00
2017 09 09 18 50 999 99.0 99.0  4.07 17.39  8.54 189 9999.0 999.0 999.0 999.0 99.0 99.00
2017 09 09 19 50 999 99.0 99.0  4.12 17.39  8.27 199 9999.0 999.0 999.0 999.0 99.0 99.00
2017 09 09 20 50 999 99.0 99.0  3.89 17.39  8.24 206 9999.0 999.0 999.0 999.0 99.0 99.00
2017 09 09 21 50 999 99.0 99.0  4.32 16.00  8.30 214 9999.0 999.0 999.0 999.0 99.0 99.00
2017 09 09 22 50 999 99.0 99.0  4.08 17.39  8.21 185 9999.0 999.0 999.0 999.0 99.0 99.00
2017 09 09 23 50 999 99.0 99.0  4.68 17.39  8.95 218 9999.0 999.0 999.0 999.0 99.0 99.00
2017 09 10 00 50 999 99.0 99.0  4.16 17.39  8.50 199 9999.0 999.0 999.0 999.0 99.0 99.00
2017 09 10 01 50 999 99.0 99.0  4.02 17.39  8.43 227 9999.0 999.0 999.0 999.0 99.0 99.00
2017 09 10 02 50 999 99.0 99.0  3.90 17.39  7.94 218 9999.0 999.0 999.0 999.0 99.0 99.00
2017 09 10 03 50 999 99.0 99.0  4.03 17.39  8.06 202 9999.0 999.0 999.0 999.0 99.0 99.00
2017 09 10 04 50 999 99.0 99.0  4.35 16.00  8.30 214 9999.0 999.0 999.0 999.0 99.0 99.00
2017 09 10 05 50 999 99.0 99.0  4.32 16.00  7.80 225 9999.0 999.0 999.0 999.0 99.0 99.00
2017 09 10 06 50 999 99.0 99.0  4.54 16.00  7.91 211 9999.0 999.0 999.0 999.0 99.0 99.00
2017 09 10 07 50 999 99.0 99.0  4.32 16.00  7.89 202 9999.0 999.0 999.0 999.0 99.0 99.00
2017 09 10 08 50 999 99.0 99.0  4.58 16.00  7.95 198 9999.0 999.0 999.0 999.0 99.0 99.00
2017 09 10 09 50 999 99.0 99.0  4.58 16.00  7.97 207 9999.0 999.0 999.0 999.0 99.0 99.00
2017 09 10 10 50 999 99.0 99.0  4.37 16.00  7.92 208 9999.0 999.0 999.0 999.0 99.0 99.00
2017 09 10 11 50 999 99.0 99.0  4.47 16.00  7.99 212 9999.0 999.0 999.0 999.0 99.0 99.00
2017 09 10 12 50 999 99.0 99.0  4.39 16.00  7.72 212 9999.0 999.0 999.0 999.0 99.0 99.00
2017 09 10 13 50 999 99.0 99.0  3.97 16.00  7.54 212 9999.0 999.0 999.0 999.0 99.0 99.00
2017 09 10 14 50 999 99.0 99.0  4.24  9.09  7.73 171 9999.0 999.0 999.0 999.0 99.0 99.00
2017 09 10 15 50 999 99.0 99.0  4.35 10.81  7.87 203 9999.0 999.0 999.0 999.0 99.0 99.00
2017 09 10 16 50 999 99.0 99.0  4.46 10.00  7.93 189 9999.0 999.0 999.0 999.0 99.0 99.00
2017 09 10 17 50 999 99.0 99.0  4.18  9.09  7.71 171 9999.0 999.0 999.0 999.0 99.0 99.00
2017 09 10 18 50 999 99.0 99.0  4.25 16.00  7.81 210 9999.0 999.0 999.0 999.0 99.0 99.00
2017 09 10 19 50 999 99.0 99.0  4.38 10.00  8.17 192 9999.0 999.0 999.0 999.0 99.0 99.00
2017 09 10 20 50 999 99.0 99.0  4.22 16.00  7.95 211 9999.0 999.0 999.0 999.0 99.0 99.00
2017 09 10 21 50 999 99.0 99.0  3.95 16.00  7.67 230 9999.0 999.0 999.0 999.0 99.0 99.00
2017 09 10 22 50 999 99.0 99.0  4.17 11.43  7.71 194 9999.0 999.0 999.0 999.0 99.0 99.00
2017 09 10 23 50 999 99.0 99.0  4.29 10.00  7.94 181 9999.0 999.0 999.0 999.0 99.0 99.00
2017 09 11 00 50 999 99.0 99.0  4.23 16.00  7.94 213 9999.0 999.0 999.0 999.0 99.0 99.00
2017 09 11 01 50 999 99.0 99.0  4.05 14.81  7.47 193 9999.0 999.0 999.0 999.0 99.0 99.00
2017 09 11 02 50 999 99.0 99.0  4.01 10.81  7.59 197 9999.0 999.0 999.0 999.0 99.0 99.00
2017 09 11 03 50 999 99.0 99.0  4.14 10.00  7.69 189 9999.0 999.0 999.0 999.0 99.0 99.00
2017 09 11 04 50 999 99.0 99.0  3.95 14.81  7.64 227 9999.0 999.0 999.0 999.0 99.0 99.00
2017 09 11 05 50 999 99.0 99.0  3.84 14.81  7.49 219 9999.0 999.0 999.0 999.0 99.0 99.00
2017 09 11 06 50 999 99.0 99.0  3.79 14.81  7.17 189 9999.0 999.0 999.0 999.0 99.0 99.00
2017 09 11 07 50 999 99.0 99.0  4.20 14.81  7.58 200 9999.0 999.0 999.0 999.0 99.0 99.00
2017 09 11 08 50 999 99.0 99.0  3.52 13.79  7.34 215 9999.0 999.0 999.0 999.0 99.0 99.00
2017 09 11 09 50 999 99.0 99.0  3.86 13.79  7.69 216 9999.0 999.0 999.0 999.0 99.0 99.00
2017 09 11 10 50 999 99.0 99.0  3.68  9.09  7.43 166 9999.0 999.0 999.0 999.0 99.0 99.00
2017 09 11 11 50 999 99.0 99.0  3.66  9.09  7.26 160 9999.0 999.0 999.0 999.0 99.0 99.00
2017 09 11 12 50 999 99.0 99.0  3.77 12.90  7.51 194 9999.0 999.0 999.0 999.0 99.0 99.00
2017 09 11 13 50 999 99.0 99.0  3.80 13.79  7.51 180 9999.0 999.0 999.0 999.0 99.0 99.00
2017 09 11 14 50 999 99.0 99.0  3.83 13.79  7.32 215 9999.0 999.0 999.0 999.0 99.0 99.00
2017 09 11 15 50 999 99.0 99.0  3.66  8.33  7.26 161 9999.0 999.0 999.0 999.0 99.0 99.00
2017 09 11 16 50 999 99.0 99.0  3.68 13.79  7.51 218 9999.0 999.0 999.0 999.0 99.0 99.00
2017 09 11 17 50 999 99.0 99.0  3.64 13.79  7.36 202 9999.0 999.0 999.0 999.0 99.0 99.00
2017 09 11 18 50 999 99.0 99.0  3.68  8.33  7.18 139 9999.0 999.0 999.0 999.0 99.0 99.00
2017 09 11 19 50 999 99.0 99.0  3.63 13.79  7.40 201 9999.0 999.0 999.0 999.0 99.0 99.00
2017 09 11 20 50 999 99.0 99.0  3.46  9.09  6.93 167 9999.0 999.0 999.0 999.0 99.0 99.00
2017 09 11 21 50 999 99.0 99.0  3.31  9.09  7.21 164 9999.0 999.0 999.0 999.0 99.0 99.00
2017 09 11 22 50 999 99.0 99.0  3.30  7.69  7.06 136 9999.0 999.0 999.0 999.0 99.0 99.00
2017 09 11 23 50 999 99.0 99.0  3.29  7.69  6.97 156 9999.0 999.0 999.0 999.0 99.0 99.00
2017 09 12 00 50 999 99.0 99.0  3.66 10.00  7.46 173 9999.0 999.0 999.0 999.0 99.0 99.00
2017 09 12 01 50 999 99.0 99.0  3.40 13.79  7.14 215 9999.0 999.0 999.0 999.0 99.0 99.00
2017 09 12 02 50 999 99.0 99.0  3.37 13.79  7.17 203 9999.0 999.0 999.0 999.0 99.0 99.00
2017 09 12 03 50 999 99.0 99.0  3.11  9.09  6.63 138 9999.0 999.0 999.0 999.0 99.0 99.00
2017 09 12 04 50 999 99.0 99.0  3.01  7.69  6.49 144 9999.0 999.0 999.0 999.0 99.0 99.00
2017 09 12 05 50 999 99.0 99.0  3.10  9.09  6.60 172 9999.0 999.0 999.0 999.0 99.0 99.00
2017 09 12 06 50 999 99.0 99.0  3.00 12.90  6.69 204 9999.0 999.0 999.0 999.0 99.0 99.00
2017 09 12 07 50 999 99.0 99.0  3.00  7.69  6.60 137 9999.0 999.0 999.0 999.0 99.0 99.00
2017 09 12 08 50 999 99.0 99.0  2.93  7.69  6.55 143 9999.0 999.0 999.0 999.0 99.0 99.00
2017 09 12 09 50 999 99.0 99.0  3.09  7.69  6.68 117 9999.0 999.0 999.0 999.0 99.0 99.00
2017 09 12 10 50 999 99.0 99.0  3.05  7.69  6.70 136 9999.0 999.0 999.0 999.0 99.0 99.00
2017 09 12 11 50 999 99.0 99.0  2.90  8.33  6.52 147 9999.0 999.0 999.0 999.0 99.0 99.00
2017 09 12 12 50 999 99.0 99.0  2.94  7.14  6.66 126 9999.0 999.0 999.0 999.0 99.0 99.00
2017 09 12 13 50 999 99.0 99.0  3.15  7.69  6.53 149 9999.0 999.0 999.0 999.0 99.0 99.00
2017 09 12 14 50 999 99.0 99.0  2.95  7.14  6.28 120 9999.0 999.0 999.0 999.0 99.0 99.00
2017 09 12 15 50 999 99.0 99.0  2.96  7.14  6.59 120 9999.0 999.0 999.0 999.0 99.0 99.00
2017 09 12 16 50 999 99.0 99.0  2.97  7.69  6.75 137 9999.0 999.0 999.0 999.0 99.0 99.00
2017 09 12 17 50 999 99.0 99.0  2.99  7.69  6.46 139 9999.0 999.0 999.0 999.0 99.0 99.00
2017 09 12 18 50 999 99.0 99.0  2.77  7.69  6.49 120 9999.0 999.0 999.0 999.0 99.0 99.00
2017 09 12 19 50 999 99.0 99.0  2.78  7.69  6.31 132 9999.0 999.0 999.0 999.0 99.0 99.00
2017 09 12 20 50 999 99.0 99.0  2.68  8.33  6.48 152 9999.0 999.0 999.0 999.0 99.0 99.00
2017 09 12 21 50 999 99.0 99.0  2.65 12.90  6.42 207 9999.0 999.0 999.0 999.0 99.0 99.00
2017 09 12 22 50 999 99.0 99.0  2.78  7.69  6.36 144 9999.0 999.0 999.0 999.0 99.0 99.00
2017 09 12 23 50 999 99.0 99.0  2.72  7.14  6.35 124 9999.0 999.0 999.0 999.0 99.0 99.00
2017 09 13 00 50 999 99.0 99.0  2.76  8.33  6.40 145 9999.0 999.0 999.0 999.0 99.0 99.00
2017 09 13 01 50 999 99.0 99.0  2.66  7.14  6.24 129 9999.0 999.0 999.0 999.0 99.0 99.00
2017 09 13 02 50 999 99.0 99.0  2.76  7.14  6.34 136 9999.0 999.0 999.0 999.0 99.0 99.00
2017 09 13 03 50 999 99.0 99.0  2.84 13.79  6.43 180 9999.0 999.0 999.0 999.0 99.0 99.00
2017 09 13 04 50 999 99.0 99.0  3.11 13.79  6.45 180 9999.0 999.0 999.0 999.0 99.0 99.00
2017 09 13 05 50 999 99.0 99.0  2.90  6.67  6.33 125 9999.0 999.0 999.0 999.0 99.0 99.00
2017 09 13 06 50 999 99.0 99.0  3.23  7.14  6.74 129 9999.0 999.0 999.0 999.0 99.0 99.00
2017 09 13 07 50 999 99.0 99.0  3.11 12.90  6.71 197 9999.0 999.0 999.0 999.0 99.0 99.00
2017 09 13 08 50 999 99.0 99.0  3.06  8.33  6.81 157 9999.0 999.0 999.0 999.0 99.0 99.00
2017 09 13 09 50 999 99.0 99.0  2.97  7.69  6.46 149 9999.0 999.0 999.0 999.0 99.0 99.00
2017 09 13 10 50 999 99.0 99.0  3.16  7.69  6.65 145 9999.0 999.0 999.0 999.0 99.0 99.00
2017 09 13 11 50 999 99.0 99.0  3.13  7.69  6.58 139 9999.0 999.0 999.0 999.0 99.0 99.00
2017 09 13 12 50 999 99.0 99.0  3.51 12.90  7.01 199 9999.0 999.0 999.0 999.0 99.0 99.00
2017 09 13 13 50 999 99.0 99.0  3.48  7.69  6.65 142 9999.0 999.0 999.0 999.0 99.0 99.00
2017 09 13 14 50 999 99.0 99.0  3.55  8.33  6.79 157 9999.0 999.0 999.0 999.0 99.0 99.00
2017 09 13 15 50 999 99.0 99.0  3.25 12.90  6.73 194 9999.0 999.0 999.0 999.0 99.0 99.00
2017 09 13 16 50 999 99.0 99.0  3.42  6.67  6.70 114 9999.0 999.0 999.0 999.0 99.0 99.00
2017 09 13 17 50 999 99.0 99.0  3.12  7.69  6.66 115 9999.0 999.0 999.0 999.0 99.0 99.00
2017 09 13 18 50 999 99.0 99.0  3.14  7.14  6.57 123 9999.0 999.0 999.0 999.0 99.0 99.00
2017 09 13 19 50 999 99.0 99.0  3.01  7.69  6.52 136 9999.0 999.0 999.0 999.0 99.0 99.00
2017 09 13 20 50 999 99.0 99.0  3.19  7.69  6.51 125 9999.0 999.0 999.0 999.0 99.0 99.00
2017 09 13 21 50 999 99.0 99.0  3.02  8.33  6.49 156 9999.0 999.0 999.0 999.0 99.0 99.00
2017 09 13 22 50 999 99.0 99.0  3.18  7.14  6.58 117 9999.0 999.0 999.0 999.0 99.0 99.00
2017 09 13 23 50 999 99.0 99.0  2.98  7.14  6.39 132 9999.0 999.0 999.0 999.0 99.0 99.00
2017 09 14 00 50 999 99.0 99.0  3.20  8.33  6.51 158 9999.0 999.0 999.0 999.0 99.0 99.00
2017 09 14 01 50 999 99.0 99.0  2.95  7.69  6.29 126 9999.0 999.0 999.0 999.0 99.0 99.00
2017 09 14 02 50 999 99.0 99.0  2.90  7.69  6.21 119 9999.0 999.0 999.0 999.0 99.0 99.00
2017 09 14 03 50 999 99.0 99.0  3.22  7.69  6.40 125 9999.0 999.0 999.0 999.0 99.0 99.00
2017 09 14 04 50 999 99.0 99.0  3.34  7.69  6.58 131 9999.0 999.0 999.0 999.0 99.0 99.00
2017 09 14 05 50 999 99.0 99.0  3.36  8.33  6.44 149 9999.0 999.0 999.0 999.0 99.0 99.00
2017 09 14 06 50 999 99.0 99.0  3.29  8.33  6.54 141 9999.0 999.0 999.0 999.0 99.0 99.00
2017 09 14 07 50 999 99.0 99.0  3.43  7.69  6.66 123 9999.0 999.0 999.0 999.0 99.0 99.00
2017 09 14 08 50 999 99.0 99.0  3.19  7.69  6.35 115 9999.0 999.0 999.0 999.0 99.0 99.00
2017 09 14 09 50 999 99.0 99.0  3.45  7.69  6.65 129 9999.0 999.0 999.0 999.0 99.0 99.00
2017 09 14 10 50 999 99.0 99.0  3.36  7.69  6.66 106 9999.0 999.0 999.0 999.0 99.0 99.00
2017 09 14 11 50 999 99.0 99.0  3.30  8.33  6.41 129 9999.0 999.0 999.0 999.0 99.0 99.00
2017 09 14 12 50 999 99.0 99.0  3.50  8.33  6.58 141 9999.0 999.0 999.0 999.0 99.0 99.00
2017 09 14 13 50 999 99.0 99.0  3.21  8.33  6.46 137 9999.0 999.0 999.0 999.0 99.0 99.00
2017 09 14 14 50 999 99.0 99.0  3.53  8.33  6.82 143 9999.0 999.0 999.0 999.0 99.0 99.00
2017 09 14 15 50 999 99.0 99.0  3.38  8.33  6.64 133 9999.0 999.0 999.0 999.0 99.0 99.00
2017 09 14 16 50 999 99.0 99.0  3.48  9.09  6.81 141 9999.0 999.0 999.0 999.0 99.0 99.00
2017 09 14 17 50 999 99.0 99.0  3.50  9.09  6.78 145 9999.0 999.0 999.0 999.0 99.0 99.00
2017 09 14 18 50 999 99.0 99.0  3.47  8.33  6.61 136 9999.0 999.0 999.0 999.0 99.0 99.00
2017 09 14 19 50 999 99.0 99.0  3.31  8.33  6.58 130 9999.0 999.0 999.0 999.0 99.0 99.00
2017 09 14 20 50 999 99.0 99.0  3.38  7.69  6.64 118 9999.0 999.0 999.0 999.0 99.0 99.00
2017 09 14 21 50 999 99.0 99.0  3.27  9.09  6.58 132 9999.0 999.0 999.0 999.0 99.0 99.00
2017 09 14 22 50 999 99.0 99.0  3.37  8.33  6.82 137 9999.0 999.0 999.0 999.0 99.0 99.00
2017 09 14 23 50 999 99.0 99.0  3.25  8.33  6.63 123 9999.0 999.0 999.0 999.0 99.0 99.00
2017 09 15 00 50 999 99.0 99.0  3.28  8.33  6.57 125 9999.0 999.0 999.0 999.0 99.0 99.00
2017 09 15 01 50 999 99.0 99.0  3.41  8.33  6.67 130 9999.0 999.0 999.0 999.0 99.0 99.00
2017 09 15 02 50 999 99.0 99.0  3.14  8.33  6.31 133 9999.0 999.0 999.0 999.0 99.0 99.00
2017 09 15 03 50 999 99.0 99.0  3.19  8.33  6.37 129 9999.0 999.0 999.0 999.0 99.0 99.00
2017 09 15 04 50 999 99.0 99.0  3.27  8.33  6.52 137 9999.0 999.0 999.0 999.0 99.0 99.00
2017 09 15 05 50 999 99.0 99.0  3.57  8.33  6.76 150 9999.0 999.0 999.0 999.0 99.0 99.00
2017 09 15 06 50 999 99.0 99.0  3.22  8.33  6.67 136 9999.0 999.0 999.0 999.0 99.0 99.00
2017 09 15 07 50 999 99.0 99.0  3.29  9.09  6.55 136 9999.0 999.0 999.0 999.0 99.0 99.00
2017 09 15 08 50 999 99.0 99.0  3.06  9.09  6.61 124 9999.0 999.0 999.0 999.0 99.0 99.00
2017 09 15 09 50 999 99.0 99.0  3.06  8.33  6.66 131 9999.0 999.0 999.0 999.0 99.0 99.00
2017 09 15 10 50 999 99.0 99.0  3.45  8.33  6.77 138 9999.0 999.0 999.0 999.0 99.0 99.00
2017 09 15 11 50 999 99.0 99.0  3.00  8.33  6.54 140 9999.0 999.0 999.0 999.0 99.0 99.00
2017 09 15 12 50 999 99.0 99.0  3.12  9.09  6.49 140 9999.0 999.0 999.0 999.0 99.0 99.00
2017 09 15 13 50 999 99.0 99.0  3.35  8.33  6.78 148 9999.0 999.0 999.0 999.0 99.0 99.00
2017 09 15 14 50 999 99.0 99.0  3.46  8.33  6.89 128 9999.0 999.0 999.0 999.0 99.0 99.00
2017 09 15 15 50 999 99.0 99.0  2.95  9.09  6.46 128 9999.0 999.0 999.0 999.0 99.0 99.00
2017 09 15 16 50 999 99.0 99.0  2.90  8.33  6.54 129 9999.0 999.0 999.0 999.0 99.0 99.00
2017 09 15 17 50 999 99.0 99.0  3.25  8.33  6.87 127 9999.0 999.0 999.0 999.0 99.0 99.00
2017 09 15 18 50 999 99.0 99.0  2.95  8.33  6.72 136 9999.0 999.0 999.0 999.0 99.0 99.00
2017 09 15 19 50 999 99.0 99.0  3.01  9.09  6.78 140 9999.0 999.0 999.0 999.0 99.0 99.00
2017 09 15 20 50 999 99.0 99.0  2.68  7.69  6.32 128 9999.0 999.0 999.0 999.0 99.0 99.00
2017 09 15 21 50 999 99.0 99.0  2.60  7.69  6.51 130 9999.0 999.0 999.0 999.0 99.0 99.00
2017 09 15 22 50 999 99.0 99.0  2.73  8.33  6.66 129 9999.0 999.0 999.0 999.0 99.0 99.00
2017 09 15 23 50 999 99.0 99.0  2.85  9.09  6.80 132 9999.0 999.0 999.0 999.0 99.0 99.00
2017 09 16 00 50 999 99.0 99.0  2.90  8.33  6.63 139 9999.0 999.0 999.0 999.0 99.0 99.00
2017 09 16 01 50 999 99.0 99.0  2.64  8.33  6.40 150 9999.0 999.0 999.0 999.0 99.0 99.00
2017 09 16 02 50 999 99.0 99.0  2.64  8.33  6.70 135 9999.0 999.0 999.0 999.0 99.0 99.00
2017 09 16 03 50 999 99.0 99.0  2.81  8.33  6.60 111 9999.0 999.0 999.0 999.0 99.0 99.00
2017 09 16 04 50 999 99.0 99.0  2.80  9.09  6.56 138 9999.0 999.0 999.0 999.0 99.0 99.00
2017 09 16 05 50 999 99.0 99.0  2.71  8.33  6.54 145 9999.0 999.0 999.0 999.0 99.0 99.00
2017 09 16 06 50 999 99.0 99.0  2.48  8.33  6.39 139 9999.0 999.0 999.0 999.0 99.0 99.00
2017 09 16 07 50 999 99.0 99.0  2.73  9.09  6.49 126 9999.0 999.0 999.0 999.0 99.0 99.00
2017 09 16 08 50 999 99.0 99.0  2.63  8.33  6.66 129 9999.0 999.0 999.0 999.0 99.0 99.00
2017 09 16 09 50 999 99.0 99.0  2.62  7.69  6.56 122 9999.0 999.0 999.0 999.0 99.0 99.00
2017 09 16 10 50 999 99.0 99.0  2.53  9.09  6.58 138 9999.0 999.0 999.0 999.0 99.0 99.00
2017 09 16 11 50 999 99.0 99.0  2.46  8.33  6.63 135 9999.0 999.0 999.0 999.0 99.0 99.00
2017 09 16 12 50 999 99.0 99.0  2.27  8.33  6.37 143 9999.0 999.0 999.0 999.0 99.0 99.00
2017 09 16 13 50 999 99.0 99.0  2.40  8.33  6.67 149 9999.0 999.0 999.0 999.0 99.0 99.00
2017 09 16 14 50 999 99.0 99.0  2.53  8.33  6.89 141 9999.0 999.0 999.0 999.0 99.0 99.00
2017 09 16 15 50 999 99.0 99.0  2.51  8.33  6.79 133 9999.0 999.0 999.0 999.0 99.0 99.00
2017 09 16 16 50 999 99.0 99.0  2.53  8.33  6.94 135 9999.0 999.0 999.0 999.0 99.0 99.00
2017 09 16 17 50 999 99.0 99.0  2.68  8.33  7.10 147 9999.0 999.0 999.0 999.0 99.0 99.00
2017 09 16 18 50 999 99.0 99.0  2.42  8.33  6.84 136 9999.0 999.0 999.0 999.0 99.0 99.00
2017 09 16 19 50 999 99.0 99.0  2.17  9.09  6.79 146 9999.0 999.0 999.0 999.0 99.0 99.00
2017 09 16 20 50 999 99.0 99.0  2.27  8.33  6.97 142 9999.0 999.0 999.0 999.0 99.0 99.00
2017 09 16 21 50 999 99.0 99.0  2.58  9.09  7.19 142 9999.0 999.0 999.0 999.0 99.0 99.00
2017 09 16 22 50 999 99.0 99.0  2.37 10.00  7.12 143 9999.0 999.0 999.0 999.0 99.0 99.00
2017 09 16 23 50 999 99.0 99.0  2.44  9.09  7.21 146 9999.0 999.0 999.0 999.0 99.0 99.00
2017 09 17 00 50 999 99.0 99.0  2.41 10.00  7.25 134 9999.0 999.0 999.0 999.0 99.0 99.00
2017 09 17 01 50 999 99.0 99.0  2.44  9.09  7.40 134 9999.0 999.0 999.0 999.0 99.0 99.00
2017 09 17 02 50 999 99.0 99.0  2.75 10.00  7.65 145 9999.0 999.0 999.0 999.0 99.0 99.00
2017 09 17 03 50 999 99.0 99.0  2.41 10.00  7.58 139 9999.0 999.0 999.0 999.0 99.0 99.00
2017 09 17 04 50 999 99.0 99.0  2.43 10.00  7.49 145 9999.0 999.0 999.0 999.0 99.0 99.00
2017 09 17 05 50 999 99.0 99.0  2.37 10.00  7.35 134 9999.0 999.0 999.0 999.0 99.0 99.00
2017 09 17 06 50 999 99.0 99.0  2.20 10.00  7.37 151 9999.0 999.0 999.0 999.0 99.0 99.00
2017 09 17 07 50 999 99.0 99.0  2.25 10.00  7.39 139 9999.0 999.0 999.0 999.0 99.0 99.00
2017 09 17 08 50 999 99.0 99.0  2.04 10.81  7.15 142 9999.0 999.0 999.0 999.0 99.0 99.00
2017 09 17 09 50 999 99.0 99.0  2.23 10.81  7.55 142 9999.0 999.0 999.0 999.0 99.0 99.00
2017 09 17 10 50 999 99.0 99.0  2.21 10.00  7.50 137 9999.0 999.0 999.0 999.0 99.0 99.00
2017 09 17 11 50 999 99.0 99.0  1.93 10.00  7.09 150 9999.0 999.0 999.0 999.0 99.0 99.00
2017 09 17 12 50 999 99.0 99.0  2.03 10.00  7.53 153 9999.0 999.0 999.0 999.0 99.0 99.00
2017 09 17 13 50 999 99.0 99.0  2.24 10.00  7.90 154 9999.0 999.0 999.0 999.0 99.0 99.00
2017 09 17 14 50 999 99.0 99.0  2.08 10.00  7.66 151 9999.0 999.0 999.0 999.0 99.0 99.00
2017 09 17 15 50 999 99.0 99.0  1.95 11.43  7.61 174 9999.0 999.0 999.0 999.0 99.0 99.00
2017 09 17 16 50 999 99.0 99.0  2.06 10.81  7.68 154 9999.0 999.0 999.0 999.0 99.0 99.00
2017 09 17 17 50 999 99.0 99.0  2.23 10.00  8.27 150 9999.0 999.0 999.0 999.0 99.0 99.00
2017 09 17 18 50 999 99.0 99.0  1.91 10.00  7.56 161 9999.0 999.0 999.0 999.0 99.0 99.00
2017 09 17 19 50 999 99.0 99.0  2.01 10.00  8.00 155 9999.0 999.0 999.0 999.0 99.0 99.00
2017 09 17 20 50 999 99.0 99.0  2.00 10.81  8.07 160 9999.0 999.0 999.0 999.0 99.0 99.00
2017 09 17 21 50 999 99.0 99.0  1.98 10.00  7.93 157 9999.0 999.0 999.0 999.0 99.0 99.00
2017 09 17 22 50 999 99.0 99.0  2.20 14.81  8.58 168 9999.0 999.0 999.0 999.0 99.0 99.00
2017 09 17 23 50 999 99.0 99.0  2.06 10.81  8.33 142 9999.0 999.0 999.0 999.0 99.0 99.00
2017 09 18 00 50 999 99.0 99.0  2.12 14.81  8.87 193 9999.0 999.0 999.0 999.0 99.0 99.00
2017 09 18 01 50 999 99.0 99.0  1.85 10.81  8.08 165 9999.0 999.0 999.0 999.0 99.0 99.00
2017 09 18 02 50 999 99.0 99.0  2.02 10.81  8.36 145 9999.0 999.0 999.0 999.0 99.0 99.00
2017 09 18 03 50 999 99.0 99.0  2.20 10.00  9.00 155 9999.0 999.0 999.0 999.0 99.0 99.00
2017 09 18 04 50 999 99.0 99.0  1.95 13.79  8.39 171 9999.0 999.0 999.0 999.0 99.0 99.00
2017 09 18 05 50 999 99.0 99.0  1.97 10.00  8.26 157 9999.0 999.0 999.0 999.0 99.0 99.00
2017 09 18 06 50 999 99.0 99.0  1.78 14.81  8.01 183 9999.0 999.0 999.0 999.0 99.0 99.00
2017 09 18 07 50 999 99.0 99.0  1.95 13.79  8.48 171 9999.0 999.0 999.0 999.0 99.0 99.00
2017 09 18 08 50 999 99.0 99.0  1.87 10.00  8.00 149 9999.0 999.0 999.0 999.0 99.0 99.00
2017 09 18 09 50 999 99.0 99.0  1.85  9.09  8.05 139 9999.0 999.0 999.0 999.0 99.0 99.00
2017 09 18 10 50 999 99.0 99.0  1.76 13.79  8.00 172 9999.0 999.0 999.0 999.0 99.0 99.00
2017 09 18 11 50 999 99.0 99.0  1.80  9.09  8.11 149 9999.0 999.0 999.0 999.0 99.0 99.00
2017 09 18 12 50 999 99.0 99.0  1.67 14.81  8.09 162 9999.0 999.0 999.0 999.0 99.0 99.00
2017 09 18 13 50 999 99.0 99.0  1.61 10.00  8.00 168 9999.0 999.0 999.0 999.0 99.0 99.00
2017 09 18 14 50 999 99.0 99.0  1.65 10.00  8.07 146 9999.0 999.0 999.0 999.0 99.0 99.00
2017 09 18 15 50 999 99.0 99.0  1.52 10.81  7.89 165 9999.0 999.0 999.0 999.0 99.0 99.00
2017 09 18 16 50 999 99.0 99.0  1.67 13.79  8.58 175 9999.0 999.0 999.0 999.0 99.0 99.00
2017 09 18 17 50 999 99.0 99.0  1.70 12.12  8.64 176 9999.0 999.0 999.0 999.0 99.0 99.00
2017 09 18 18 50 999 99.0 99.0  1.68 13.79  8.34 185 9999.0 999.0 999.0 999.0 99.0 99.00
2017 09 18 19 50 999 99.0 99.0  1.67 13.79  8.43 190 9999.0 999.0 999.0 999.0 99.0 99.00
2017 09 18 20 50 999 99.0 99.0  1.57 13.79  8.24 172 9999.0 999.0 999.0 999.0 99.0 99.00
2017 09 18 21 50 999 99.0 99.0  1.64 11.43  8.00 164 9999.0 999.0 999.0 999.0 99.0 99.00
2017 09 18 22 50 999 99.0 99.0  1.41 12.90  7.82 172 9999.0 999.0 999.0 999.0 99.0 99.00
2017 09 18 23 50 999 99.0 99.0  1.42 11.43  8.40 155 9999.0 999.0 999.0 999.0 99.0 99.00
2017 09 19 00 50 999 99.0 99.0  1.46 11.43  8.23 176 9999.0 999.0 999.0 999.0 99.0 99.00
2017 09 19 01 50 999 99.0 99.0  1.35 10.81  8.06 154 9999.0 999.0 999.0 999.0 99.0 99.00
2017 09 19 02 50 999 99.0 99.0  1.37 12.12  8.35 176 9999.0 999.0 999.0 999.0 99.0 99.00
2017 09 19 03 50 999 99.0 99.0  1.50  9.09  8.16 147 9999.0 999.0 999.0 999.0 99.0 99.00
2017 09 19 04 50 999 99.0 99.0  1.51 10.00  8.07 151 9999.0 999.0 999.0 999.0 99.0 99.00
2017 09 19 05 50 999 99.0 99.0  1.47  9.09  7.87 144 9999.0 999.0 999.0 999.0 99.0 99.00
2017 09 19 06 50 999 99.0 99.0  1.37  9.09  7.46 139 9999.0 999.0 999.0 999.0 99.0 99.00
2017 09 19 07 50 999 99.0 99.0  1.38 17.39  6.71 184 9999.0 999.0 999.0 999.0 99.0 99.00
2017 09 19 08 50 999 99.0 99.0  1.38 10.00  6.54 150 9999.0 999.0 999.0 999.0 99.0 99.00
2017 09 19 09 50 999 99.0 99.0  1.41 12.90  6.52 178 9999.0 999.0 999.0 999.0 99.0 99.00
2017 09 19 10 50 999 99.0 99.0  1.35  9.09  6.25 137 9999.0 999.0 999.0 999.0 99.0 99.00
2017 09 19 11 50 999 99.0 99.0  1.49 10.00  6.48 162 9999.0 999.0 999.0 999.0 99.0 99.00
2017 09 19 12 50 999 99.0 99.0  1.44 17.39  6.18 158 9999.0 999.0 999.0 999.0 99.0 99.00
2017 09 19 13 50 999 99.0 99.0  1.49 16.00  6.27 118 9999.0 999.0 999.0 999.0 99.0 99.00
2017 09 19 14 50 999 99.0 99.0  1.54 17.39  6.09 209 9999.0 999.0 999.0 999.0 99.0 99.00
2017 09 19 15 50 999 99.0 99.0  1.63 16.00  6.30 177 9999.0 999.0 999.0 999.0 99.0 99.00
2017 09 19 16 50 999 99.0 99.0  1.55 16.00  6.11 140 9999.0 999.0 999.0 999.0 99.0 99.00
2017 09 19 17 50 999 99.0 99.0  1.54 16.00  6.42 155 9999.0 999.0 999.0 999.0 99.0 99.00
2017 09 19 18 50 999 99.0 99.0  1.54 16.00  6.14 194 9999.0 999.0 999.0 999.0 99.0 99.00
2017 09 19 19 50 999 99.0 99.0  1.63 16.00  6.73 200 9999.0 999.0 999.0 999.0 99.0 99.00
2017 09 19 20 50 999 99.0 99.0  1.72 16.00  6.21 177 9999.0 999.0 999.0 999.0 99.0 99.00
2017 09 19 21 50 999 99.0 99.0  1.73 14.81  6.15 192 9999.0 999.0 999.0 999.0 99.0 99.00
2017 09 19 22 50 999 99.0 99.0  1.79 14.81  6.02 194 9999.0 999.0 999.0 999.0 99.0 99.00
2017 09 19 23 50 999 99.0 99.0  1.88 14.81  6.20 191 9999.0 999.0 999.0 999.0 99.0 99.00
2017 09 20 00 50 999 99.0 99.0  1.88 14.81  6.33 187 9999.0 999.0 999.0 999.0 99.0 99.00
2017 09 20 01 50 999 99.0 99.0  1.87 14.81  5.56 200 9999.0 999.0 999.0 999.0 99.0 99.00
2017 09 20 02 50 999 99.0 99.0  2.18 14.81  5.94 166 9999.0 999.0 999.0 999.0 99.0 99.00
2017 09 20 03 50 999 99.0 99.0  2.37 14.81  5.94 212 9999.0 999.0 999.0 999.0 99.0 99.00
2017 09 20 04 50 999 99.0 99.0  2.51  6.67  5.92 196 9999.0 999.0 999.0 999.0 99.0 99.00
2017 09 20 05 50 999 99.0 99.0  2.63 14.81  6.55 171 9999.0 999.0 999.0 999.0 99.0 99.00
2017 09 20 06 50 999 99.0 99.0  2.71 12.90  6.34 207 9999.0 999.0 999.0 999.0 99.0 99.00
2017 09 20 07 50 999 99.0 99.0  2.72  7.14  6.23 170 9999.0 999.0 999.0 999.0 99.0 99.00
2017 09 20 08 50 999 99.0 99.0  2.77  7.14  6.33 167 9999.0 999.0 999.0 999.0 99.0 99.00
2017 09 20 09 50 999 99.0 99.0  2.78 12.90  6.59 204 9999.0 999.0 999.0 999.0 99.0 99.00
2017 09 20 10 50 999 99.0 99.0  2.89 12.90  6.44 221 9999.0 999.0 999.0 999.0 99.0 99.00
2017 09 20 11 50 999 99.0 99.0  3.07 12.90  6.36 222 9999.0 999.0 999.0 999.0 99.0 99.00
2017 09 20 12 50 999 99.0 99.0  2.96  7.69  6.33 150 9999.0 999.0 999.0 999.0 99.0 99.00
2017 09 20 13 50 999 99.0 99.0  2.99 12.90  6.61 205 9999.0 999.0 999.0 999.0 99.0 99.00
2017 09 20 14 50 999 99.0 99.0  3.16  7.69  6.67 162 9999.0 999.0 999.0 999.0 99.0 99.00
2017 09 20 15 50 999 99.0 99.0  2.94 12.12  6.35 231 9999.0 999.0 999.0 999.0 99.0 99.00
2017 09 20 16 50 999 99.0 99.0  3.42  7.69  6.59 158 9999.0 999.0 999.0 999.0 99.0 99.00
2017 09 20 17 50 999 99.0 99.0  3.02  7.69  6.31 161 9999.0 999.0 999.0 999.0 99.0 99.00
2017 09 20 18 50 999 99.0 99.0  3.38  7.69  6.62 158 9999.0 999.0 999.0 999.0 99.0 99.00
2017 09 20 19 50 999 99.0 99.0  3.22  7.69  6.66 174 9999.0 999.0 999.0 999.0 99.0 99.00
2017 09 20 20 50 999 99.0 99.0  3.18  7.69  6.50 167 9999.0 999.0 999.0 999.0 99.0 99.00
2017 09 20 21 50 999 99.0 99.0  3.45  7.69  6.72 156 9999.0 999.0 999.0 999.0 99.0 99.00
2017 09 20 22 50 999 99.0 99.0  3.22  8.33  6.79 159 9999.0 999.0 999.0 999.0 99.0 99.00
2017 09 20 23 50 999 99.0 99.0  3.04  7.69  6.46 165 9999.0 999.0 999.0 999.0 99.0 99.00
2017 09 21 00 50 999 99.0 99.0  3.12  8.33  6.46 149 9999.0 999.0 999.0 999.0 99.0 99.00
2017 09 21 01 50 999 99.0 99.0  3.14  7.69  6.48 145 9999.0 999.0 999.0 999.0 99.0 99.00
2017 09 21 02 50 999 99.0 99.0  3.08  8.33  6.49 160 9999.0 999.0 999.0 999.0 99.0 99.00
2017 09 21 03 50 999 99.0 99.0  3.14  8.33  6.79 151 9999.0 999.0 999.0 999.0 99.0 99.00
2017 09 21 04 50 999 99.0 99.0  3.01  7.69  6.58 134 9999.0 999.0 999.0 999.0 99.0 99.00
2017 09 21 05 50 999 99.0 99.0  3.18  7.69  6.61 140 9999.0 999.0 999.0 999.0 99.0 99.00
2017 09 21 06 50 999 99.0 99.0  3.08  8.33  6.70 147 9999.0 999.0 999.0 999.0 99.0 99.00
2017 09 21 07 50 999 99.0 99.0  3.19  8.33  6.63 130 9999.0 999.0 999.0 999.0 99.0 99.00
2017 09 21 08 50 999 99.0 99.0  2.82  7.69  6.39 145 9999.0 999.0 999.0 999.0 99.0 99.00
2017 09 21 09 50 999 99.0 99.0  3.40  8.33  6.82 146 9999.0 999.0 999.0 999.0 99.0 99.00
2017 09 21 10 50 999 99.0 99.0  3.12  8.33  6.40 140 9999.0 999.0 999.0 999.0 99.0 99.00
2017 09 21 11 50 999 99.0 99.0  3.15  7.69  6.54 128 9999.0 999.0 999.0 999.0 99.0 99.00
2017 09 21 12 50 999 99.0 99.0  3.17  7.69  6.35 135 9999.0 999.0 999.0 999.0 99.0 99.00
2017 09 21 13 50 999 99.0 99.0  3.09  8.33  6.56 148 9999.0 999.0 999.0 999.0 99.0 99.00
2017 09 21 14 50 999 99.0 99.0  2.92  8.33  6.33 156 9999.0 999.0 999.0 999.0 99.0 99.00
2017 09 21 15 50 999 99.0 99.0  2.90  8.33  6.33 134 9999.0 999.0 999.0 999.0 99.0 99.00
2017 09 21 16 50 999 99.0 99.0  3.14  8.33  6.53 129 9999.0 999.0 999.0 999.0 99.0 99.00
2017 09 21 17 50 999 99.0 99.0  3.10  8.33  6.48 136 9999.0 999.0 999.0 999.0 99.0 99.00
2017 09 21 18 50 999 99.0 99.0  2.86  7.69  6.29 143 9999.0 999.0 999.0 999.0 99.0 99.00
2017 09 21 19 50 999 99.0 99.0  3.36  8.33  6.85 133 9999.0 999.0 999.0 999.0 99.0 99.00
2017 09 21 20 50 999 99.0 99.0  3.20  8.33  6.73 138 9999.0 999.0 999.0 999.0 99.0 99.00
2017 09 21 21 50 999 99.0 99.0  2.83  9.09  6.36 127 9999.0 999.0 999.0 999.0 99.0 99.00
2017 09 21 22 50 999 99.0 99.0  2.88  8.33  6.37 129 9999.0 999.0 999.0 999.0 99.0 99.00
2017 09 21 23 50 999 99.0 99.0  2.95  8.33  6.47 146 9999.0 999.0 999.0 999.0 99.0 99.00
2017 09 22 00 50 999 99.0 99.0  3.14  8.33  6.56 140 9999.0 999.0 999.0 999.0 99.0 99.00
2017 09 22 01 50 999 99.0 99.0  3.00  8.33  6.47 134 9999.0 999.0 999.0 999.0 99.0 99.00
2017 09 22 02 50 999 99.0 99.0  3.02  8.33  6.47 132 9999.0 999.0 999.0 999.0 99.0 99.00
2017 09 22 03 50 999 99.0 99.0  2.77  8.33  6.19 119 9999.0 999.0 999.0 999.0 99.0 99.00
2017 09 22 04 50 999 99.0 99.0  2.88  8.33  6.46 141 9999.0 999.0 999.0 999.0 99.0 99.00
2017 09 22 05 50 999 99.0 99.0  2.96  8.33  6.48 145 9999.0 999.0 999.0 999.0 99.0 99.00
2017 09 22 06 50 999 99.0 99.0  2.87  8.33  6.39 136 9999.0 999.0 999.0 999.0 99.0 99.00
2017 09 22 07 50 999 99.0 99.0  2.80  7.69  6.36 129 9999.0 999.0 999.0 999.0 99.0 99.00
2017 09 22 08 50 999 99.0 99.0  3.04  8.33  6.48 135 9999.0 999.0 999.0 999.0 99.0 99.00
2017 09 22 09 50 999 99.0 99.0  2.95  8.33  6.41 143 9999.0 999.0 999.0 999.0 99.0 99.00
2017 09 22 10 50 999 99.0 99.0  2.95  9.09  6.49 145 9999.0 999.0 999.0 999.0 99.0 99.00
2017 09 22 11 50 999 99.0 99.0  3.01  8.33  6.61 128 9999.0 999.0 999.0 999.0 99.0 99.00
2017 09 22 12 50 999 99.0 99.0  2.89  8.33  6.48 130 9999.0 999.0 999.0 999.0 99.0 99.00
2017 09 22 13 50 999 99.0 99.0  2.92  8.33  6.53 143 9999.0 999.0 999.0 999.0 99.0 99.00
2017 09 22 14 50 999 99.0 99.0  2.77  8.33  6.43 128 9999.0 999.0 999.0 999.0 99.0 99.00
2017 09 22 15 50 999 99.0 99.0  2.81  8.33  6.41 139 9999.0 999.0 999.0 999.0 99.0 99.00
2017 09 22 16 50 999 99.0 99.0  2.88  8.33  6.59 128 9999.0 999.0 999.0 999.0 99.0 99.00
2017 09 22 17 50 999 99.0 99.0  2.94  8.33  6.73 145 9999.0 999.0 999.0 999.0 99.0 99.00
2017 09 22 18 50 999 99.0 99.0  2.59  9.09  6.18 134 9999.0 999.0 999.0 999.0 99.0 99.00
2017 09 22 19 50 999 99.0 99.0  2.87  8.33  6.53 133 9999.0 999.0 999.0 999.0 99.0 99.00
2017 09 22 20 50 999 99.0 99.0  2.51  8.33  6.30 129 9999.0 999.0 999.0 999.0 99.0 99.00
2017 09 22 21 50 999 99.0 99.0  2.35  8.33  6.16 142 9999.0 999.0 999.0 999.0 99.0 99.00
2017 09 22 22 50 999 99.0 99.0  2.38  9.09  6.37 130 9999.0 999.0 999.0 999.0 99.0 99.00
2017 09 22 23 50 999 99.0 99.0  2.26  9.09  6.08 137 9999.0 999.0 999.0 999.0 99.0 99.00
2017 09 23 00 50 999 99.0 99.0  2.32  8.33  6.25 129 9999.0 999.0 999.0 999.0 99.0 99.00
2017 09 23 01 50 999 99.0 99.0  2.46  8.33  6.43 133 9999.0 999.0 999.0 999.0 99.0 99.00
2017 09 23 02 50 999 99.0 99.0  2.50  9.09  6.49 143 9999.0 999.0 999.0 999.0 99.0 99.00
2017 09 23 03 50 999 99.0 99.0  2.25  9.09  6.31 126 9999.0 999.0 999.0 999.0 99.0 99.00
2017 09 23 04 50 999 99.0 99.0  2.31  8.33  6.15 129 9999.0 999.0 999.0 999.0 99.0 99.00
2017 09 23 05 50 999 99.0 99.0  2.23  9.09  6.34 131 9999.0 999.0 999.0 999.0 99.0 99.00
2017 09 23 06 50 999 99.0 99.0  2.42  9.09  6.49 139 9999.0 999.0 999.0 999.0 99.0 99.00
2017 09 23 07 50 999 99.0 99.0  2.28  8.33  6.24 131 9999.0 999.0 999.0 999.0 99.0 99.00
2017 09 23 08 50 999 99.0 99.0  2.47  9.09  6.53 130 9999.0 999.0 999.0 999.0 99.0 99.00
2017 09 23 09 50 999 99.0 99.0  2.47  8.33  6.59 130 9999.0 999.0 999.0 999.0 99.0 99.00
2017 09 23 10 50 999 99.0 99.0  2.36  9.09  6.39 133 9999.0 999.0 999.0 999.0 99.0 99.00
2017 09 23 11 50 999 99.0 99.0  2.39  8.33  6.49 137 9999.0 999.0 999.0 999.0 99.0 99.00
2017 09 23 12 50 999 99.0 99.0  2.27  9.09  6.25 136 9999.0 999.0 999.0 999.0 99.0 99.00
2017 09 23 13 50 999 99.0 99.0  2.22  9.09  6.36 130 9999.0 999.0 999.0 999.0 99.0 99.00
2017 09 23 14 50 999 99.0 99.0  2.28  9.09  6.42 133 9999.0 999.0 999.0 999.0 99.0 99.00
2017 09 23 15 50 999 99.0 99.0  2.15  8.33  6.31 136 9999.0 999.0 999.0 999.0 99.0 99.00
2017 09 23 16 50 999 99.0 99.0  2.36  9.09  6.41 136 9999.0 999.0 999.0 999.0 99.0 99.00
2017 09 23 17 50 999 99.0 99.0  2.10  9.09  5.89 124 9999.0 999.0 999.0 999.0 99.0 99.00
2017 09 23 18 50 999 99.0 99.0  2.33  8.33  6.41 137 9999.0 999.0 999.0 999.0 99.0 99.00
2017 09 23 19 50 999 99.0 99.0  2.37  9.09  6.31 135 9999.0 999.0 999.0 999.0 99.0 99.00
2017 09 23 20 50 999 99.0 99.0  2.30  9.09  6.51 131 9999.0 999.0 999.0 999.0 99.0 99.00
2017 09 23 21 50 999 99.0 99.0  2.29  9.09  6.22 133 9999.0 999.0 999.0 999.0 99.0 99.00
2017 09 23 22 50 999 99.0 99.0  2.29  9.09  6.43 145 9999.0 999.0 999.0 999.0 99.0 99.00
2017 09 23 23 50 999 99.0 99.0  2.42  7.69  6.38 133 9999.0 999.0 999.0 999.0 99.0 99.00
2017 09 24 00 50 999 99.0 99.0  2.32 10.00  6.42 150 9999.0 999.0 999.0 999.0 99.0 99.00
2017 09 24 01 50 999 99.0 99.0  2.27  7.69  6.31 137 9999.0 999.0 999.0 999.0 99.0 99.00
2017 09 24 02 50 999 99.0 99.0  2.32 10.00  6.36 135 9999.0 999.0 999.0 999.0 99.0 99.00
2017 09 24 03 50 999 99.0 99.0  2.16  8.33  6.21 136 9999.0 999.0 999.0 999.0 99.0 99.00
2017 09 24 04 50 999 99.0 99.0  2.25 10.81  6.42 131 9999.0 999.0 999.0 999.0 99.0 99.00
2017 09 24 05 50 999 99.0 99.0  2.25  7.69  6.28 133 9999.0 999.0 999.0 999.0 99.0 99.00
2017 09 24 06 50 999 99.0 99.0  2.30 10.81  6.59 137 9999.0 999.0 999.0 999.0 99.0 99.00
2017 09 24 07 50 999 99.0 99.0  2.42 10.00  6.62 146 9999.0 999.0 999.0 999.0 99.0 99.00
2017 09 24 08 50 999 99.0 99.0  2.32 10.00  6.32 152 9999.0 999.0 999.0 999.0 99.0 99.00
2017 09 24 09 50 999 99.0 99.0  2.45 10.00  6.57 142 9999.0 999.0 999.0 999.0 99.0 99.00
2017 09 24 10 50 999 99.0 99.0  2.45 10.81  6.49 128 9999.0 999.0 999.0 999.0 99.0 99.00
2017 09 24 11 50 999 99.0 99.0  2.45 10.00  6.62 135 9999.0 999.0 999.0 999.0 99.0 99.00
2017 09 24 12 50 999 99.0 99.0  2.31 12.90  6.30 215 9999.0 999.0 999.0 999.0 99.0 99.00
2017 09 24 13 50 999 99.0 99.0  2.36 12.12  6.20 206 9999.0 999.0 999.0 999.0 99.0 99.00
2017 09 24 14 50 999 99.0 99.0  2.34  9.09  6.07 137 9999.0 999.0 999.0 999.0 99.0 99.00
2017 09 24 15 50 999 99.0 99.0  2.40  8.33  6.14 158 9999.0 999.0 999.0 999.0 99.0 99.00
2017 09 24 16 50 999 99.0 99.0  2.27 12.12  6.22 216 9999.0 999.0 999.0 999.0 99.0 99.00
2017 09 24 17 50 999 99.0 99.0  2.14 10.00  5.96 151 9999.0 999.0 999.0 999.0 99.0 99.00
2017 09 24 18 50 999 99.0 99.0  2.24 12.90  6.19 239 9999.0 999.0 999.0 999.0 99.0 99.00
2017 09 24 19 50 999 99.0 99.0  2.15 10.00  6.07 127 9999.0 999.0 999.0 999.0 99.0 99.00
2017 09 24 20 50 999 99.0 99.0  2.28 12.12  6.20 224 9999.0 999.0 999.0 999.0 99.0 99.00
2017 09 24 21 50 999 99.0 99.0  2.23  9.09  5.89 162 9999.0 999.0 999.0 999.0 99.0 99.00
2017 09 24 22 50 999 99.0 99.0  2.35 10.00  5.93 134 9999.0 999.0 999.0 999.0 99.0 99.00
2017 09 24 23 50 999 99.0 99.0  2.28  7.69  5.94 127 9999.0 999.0 999.0 999.0 99.0 99.00
2017 09 25 00 50 999 99.0 99.0  2.35  9.09  6.01 145 9999.0 999.0 999.0 999.0 99.0 99.00
2017 09 25 01 50 999 99.0 99.0  2.23  8.33  5.86 139 9999.0 999.0 999.0 999.0 99.0 99.00
2017 09 25 02 50 999 99.0 99.0  2.30  7.14  5.76 126 9999.0 999.0 999.0 999.0 99.0 99.00
2017 09 25 03 50 999 99.0 99.0  2.41  7.69  5.86 127 9999.0 999.0 999.0 999.0 99.0 99.00
2017 09 25 04 50 999 99.0 99.0  2.15  6.25  5.84 130 9999.0 999.0 999.0 999.0 99.0 99.00
2017 09 25 05 50 999 99.0 99.0  2.30  7.14  5.97 131 9999.0 999.0 999.0 999.0 99.0 99.00
2017 09 25 06 50 999 99.0 99.0  2.36  7.14  5.89 139 9999.0 999.0 999.0 999.0 99.0 99.00
2017 09 25 07 50 999 99.0 99.0  2.28  9.09  5.92 130 9999.0 999.0 999.0 999.0 99.0 99.00
2017 09 25 08 50 999 99.0 99.0  2.39  7.14  6.04 132 9999.0 999.0 999.0 999.0 99.0 99.00
2017 09 25 09 50 999 99.0 99.0  2.25  7.14  5.94 126 9999.0 999.0 999.0 999.0 99.0 99.00
2017 09 25 10 50 999 99.0 99.0  2.30  7.69  5.94 131 9999.0 999.0 999.0 999.0 99.0 99.00
2017 09 25 11 50 999 99.0 99.0  2.37  7.14  5.93 129 9999.0 999.0 999.0 999.0 99.0 99.00
2017 09 25 12 50 999 99.0 99.0  2.19  7.69  5.78 141 9999.0 999.0 999.0 999.0 99.0 99.00
2017 09 25 13 50 999 99.0 99.0  2.30  7.14  6.02 117 9999.0 999.0 999.0 999.0 99.0 99.00
2017 09 25 14 50 999 99.0 99.0  2.32  7.14  5.88 132 9999.0 999.0 999.0 999.0 99.0 99.00
2017 09 25 15 50 999 99.0 99.0  2.22  7.69  5.96 132 9999.0 999.0 999.0 999.0 99.0 99.00
2017 09 25 16 50 999 99.0 99.0  2.06  7.14  5.74 123 9999.0 999.0 999.0 999.0 99.0 99.00
2017 09 25 17 50 999 99.0 99.0  2.16  7.69  6.00 127 9999.0 999.0 999.0 999.0 99.0 99.00
2017 09 25 18 50 999 99.0 99.0  2.08  7.14  5.87 126 9999.0 999.0 999.0 999.0 99.0 99.00
2017 09 25 19 50 999 99.0 99.0  2.14  7.69  5.93 128 9999.0 999.0 999.0 999.0 99.0 99.00
2017 09 25 20 50 999 99.0 99.0  2.07  7.69  5.75 122 9999.0 999.0 999.0 999.0 99.0 99.00
2017 09 25 21 50 999 99.0 99.0  2.20  7.69  6.02 126 9999.0 999.0 999.0 999.0 99.0 99.00
2017 09 25 22 50 999 99.0 99.0  2.00  7.69  5.89 127 9999.0 999.0 999.0 999.0 99.0 99.00
2017 09 25 23 50 999 99.0 99.0  2.12  7.69  5.90 134 9999.0 999.0 999.0 999.0 99.0 99.00
2017 09 26 00 50 999 99.0 99.0  2.24  7.69  6.08 129 9999.0 999.0 999.0 999.0 99.0 99.00
2017 09 26 01 50 999 99.0 99.0  2.22  7.69  6.07 131 9999.0 999.0 999.0 999.0 99.0 99.00
2017 09 26 02 50 999 99.0 99.0  2.30  7.14  6.07 135 9999.0 999.0 999.0 999.0 99.0 99.00
2017 09 26 03 50 999 99.0 99.0  2.36  7.69  6.09 141 9999.0 999.0 999.0 999.0 99.0 99.00
2017 09 26 04 50 999 99.0 99.0  2.24 11.43  6.10 202 9999.0 999.0 999.0 999.0 99.0 99.00
2017 09 26 05 50 999 99.0 99.0  2.28  7.14  5.96 126 9999.0 999.0 999.0 999.0 99.0 99.00
2017 09 26 06 50 999 99.0 99.0  2.42 11.43  6.21 211 9999.0 999.0 999.0 999.0 99.0 99.00
2017 09 26 07 50 999 99.0 99.0  2.44  7.69  6.26 136 9999.0 999.0 999.0 999.0 99.0 99.00
2017 09 26 08 50 999 99.0 99.0  2.36  6.67  6.17 112 9999.0 999.0 999.0 999.0 99.0 99.00
2017 09 26 09 50 999 99.0 99.0  2.41 12.12  6.17 214 9999.0 999.0 999.0 999.0 99.0 99.00
2017 09 26 10 50 999 99.0 99.0  2.43  7.14  6.10 135 9999.0 999.0 999.0 999.0 99.0 99.00
2017 09 26 11 50 999 99.0 99.0  2.49  7.69  6.08 132 9999.0 999.0 999.0 999.0 99.0 99.00
2017 09 26 12 50 999 99.0 99.0  2.39  8.33  6.23 126 9999.0 999.0 999.0 999.0 99.0 99.00
2017 09 26 13 50 999 99.0 99.0  2.52  7.69  6.32 129 9999.0 999.0 999.0 999.0 99.0 99.00
2017 09 26 14 50 999 99.0 99.0  2.34 11.43  6.50 212 9999.0 999.0 999.0 999.0 99.0 99.00
2017 09 26 15 50 999 99.0 99.0  2.40  7.69  6.51 134 9999.0 999.0 999.0 999.0 99.0 99.00
2017 09 26 16 50 999 99.0 99.0  2.13  7.69  6.37 132 9999.0 999.0 999.0 999.0 99.0 99.00
2017 09 26 17 50 999 99.0 99.0  2.27 12.90  6.50 217 9999.0 999.0 999.0 999.0 99.0 99.00
2017 09 26 18 50 999 99.0 99.0  2.14 12.12  6.38 212 9999.0 999.0 999.0 999.0 99.0 99.00
2017 09 26 19 50 999 99.0 99.0  2.32 12.12  6.70 212 9999.0 999.0 999.0 999.0 99.0 99.00
2017 09 26 20 50 999 99.0 99.0  2.12 10.81  6.39 200 9999.0 999.0 999.0 999.0 99.0 99.00
2017 09 26 21 50 999 99.0 99.0  2.12 12.12  6.70 214 9999.0 999.0 999.0 999.0 99.0 99.00
2017 09 26 22 50 999 99.0 99.0  2.15 11.43  6.58 214 9999.0 999.0 999.0 999.0 99.0 99.00
2017 09 26 23 50 999 99.0 99.0  1.96 10.81  6.34 206 9999.0 999.0 999.0 999.0 99.0 99.00
2017 09 27 00 50 999 99.0 99.0  2.12  7.69  6.52 130 9999.0 999.0 999.0 999.0 99.0 99.00
2017 09 27 01 50 999 99.0 99.0  2.15  7.69  6.57 124 9999.0 999.0 999.0 999.0 99.0 99.00
2017 09 27 02 50 999 99.0 99.0  2.28 11.43  6.61 207 9999.0 999.0 999.0 999.0 99.0 99.00
2017 09 27 03 50 999 99.0 99.0  2.00 10.81  6.19 210 9999.0 999.0 999.0 999.0 99.0 99.00
2017 09 27 04 50 999 99.0 99.0  2.27 11.43  6.83 214 9999.0 999.0 999.0 999.0 99.0 99.00
2017 09 27 05 50 999 99.0 99.0  2.05 14.81  6.46 197 9999.0 999.0 999.0 999.0 99.0 99.00
2017 09 27 06 50 999 99.0 99.0  2.16 13.79  6.56 185 9999.0 999.0 999.0 999.0 99.0 99.00
2017 09 27 07 50 999 99.0 99.0  2.07 13.79  6.80 203 9999.0 999.0 999.0 999.0 99.0 99.00
2017 09 27 08 50 999 99.0 99.0  2.08 12.90  6.72 195 9999.0 999.0 999.0 999.0 99.0 99.00
2017 09 27 09 50 999 99.0 99.0  2.23 13.79  7.05 201 9999.0 999.0 999.0 999.0 99.0 99.00
2017 09 27 10 50 999 99.0 99.0  2.28 13.79  6.93 192 9999.0 999.0 999.0 999.0 99.0 99.00
2017 09 27 11 50 999 99.0 99.0  2.28 12.90  7.02 192 9999.0 999.0 999.0 999.0 99.0 99.00
2017 09 27 12 50 999 99.0 99.0  2.08 12.90  6.76 197 9999.0 999.0 999.0 999.0 99.0 99.00
2017 09 27 13 50 999 99.0 99.0  2.35 13.79  7.22 207 9999.0 999.0 999.0 999.0 99.0 99.00
2017 09 27 14 50 999 99.0 99.0  2.24 12.90  7.17 208 9999.0 999.0 999.0 999.0 99.0 99.00
2017 09 27 15 50 999 99.0 99.0  2.13 13.79  6.78 181 9999.0 999.0 999.0 999.0 99.0 99.00
2017 09 27 16 50 999 99.0 99.0  2.13 12.90  6.91 196 9999.0 999.0 999.0 999.0 99.0 99.00
2017 09 27 17 50 999 99.0 99.0  2.15 12.90  7.17 200 9999.0 999.0 999.0 999.0 99.0 99.00
2017 09 27 18 50 999 99.0 99.0  2.15 12.90  7.33 207 9999.0 999.0 999.0 999.0 99.0 99.00
2017 09 27 19 50 999 99.0 99.0  2.09 12.90  7.46 206 9999.0 999.0 999.0 999.0 99.0 99.00
2017 09 27 20 50 999 99.0 99.0  2.15 12.90  7.53 198 9999.0 999.0 999.0 999.0 99.0 99.00
2017 09 27 21 50 999 99.0 99.0  2.07 12.90  7.18 204 9999.0 999.0 999.0 999.0 99.0 99.00
2017 09 27 22 50 999 99.0 99.0  1.99 13.79  7.13 187 9999.0 999.0 999.0 999.0 99.0 99.00
2017 09 27 23 50 999 99.0 99.0  2.00 12.90  7.14 183 9999.0 999.0 999.0 999.0 99.0 99.00
2017 09 28 00 50 999 99.0 99.0  2.01 12.90  6.88 202 9999.0 999.0 999.0 999.0 99.0 99.00
2017 09 28 01 50 999 99.0 99.0  1.94 13.79  6.93 235 9999.0 999.0 999.0 999.0 99.0 99.00
2017 09 28 02 50 999 99.0 99.0  1.95 12.12  6.97 205 9999.0 999.0 999.0 999.0 99.0 99.00
2017 09 28 03 50 999 99.0 99.0  1.96 12.90  7.11 204 9999.0 999.0 999.0 999.0 99.0 99.00
2017 09 28 04 50 999 99.0 99.0  1.97 13.79  6.99 190 9999.0 999.0 999.0 999.0 99.0 99.00
2017 09 28 05 50 999 99.0 99.0  1.96  9.09  6.94 144 9999.0 999.0 999.0 999.0 99.0 99.00
2017 09 28 06 50 999 99.0 99.0  1.86 10.00  6.66 171 9999.0 999.0 999.0 999.0 99.0 99.00
2017 09 28 07 50 999 99.0 99.0  1.78 13.79  6.69 219 9999.0 999.0 999.0 999.0 99.0 99.00
2017 09 28 08 50 999 99.0 99.0  1.83  9.09  6.50 145 9999.0 999.0 999.0 999.0 99.0 99.00
2017 09 28 09 50 999 99.0 99.0  1.72 12.90  6.45 208 9999.0 999.0 999.0 999.0 99.0 99.00
2017 09 28 10 50 999 99.0 99.0  1.79  9.09  6.29 139 9999.0 999.0 999.0 999.0 99.0 99.00
2017 09 28 11 50 999 99.0 99.0  1.78  9.09  6.19 134 9999.0 999.0 999.0 999.0 99.0 99.00
2017 09 28 12 50 999 99.0 99.0  1.99  9.09  6.84 140 9999.0 999.0 999.0 999.0 99.0 99.00
2017 09 28 13 50 999 99.0 99.0  1.79 13.79  6.55 192 9999.0 999.0 999.0 999.0 99.0 99.00
2017 09 28 14 50 999 99.0 99.0  1.93 12.90  6.69 211 9999.0 999.0 999.0 999.0 99.0 99.00
2017 09 28 15 50 999 99.0 99.0  1.79 12.12  6.45 187 9999.0 999.0 999.0 999.0 99.0 99.00
2017 09 28 16 50 999 99.0 99.0  2.00 12.90  6.73 220 9999.0 999.0 999.0 999.0 99.0 99.00
2017 09 28 17 50 999 99.0 99.0  1.88 12.90  6.77 218 9999.0 999.0 999.0 999.0 99.0 99.00
2017 09 28 18 50 999 99.0 99.0  1.82 12.90  6.63 194 9999.0 999.0 999.0 999.0 99.0 99.00
2017 09 28 19 50 999 99.0 99.0  1.72  9.09  6.67 143 9999.0 999.0 999.0 999.0 99.0 99.00
2017 09 28 20 50 999 99.0 99.0  1.80 10.81  6.83 182 9999.0 999.0 999.0 999.0 99.0 99.00
2017 09 28 21 50 999 99.0 99.0  1.81 12.90  7.10 211 9999.0 999.0 999.0 999.0 99.0 99.00
2017 09 28 22 50 999 99.0 99.0  1.69 12.12  6.99 195 9999.0 999.0 999.0 999.0 99.0 99.00
2017 09 28 23 50 999 99.0 99.0  1.72 12.90  6.95 234 9999.0 999.0 999.0 999.0 99.0 99.00
2017 09 29 00 50 999 99.0 99.0  1.69  9.09  7.02 146 9999.0 999.0 999.0 999.0 99.0 99.00
2017 09 29 01 50 999 99.0 99.0  1.70 12.90  7.08 203 9999.0 999.0 999.0 999.0 99.0 99.00
2017 09 29 02 50 999 99.0 99.0  1.59  8.33  6.73 148 9999.0 999.0 999.0 999.0 99.0 99.00
2017 09 29 03 50 999 99.0 99.0  1.73 11.43  7.07 195 9999.0 999.0 999.0 999.0 99.0 99.00
2017 09 29 04 50 999 99.0 99.0  1.58 12.12  6.55 199 9999.0 999.0 999.0 999.0 99.0 99.00
2017 09 29 05 50 999 99.0 99.0  1.70  9.09  6.52 139 9999.0 999.0 999.0 999.0 99.0 99.00
2017 09 29 06 50 999 99.0 99.0  1.60  8.33  6.18 141 9999.0 999.0 999.0 999.0 99.0 99.00
2017 09 29 07 50 999 99.0 99.0  1.55  9.09  6.01 148 9999.0 999.0 999.0 999.0 99.0 99.00
2017 09 29 08 50 999 99.0 99.0  1.53  8.33  5.79 140 9999.0 999.0 999.0 999.0 99.0 99.00
2017 09 29 09 50 999 99.0 99.0  1.55  8.33  5.66 155 9999.0 999.0 999.0 999.0 99.0 99.00
2017 09 29 10 50 999 99.0 99.0  1.70  8.33  5.99 140 9999.0 999.0 999.0 999.0 99.0 99.00
2017 09 29 11 50 999 99.0 99.0  1.62  9.09  5.34 147 9999.0 999.0 999.0 999.0 99.0 99.00
2017 09 29 12 50 999 99.0 99.0  1.61 11.43  5.56 196 9999.0 999.0 999.0 999.0 99.0 99.00
2017 09 29 13 50 999 99.0 99.0  1.68 12.12  5.38 190 9999.0 999.0 999.0 999.0 99.0 99.00
2017 09 29 14 50 999 99.0 99.0  1.68  5.00  5.26 121 9999.0 999.0 999.0 999.0 99.0 99.00
2017 09 29 15 50 999 99.0 99.0  1.68 12.12  5.53 222 9999.0 999.0 999.0 999.0 99.0 99.00
2017 09 29 16 50 999 99.0 99.0  1.58  5.56  5.40 127 9999.0 999.0 999.0 999.0 99.0 99.00
2017 09 29 17 50 999 99.0 99.0  1.64  9.09  5.58 160 9999.0 999.0 999.0 999.0 99.0 99.00
2017 09 29 18 50 999 99.0 99.0  1.54  9.09  5.46 150 9999.0 999.0 999.0 999.0 99.0 99.00
2017 09 29 19 50 999 99.0 99.0  1.54  9.09  5.60 140 9999.0 999.0 999.0 999.0 99.0 99.00
2017 09 29 20 50 999 99.0 99.0  1.50 12.12  5.59 218 9999.0 999.0 999.0 999.0 99.0 99.00
2017 09 29 21 50 999 99.0 99.0  1.46  5.56  5.67 114 9999.0 999.0 999.0 999.0 99.0 99.00
2017 09 29 22 50 999 99.0 99.0  1.47  9.09  5.71 154 9999.0 999.0 999.0 999.0 99.0 99.00
2017 09 29 23 50 999 99.0 99.0  1.50  5.88  5.54 131 9999.0 999.0 999.0 999.0 99.0 99.00
2017 09 30 00 50 999 99.0 99.0  1.49 11.43  5.54 224 9999.0 999.0 999.0 999.0 99.0 99.00
2017 09 30 01 50 999 99.0 99.0  1.59  9.09  5.36 140 9999.0 999.0 999.0 999.0 99.0 99.00
2017 09 30 02 50 999 99.0 99.0  1.52  5.88  5.30 125 9999.0 999.0 999.0 999.0 99.0 99.00
2017 09 30 03 50 999 99.0 99.0  1.53 10.81  5.40 176 9999.0 999.0 999.0 999.0 99.0 99.00
2017 09 30 04 50 999 99.0 99.0  1.51  5.88  5.33 115 9999.0 999.0 999.0 999.0 99.0 99.00
2017 09 30 05 50 999 99.0 99.0  1.49 10.81  5.31 187 9999.0 999.0 999.0 999.0 99.0 99.00
2017 09 30 06 50 999 99.0 99.0  1.51  9.09  5.37 149 9999.0 999.0 999.0 999.0 99.0 99.00
2017 09 30 07 50 999 99.0 99.0  1.61 17.39  5.38 192 9999.0 999.0 999.0 999.0 99.0 99.00
2017 09 30 08 50 999 99.0 99.0  1.62  5.26  5.25 109 9999.0 999.0 999.0 999.0 99.0 99.00
2017 09 30 09 50 999 99.0 99.0  1.65  5.26  5.19 125 9999.0 999.0 999.0 999.0 99.0 99.00
2017 09 30 10 50 999 99.0 99.0  1.63 16.00  5.35 186 9999.0 999.0 999.0 999.0 99.0 99.00
2017 09 30 11 50 999 99.0 99.0  1.70  5.56  5.23 118 9999.0 999.0 999.0 999.0 99.0 99.00
2017 09 30 12 50 999 99.0 99.0  1.68 16.00  5.26 156 9999.0 999.0 999.0 999.0 99.0 99.00
2017 09 30 13 50 999 99.0 99.0  1.70 16.00  5.39 178 9999.0 999.0 999.0 999.0 99.0 99.00
2017 09 30 14 50 999 99.0 99.0  1.77 16.00  5.45 202 9999.0 999.0 999.0 999.0 99.0 99.00
2017 09 30 15 50 999 99.0 99.0  1.85 16.00  5.40 189 9999.0 999.0 999.0 999.0 99.0 99.00
2017 09 30 16 50 999 99.0 99.0  2.03 16.00  5.54 181 9999.0 999.0 999.0 999.0 99.0 99.00
2017 09 30 17 50 999 99.0 99.0  1.96 14.81  5.50 247 9999.0 999.0 999.0 999.0 99.0 99.00
2017 09 30 18 50 999 99.0 99.0  1.86  6.25  5.58 133 9999.0 999.0 999.0 999.0 99.0 99.00
2017 09 30 19 50 999 99.0 99.0  1.94 14.81  5.70 207 9999.0 999.0 999.0 999.0 99.0 99.00
2017 09 30 20 50 999 99.0 99.0  1.77 14.81  5.48 196 9999.0 999.0 999.0 999.0 99.0 99.00
2017 09 30 21 50 999 99.0 99.0  1.98 14.81  5.80 204 9999.0 999.0 999.0 999.0 99.0 99.00
2017 09 30 22 50 999 99.0 99.0  1.80 14.81  5.56 180 9999.0 999.0 999.0 999.0 99.0 99.00
2017 09 30 23 50 999 99.0 99.0  1.88 14.81  5.56 193 9999.0 999.0 999.0 999.0 99.0 99.00
2017 10 01 00 50 999 99.0 99.0  1.93 14.81  5.61 182 9999.0 999.0 999.0 999.0 99.0 99.00
2017 10 01 01 50 999 99.0 99.0  1.91 14.81  5.54 157 9999.0 999.0 999.0 999.0 99.0 99.00
2017 10 01 02 50 999 99.0 99.0  2.11 13.79  5.86 207 9999.0 999.0 999.0 999.0 99.0 99.00
2017 10 01 03 50 999 99.0 99.0  2.07 13.79  5.94 193 9999.0 999.0 999.0 999.0 99.0 99.00
2017 10 01 04 50 999 99.0 99.0  2.18 13.79  6.00 205 9999.0 999.0 999.0 999.0 99.0 99.00
2017 10 01 05 50 999 99.0 99.0  2.16 13.79  5.93 197 9999.0 999.0 999.0 999.0 99.0 99.00
2017 10 01 06 50 999 99.0 99.0  2.32 13.79  6.05 203 9999.0 999.0 999.0 999.0 99.0 99.00
2017 10 01 07 50 999 99.0 99.0  2.21 13.79  6.02 202 9999.0 999.0 999.0 999.0 99.0 99.00
2017 10 01 08 50 999 99.0 99.0  2.23 13.79  5.97 200 9999.0 999.0 999.0 999.0 99.0 99.00
2017 10 01 09 50 999 99.0 99.0  2.20 13.79  5.96 203 9999.0 999.0 999.0 999.0 99.0 99.00
2017 10 01 10 50 999 99.0 99.0  2.30 13.79  5.96 217 9999.0 999.0 999.0 999.0 99.0 99.00
2017 10 01 11 50 999 99.0 99.0  2.25 13.79  5.82 227 9999.0 999.0 999.0 999.0 99.0 99.00
2017 10 01 12 50 999 99.0 99.0  2.41  6.67  6.06 132 9999.0 999.0 999.0 999.0 99.0 99.00
2017 10 01 13 50 999 99.0 99.0  2.31  6.67  6.11 127 9999.0 999.0 999.0 999.0 99.0 99.00
2017 10 01 14 50 999 99.0 99.0  2.27  6.67  5.75 125 9999.0 999.0 999.0 999.0 99.0 99.00
2017 10 01 15 50 999 99.0 99.0  2.30  7.14  5.90 144 9999.0 999.0 999.0 999.0 99.0 99.00
2017 10 01 16 50 999 99.0 99.0  2.28  7.14  5.91 131 9999.0 999.0 999.0 999.0 99.0 99.00
2017 10 01 17 50 999 99.0 99.0  2.19 12.90  5.94 207 9999.0 999.0 999.0 999.0 99.0 99.00
2017 10 01 18 50 999 99.0 99.0  2.44  7.14  6.12 135 9999.0 999.0 999.0 999.0 99.0 99.00
2017 10 01 19 50 999 99.0 99.0  2.12  6.25  5.63 125 9999.0 999.0 999.0 999.0 99.0 99.00
2017 10 01 20 50 999 99.0 99.0  2.28  6.67  5.76 129 9999.0 999.0 999.0 999.0 99.0 99.00
2017 10 01 21 50 999 99.0 99.0  2.22  6.67  5.84 127 9999.0 999.0 999.0 999.0 99.0 99.00
2017 10 01 22 50 999 99.0 99.0  2.35  7.14  5.82 127 9999.0 999.0 999.0 999.0 99.0 99.00
2017 10 01 23 50 999 99.0 99.0  2.17 12.90  5.97 206 9999.0 999.0 999.0 999.0 99.0 99.00
2017 10 02 00 50 999 99.0 99.0  2.31  7.14  5.77 125 9999.0 999.0 999.0 999.0 99.0 99.00
2017 10 02 01 50 999 99.0 99.0  2.28 13.79  5.87 205 9999.0 999.0 999.0 999.0 99.0 99.00
2017 10 02 02 50 999 99.0 99.0  2.43  6.67  5.88 129 9999.0 999.0 999.0 999.0 99.0 99.00
2017 10 02 03 50 999 99.0 99.0  2.44  6.67  6.07 123 9999.0 999.0 999.0 999.0 99.0 99.00
2017 10 02 04 50 999 99.0 99.0  2.47  6.67  5.83 125 9999.0 999.0 999.0 999.0 99.0 99.00
2017 10 02 05 50 999 99.0 99.0  2.65 13.79  6.12 176 9999.0 999.0 999.0 999.0 99.0 99.00
2017 10 02 06 50 999 99.0 99.0  2.60  7.14  5.95 125 9999.0 999.0 999.0 999.0 99.0 99.00
2017 10 02 07 50 999 99.0 99.0  2.78  7.69  6.37 117 9999.0 999.0 999.0 999.0 99.0 99.00
2017 10 02 08 50 999 99.0 99.0  2.81  7.69  6.30 128 9999.0 999.0 999.0 999.0 99.0 99.00
2017 10 02 09 50 999 99.0 99.0  2.69  7.69  6.31 128 9999.0 999.0 999.0 999.0 99.0 99.00
2017 10 02 10 50 999 99.0 99.0  2.77  7.69  6.32 130 9999.0 999.0 999.0 999.0 99.0 99.00
2017 10 02 11 50 999 99.0 99.0  2.91  7.14  6.44 126 9999.0 999.0 999.0 999.0 99.0 99.00
2017 10 02 12 50 999 99.0 99.0  2.56  7.69  6.05 130 9999.0 999.0 999.0 999.0 99.0 99.00
2017 10 02 13 50 999 99.0 99.0  2.79  8.33  6.58 126 9999.0 999.0 999.0 999.0 99.0 99.00
2017 10 02 14 50 999 99.0 99.0  2.88  7.69  6.74 130 9999.0 999.0 999.0 999.0 99.0 99.00
2017 10 02 15 50 999 99.0 99.0  2.73  8.33  6.44 133 9999.0 999.0 999.0 999.0 99.0 99.00
2017 10 02 16 50 999 99.0 99.0  2.70 13.79  6.57 195 9999.0 999.0 999.0 999.0 99.0 99.00
2017 10 02 17 50 999 99.0 99.0  2.79  8.33  6.70 123 9999.0 999.0 999.0 999.0 99.0 99.00
2017 10 02 18 50 999 99.0 99.0  2.56  8.33  6.62 112 9999.0 999.0 999.0 999.0 99.0 99.00
2017 10 02 19 50 999 99.0 99.0  2.80  8.33  6.82 125 9999.0 999.0 999.0 999.0 99.0 99.00
2017 10 02 20 50 999 99.0 99.0  2.60  8.33  6.66 123 9999.0 999.0 999.0 999.0 99.0 99.00
2017 10 02 21 50 999 99.0 99.0  2.51  8.33  6.42 118 9999.0 999.0 999.0 999.0 99.0 99.00
2017 10 02 22 50 999 99.0 99.0  2.48  8.33  6.57 118 9999.0 999.0 999.0 999.0 99.0 99.00
2017 10 02 23 50 999 99.0 99.0  2.53  7.69  6.81 118 9999.0 999.0 999.0 999.0 99.0 99.00
2017 10 03 00 50 999 99.0 99.0  2.34 13.79  6.43 204 9999.0 999.0 999.0 999.0 99.0 99.00
2017 10 03 01 50 999 99.0 99.0  2.41  8.33  6.47 125 9999.0 999.0 999.0 999.0 99.0 99.00
2017 10 03 02 50 999 99.0 99.0  2.48 13.79  6.40 182 9999.0 999.0 999.0 999.0 99.0 99.00
2017 10 03 03 50 999 99.0 99.0  2.60  8.33  6.32 114 9999.0 999.0 999.0 999.0 99.0 99.00
2017 10 03 04 50 999 99.0 99.0  2.49  8.33  6.30 130 9999.0 999.0 999.0 999.0 99.0 99.00
2017 10 03 05 50 999 99.0 99.0  2.69 12.90  6.41 179 9999.0 999.0 999.0 999.0 99.0 99.00
2017 10 03 06 50 999 99.0 99.0  2.57  8.33  6.32 118 9999.0 999.0 999.0 999.0 99.0 99.00
2017 10 03 07 50 999 99.0 99.0  2.42  8.33  6.24 123 9999.0 999.0 999.0 999.0 99.0 99.00
2017 10 03 08 50 999 99.0 99.0  2.63 12.90  6.61 188 9999.0 999.0 999.0 999.0 99.0 99.00
2017 10 03 09 50 999 99.0 99.0  2.53 12.90  6.76 195 9999.0 999.0 999.0 999.0 99.0 99.00
2017 10 03 10 50 999 99.0 99.0  2.55  7.69  6.48 114 9999.0 999.0 999.0 999.0 99.0 99.00
2017 10 03 11 50 999 99.0 99.0  2.43 12.90  6.57 195 9999.0 999.0 999.0 999.0 99.0 99.00
2017 10 03 12 50 999 99.0 99.0  2.44 12.90  6.58 192 9999.0 999.0 999.0 999.0 99.0 99.00
2017 10 03 13 50 999 99.0 99.0  2.47  7.69  6.65 104 9999.0 999.0 999.0 999.0 99.0 99.00
2017 10 03 14 50 999 99.0 99.0  2.46 12.90  6.63 185 9999.0 999.0 999.0 999.0 99.0 99.00
2017 10 03 15 50 999 99.0 99.0  2.55 19.05  7.42 185 9999.0 999.0 999.0 999.0 99.0 99.00
2017 10 03 16 50 999 99.0 99.0  2.66 19.05  7.64 201 9999.0 999.0 999.0 999.0 99.0 99.00
2017 10 03 17 50 999 99.0 99.0  2.45 19.05  6.94 210 9999.0 999.0 999.0 999.0 99.0 99.00
2017 10 03 18 50 999 99.0 99.0  2.47 19.05  7.35 200 9999.0 999.0 999.0 999.0 99.0 99.00
2017 10 03 19 50 999 99.0 99.0  2.50 19.05  7.24 213 9999.0 999.0 999.0 999.0 99.0 99.00
2017 10 03 20 50 999 99.0 99.0  2.41 19.05  7.60 219 9999.0 999.0 999.0 999.0 99.0 99.00
2017 10 03 21 50 999 99.0 99.0  2.73 19.05  8.16 218 9999.0 999.0 999.0 999.0 99.0 99.00
2017 10 03 22 50 999 99.0 99.0  2.99 19.05  8.50 211 9999.0 999.0 999.0 999.0 99.0 99.00
2017 10 03 23 50 999 99.0 99.0  2.68 17.39  8.19 216 9999.0 999.0 999.0 999.0 99.0 99.00
2017 10 04 00 50 999 99.0 99.0  3.30 17.39  9.27 213 9999.0 999.0 999.0 999.0 99.0 99.00
2017 10 04 01 50 999 99.0 99.0  3.04 17.39  9.21 198 9999.0 999.0 999.0 999.0 99.0 99.00
2017 10 04 02 50 999 99.0 99.0  2.77 17.39  8.13 230 9999.0 999.0 999.0 999.0 99.0 99.00
2017 10 04 03 50 999 99.0 99.0  2.77 17.39  8.43 205 9999.0 999.0 999.0 999.0 99.0 99.00
2017 10 04 04 50 999 99.0 99.0  3.02 17.39  8.94 224 9999.0 999.0 999.0 999.0 99.0 99.00
2017 10 04 05 50 999 99.0 99.0  3.12 17.39  9.25 219 9999.0 999.0 999.0 999.0 99.0 99.00
2017 10 04 06 50 999 99.0 99.0  2.67 17.39  8.06 221 9999.0 999.0 999.0 999.0 99.0 99.00
2017 10 04 07 50 999 99.0 99.0  2.91 17.39  8.67 221 9999.0 999.0 999.0 999.0 99.0 99.00
2017 10 04 08 50 999 99.0 99.0  2.75 17.39  8.38 202 9999.0 999.0 999.0 999.0 99.0 99.00
2017 10 04 09 50 999 99.0 99.0  2.83 17.39  8.41 213 9999.0 999.0 999.0 999.0 99.0 99.00
2017 10 04 10 50 999 99.0 99.0  2.81 17.39  8.39 221 9999.0 999.0 999.0 999.0 99.0 99.00
2017 10 04 11 50 999 99.0 99.0  2.96 16.00  8.86 224 9999.0 999.0 999.0 999.0 99.0 99.00
2017 10 04 12 50 999 99.0 99.0  3.09 17.39  9.35 215 9999.0 999.0 999.0 999.0 99.0 99.00
2017 10 04 13 50 999 99.0 99.0  2.71 17.39  8.32 232 9999.0 999.0 999.0 999.0 99.0 99.00
2017 10 04 14 50 999 99.0 99.0  2.95 16.00  8.72 225 9999.0 999.0 999.0 999.0 99.0 99.00
2017 10 04 15 50 999 99.0 99.0  2.99 17.39  9.03 212 9999.0 999.0 999.0 999.0 99.0 99.00
2017 10 04 16 50 999 99.0 99.0  2.71 16.00  8.52 214 9999.0 999.0 999.0 999.0 99.0 99.00
2017 10 04 17 50 999 99.0 99.0  2.90 16.00  9.09 231 9999.0 999.0 999.0 999.0 99.0 99.00
2017 10 04 18 50 999 99.0 99.0  2.52 16.00  7.90 226 9999.0 999.0 999.0 999.0 99.0 99.00
2017 10 04 19 50 999 99.0 99.0  2.65 16.00  8.46 233 9999.0 999.0 999.0 999.0 99.0 99.00
2017 10 04 20 50 999 99.0 99.0  2.60 16.00  8.28 221 9999.0 999.0 999.0 999.0 99.0 99.00
2017 10 04 21 50 999 99.0 99.0  2.55 14.81  8.42 210 9999.0 999.0 999.0 999.0 99.0 99.00
2017 10 04 22 50 999 99.0 99.0  2.37 14.81  7.73 227 9999.0 999.0 999.0 999.0 99.0 99.00
2017 10 04 23 50 999 99.0 99.0  2.46 14.81  8.66 215 9999.0 999.0 999.0 999.0 99.0 99.00
2017 10 05 00 50 999 99.0 99.0  2.57 16.00  8.72 206 9999.0 999.0 999.0 999.0 99.0 99.00
2017 10 05 01 50 999 99.0 99.0  2.29 16.00  7.93 217 9999.0 999.0 999.0 999.0 99.0 99.00
2017 10 05 02 50 999 99.0 99.0  2.38 14.81  7.92 212 9999.0 999.0 999.0 999.0 99.0 99.00
2017 10 05 03 50 999 99.0 99.0  2.30 14.81  8.02 215 9999.0 999.0 999.0 999.0 99.0 99.00
2017 10 05 04 50 999 99.0 99.0  2.90 16.00  9.13 218 9999.0 999.0 999.0 999.0 99.0 99.00
2017 10 05 05 50 999 99.0 99.0  2.19 16.00  7.66 222 9999.0 999.0 999.0 999.0 99.0 99.00
2017 10 05 06 50 999 99.0 99.0  2.40 14.81  7.62 214 9999.0 999.0 999.0 999.0 99.0 99.00
2017 10 05 07 50 999 99.0 99.0  2.34 16.00  7.58 212 9999.0 999.0 999.0 999.0 99.0 99.00
2017 10 05 08 50 999 99.0 99.0  2.63 14.81  7.70 222 9999.0 999.0 999.0 999.0 99.0 99.00
2017 10 05 09 50 999 99.0 99.0  2.02 12.90  6.42 215 9999.0 999.0 999.0 999.0 99.0 99.00
2017 10 05 10 50 999 99.0 99.0  2.43 14.81  7.13 218 9999.0 999.0 999.0 999.0 99.0 99.00
2017 10 05 11 50 999 99.0 99.0  2.49 14.81  7.20 224 9999.0 999.0 999.0 999.0 99.0 99.00
2017 10 05 12 50 999 99.0 99.0  2.28 14.81  6.90 229 9999.0 999.0 999.0 999.0 99.0 99.00
2017 10 05 13 50 999 99.0 99.0  2.43 14.81  7.18 226 9999.0 999.0 999.0 999.0 99.0 99.00
2017 10 05 14 50 999 99.0 99.0  2.26 14.81  6.82 211 9999.0 999.0 999.0 999.0 99.0 99.00
2017 10 05 15 50 999 99.0 99.0  2.40 14.81  7.03 210 9999.0 999.0 999.0 999.0 99.0 99.00
2017 10 05 16 50 999 99.0 99.0  2.39 12.90  7.16 224 9999.0 999.0 999.0 999.0 99.0 99.00
2017 10 05 17 50 999 99.0 99.0  2.27 14.81  6.98 206 9999.0 999.0 999.0 999.0 99.0 99.00
2017 10 05 18 50 999 99.0 99.0  2.17 13.79  6.75 205 9999.0 999.0 999.0 999.0 99.0 99.00
2017 10 05 19 50 999 99.0 99.0  2.22 13.79  7.02 219 9999.0 999.0 999.0 999.0 99.0 99.00
2017 10 05 20 50 999 99.0 99.0  2.19 14.81  7.14 211 9999.0 999.0 999.0 999.0 99.0 99.00
2017 10 05 21 50 999 99.0 99.0  2.12 13.79  6.83 218 9999.0 999.0 999.0 999.0 99.0 99.00
2017 10 05 22 50 999 99.0 99.0  2.03 13.79  6.69 221 9999.0 999.0 999.0 999.0 99.0 99.00
2017 10 05 23 50 999 99.0 99.0  2.13 12.90  7.03 211 9999.0 999.0 999.0 999.0 99.0 99.00
2017 10 06 00 50 999 99.0 99.0  2.17 12.90  7.21 217 9999.0 999.0 999.0 999.0 99.0 99.00
2017 10 06 01 50 999 99.0 99.0  1.93 12.12  6.53 213 9999.0 999.0 999.0 999.0 99.0 99.00
2017 10 06 02 50 999 99.0 99.0  2.24 13.79  7.36 217 9999.0 999.0 999.0 999.0 99.0 99.00
2017 10 06 03 50 999 99.0 99.0  2.32 13.79  7.50 209 9999.0 999.0 999.0 999.0 99.0 99.00
2017 10 06 04 50 999 99.0 99.0  2.31 13.79  7.26 205 9999.0 999.0 999.0 999.0 99.0 99.00
2017 10 06 05 50 999 99.0 99.0  2.21 13.79  7.06 213 9999.0 999.0 999.0 999.0 99.0 99.00
2017 10 06 06 50 999 99.0 99.0  2.14 12.90  6.75 200 9999.0 999.0 999.0 999.0 99.0 99.00
2017 10 06 07 50 999 99.0 99.0  2.20 12.90  6.66 211 9999.0 999.0 999.0 999.0 99.0 99.00
2017 10 06 08 50 999 99.0 99.0  2.20 13.79  6.43 213 9999.0 999.0 999.0 999.0 99.0 99.00
2017 10 06 09 50 999 99.0 99.0  2.16 12.90  6.51 201 9999.0 999.0 999.0 999.0 99.0 99.00
2017 10 06 10 50 999 99.0 99.0  2.15 12.12  6.43 221 9999.0 999.0 999.0 999.0 99.0 99.00
2017 10 06 11 50 999 99.0 99.0  2.18 12.90  6.50 202 9999.0 999.0 999.0 999.0 99.0 99.00
2017 10 06 12 50 999 99.0 99.0  2.41 12.12  6.68 212 9999.0 999.0 999.0 999.0 99.0 99.00
2017 10 06 13 50 999 99.0 99.0  2.34 12.90  6.88 213 9999.0 999.0 999.0 999.0 99.0 99.00
2017 10 06 14 50 999 99.0 99.0  2.24 12.90  6.54 215 9999.0 999.0 999.0 999.0 99.0 99.00
2017 10 06 15 50 999 99.0 99.0  2.07 11.43  6.37 216 9999.0 999.0 999.0 999.0 99.0 99.00
2017 10 06 16 50 999 99.0 99.0  2.31 11.43  6.78 211 9999.0 999.0 999.0 999.0 99.0 99.00
2017 10 06 17 50 999 99.0 99.0  2.24 12.12  6.81 205 9999.0 999.0 999.0 999.0 99.0 99.00
2017 10 06 18 50 999 99.0 99.0  2.43 12.12  7.14 209 9999.0 999.0 999.0 999.0 99.0 99.00
2017 10 06 19 50 999 99.0 99.0  2.07 12.12  6.81 207 9999.0 999.0 999.0 999.0 99.0 99.00
2017 10 06 20 50 999 99.0 99.0  1.93 12.90  6.45 212 9999.0 999.0 999.0 999.0 99.0 99.00
2017 10 06 21 50 999 99.0 99.0  1.98 12.12  6.77 220 9999.0 999.0 999.0 999.0 99.0 99.00
2017 10 06 22 50 999 99.0 99.0  2.05 12.12  7.27 211 9999.0 999.0 999.0 999.0 99.0 99.00
2017 10 06 23 50 999 99.0 99.0  2.03 11.43  7.37 217 9999.0 999.0 999.0 999.0 99.0 99.00
2017 10 07 00 50 999 99.0 99.0  1.95 11.43  7.10 213 9999.0 999.0 999.0 999.0 99.0 99.00
2017 10 07 01 50 999 99.0 99.0  1.93 12.12  7.12 206 9999.0 999.0 999.0 999.0 99.0 99.00
2017 10 07 02 50 999 99.0 99.0  1.81 11.43  6.86 211 9999.0 999.0 999.0 999.0 99.0 99.00
2017 10 07 03 50 999 99.0 99.0  1.91 11.43  7.02 202 9999.0 999.0 999.0 999.0 99.0 99.00
2017 10 07 04 50 999 99.0 99.0  1.87 12.12  6.86 205 9999.0 999.0 999.0 999.0 99.0 99.00
2017 10 07 05 50 999 99.0 99.0  1.92 10.81  7.15 212 9999.0 999.0 999.0 999.0 99.0 99.00
2017 10 07 06 50 999 99.0 99.0  1.83 11.43  6.91 204 9999.0 999.0 999.0 999.0 99.0 99.00
2017 10 07 07 50 999 99.0 99.0  1.93 10.81  7.02 209 9999.0 999.0 999.0 999.0 99.0 99.00
2017 10 07 08 50 999 99.0 99.0  1.89 11.43  6.90 218 9999.0 999.0 999.0 999.0 99.0 99.00
2017 10 07 09 50 999 99.0 99.0  2.08 10.81  7.34 206 9999.0 999.0 999.0 999.0 99.0 99.00
2017 10 07 10 50 999 99.0 99.0  2.26 11.43  7.96 200 9999.0 999.0 999.0 999.0 99.0 99.00
2017 10 07 11 50 999 99.0 99.0  2.11 11.43  7.54 189 9999.0 999.0 999.0 999.0 99.0 99.00
2017 10 07 12 50 999 99.0 99.0  2.10 10.81  7.41 199 9999.0 999.0 999.0 999.0 99.0 99.00
2017 10 07 13 50 999 99.0 99.0  1.99 10.81  7.09 206 9999.0 999.0 999.0 999.0 99.0 99.00
2017 10 07 14 50 999 99.0 99.0  2.01 12.12  6.82 194 9999.0 999.0 999.0 999.0 99.0 99.00
2017 10 07 15 50 999 99.0 99.0  2.17 12.90  6.92 197 9999.0 999.0 999.0 999.0 99.0 99.00
2017 10 07 16 50 999 99.0 99.0  2.10 12.90  6.65 211 9999.0 999.0 999.0 999.0 99.0 99.00
2017 10 07 17 50 999 99.0 99.0  2.27 13.79  6.80 195 9999.0 999.0 999.0 999.0 99.0 99.00
2017 10 07 18 50 999 99.0 99.0  2.50 12.12  7.49 189 9999.0 999.0 999.0 999.0 99.0 99.00
2017 10 07 19 50 999 99.0 99.0  2.45 11.43  6.91 194 9999.0 999.0 999.0 999.0 99.0 99.00
2017 10 07 20 50 999 99.0 99.0  2.43 12.90  6.74 188 9999.0 999.0 999.0 999.0 99.0 99.00
2017 10 07 21 50 999 99.0 99.0  2.49 12.90  6.90 185 9999.0 999.0 999.0 999.0 99.0 99.00
2017 10 07 22 50 999 99.0 99.0  2.56 12.90  7.34 188 9999.0 999.0 999.0 999.0 99.0 99.00
2017 10 07 23 50 999 99.0 99.0  2.45 12.90  7.15 188 9999.0 999.0 999.0 999.0 99.0 99.00
2017 10 08 00 50 999 99.0 99.0  2.76 12.90  7.88 185 9999.0 999.0 999.0 999.0 99.0 99.00
2017 10 08 01 50 999 99.0 99.0  2.74 12.90  7.66 196 9999.0 999.0 999.0 999.0 99.0 99.00
2017 10 08 02 50 999 99.0 99.0  2.66 12.90  7.44 199 9999.0 999.0 999.0 999.0 99.0 99.00
2017 10 08 03 50 999 99.0 99.0  2.93 12.90  7.55 188 9999.0 999.0 999.0 999.0 99.0 99.00
2017 10 08 04 50 999 99.0 99.0  2.83 12.90  7.52 194 9999.0 999.0 999.0 999.0 99.0 99.00
2017 10 08 05 50 999 99.0 99.0  2.73 12.90  7.07 186 9999.0 999.0 999.0 999.0 99.0 99.00
2017 10 08 06 50 999 99.0 99.0  2.86 13.79  7.56 208 9999.0 999.0 999.0 999.0 99.0 99.00
2017 10 08 07 50 999 99.0 99.0  3.06 13.79  7.62 197 9999.0 999.0 999.0 999.0 99.0 99.00
2017 10 08 08 50 999 99.0 99.0  2.91 13.79  7.50 202 9999.0 999.0 999.0 999.0 99.0 99.00
2017 10 08 09 50 999 99.0 99.0  2.83 13.79  7.12 189 9999.0 999.0 999.0 999.0 99.0 99.00
2017 10 08 10 50 999 99.0 99.0  2.76 13.79  7.08 187 9999.0 999.0 999.0 999.0 99.0 99.00
2017 10 08 11 50 999 99.0 99.0  3.04 12.90  7.77 203 9999.0 999.0 999.0 999.0 99.0 99.00
2017 10 08 12 50 999 99.0 99.0  2.86 13.79  7.17 201 9999.0 999.0 999.0 999.0 99.0 99.00
2017 10 08 13 50 999 99.0 99.0  2.89 13.79  7.55 206 9999.0 999.0 999.0 999.0 99.0 99.00
2017 10 08 14 50 999 99.0 99.0  2.96 12.90  7.43 187 9999.0 999.0 999.0 999.0 99.0 99.00
2017 10 08 15 50 999 99.0 99.0  2.90 13.79  7.32 191 9999.0 999.0 999.0 999.0 99.0 99.00
2017 10 08 16 50 999 99.0 99.0  2.84 13.79  7.28 196 9999.0 999.0 999.0 999.0 99.0 99.00
2017 10 08 17 50 999 99.0 99.0  2.63 13.79  7.07 207 9999.0 999.0 999.0 999.0 99.0 99.00
2017 10 08 18 50 999 99.0 99.0  2.58 12.90  6.93 188 9999.0 999.0 999.0 999.0 99.0 99.00
2017 10 08 19 50 999 99.0 99.0  2.52 13.79  6.88 206 9999.0 999.0 999.0 999.0 99.0 99.00
2017 10 08 20 50 999 99.0 99.0  2.51 12.90  7.10 190 9999.0 999.0 999.0 999.0 99.0 99.00
2017 10 08 21 50 999 99.0 99.0  2.48 12.90  6.55 190 9999.0 999.0 999.0 999.0 99.0 99.00
2017 10 08 22 50 999 99.0 99.0  2.37 13.79  6.37 188 9999.0 999.0 999.0 999.0 99.0 99.00
2017 10 08 23 50 999 99.0 99.0  2.70 12.90  6.91 204 9999.0 999.0 999.0 999.0 99.0 99.00
2017 10 09 00 50 999 99.0 99.0  2.55 12.12  6.61 185 9999.0 999.0 999.0 999.0 99.0 99.00
2017 10 09 01 50 999 99.0 99.0  2.60 12.90  6.41 206 9999.0 999.0 999.0 999.0 99.0 99.00
2017 10 09 02 50 999 99.0 99.0  2.53 12.90  6.61 206 9999.0 999.0 999.0 999.0 99.0 99.00
2017 10 09 03 50 999 99.0 99.0  2.39 12.90  6.25 200 9999.0 999.0 999.0 999.0 99.0 99.00
2017 10 09 04 50 999 99.0 99.0  2.72 12.90  6.55 197 9999.0 999.0 999.0 999.0 99.0 99.00
2017 10 09 05 50 999 99.0 99.0  2.61 12.12  6.46 208 9999.0 999.0 999.0 999.0 99.0 99.00
2017 10 09 06 50 999 99.0 99.0  2.68 12.90  6.58 195 9999.0 999.0 999.0 999.0 99.0 99.00
2017 10 09 07 50 999 99.0 99.0  2.65 12.12  6.61 215 9999.0 999.0 999.0 999.0 99.0 99.00
2017 10 09 08 50 999 99.0 99.0  2.69 12.90  6.48 209 9999.0 999.0 999.0 999.0 99.0 99.00
2017 10 09 09 50 999 99.0 99.0  2.48 12.90  6.65 213 9999.0 999.0 999.0 999.0 99.0 99.00
2017 10 09 10 50 999 99.0 99.0  2.65 12.90  6.44 207 9999.0 999.0 999.0 999.0 99.0 99.00
2017 10 09 11 50 999 99.0 99.0  2.65 12.90  6.48 211 9999.0 999.0 999.0 999.0 99.0 99.00
2017 10 09 12 50 999 99.0 99.0  2.70 12.12  6.50 206 9999.0 999.0 999.0 999.0 99.0 99.00
2017 10 09 13 50 999 99.0 99.0  2.59 12.90  6.59 215 9999.0 999.0 999.0 999.0 99.0 99.00
2017 10 09 14 50 999 99.0 99.0  2.47  7.14  6.23 128 9999.0 999.0 999.0 999.0 99.0 99.00
2017 10 09 15 50 999 99.0 99.0  2.57 12.12  6.16 195 9999.0 999.0 999.0 999.0 99.0 99.00
2017 10 09 16 50 999 99.0 99.0  2.42 12.90  5.99 200 9999.0 999.0 999.0 999.0 99.0 99.00
2017 10 09 17 50 999 99.0 99.0  2.52 12.90  6.46 192 9999.0 999.0 999.0 999.0 99.0 99.00
2017 10 09 18 50 999 99.0 99.0  2.53  7.14  6.51 136 9999.0 999.0 999.0 999.0 99.0 99.00
2017 10 09 19 50 999 99.0 99.0  2.56 12.90  6.31 215 9999.0 999.0 999.0 999.0 99.0 99.00
2017 10 09 20 50 999 99.0 99.0  2.50  7.14  6.38 124 9999.0 999.0 999.0 999.0 99.0 99.00
2017 10 09 21 50 999 99.0 99.0  2.53  7.69  6.24 139 9999.0 999.0 999.0 999.0 99.0 99.00
2017 10 09 22 50 999 99.0 99.0  2.53 12.90  6.24 207 9999.0 999.0 999.0 999.0 99.0 99.00
2017 10 09 23 50 999 99.0 99.0  2.54 12.90  6.19 213 9999.0 999.0 999.0 999.0 99.0 99.00
2017 10 10 00 50 999 99.0 99.0  2.39 12.90  5.99 194 9999.0 999.0 999.0 999.0 99.0 99.00
2017 10 10 01 50 999 99.0 99.0  2.59  7.14  6.20 123 9999.0 999.0 999.0 999.0 99.0 99.00
2017 10 10 02 50 999 99.0 99.0  2.75 12.12  6.53 216 9999.0 999.0 999.0 999.0 99.0 99.00
2017 10 10 03 50 999 99.0 99.0  2.83 12.12  6.34 203 9999.0 999.0 999.0 999.0 99.0 99.00
2017 10 10 04 50 999 99.0 99.0  2.86 12.90  6.40 186 9999.0 999.0 999.0 999.0 99.0 99.00
2017 10 10 05 50 999 99.0 99.0  2.85 12.12  6.35 209 9999.0 999.0 999.0 999.0 99.0 99.00
2017 10 10 06 50 999 99.0 99.0  2.68 12.90  6.28 197 9999.0 999.0 999.0 999.0 99.0 99.00
2017 10 10 07 50 999 99.0 99.0  2.92  7.69  6.52 146 9999.0 999.0 999.0 999.0 99.0 99.00
2017 10 10 08 50 999 99.0 99.0  2.70  7.69  6.54 134 9999.0 999.0 999.0 999.0 99.0 99.00
2017 10 10 09 50 999 99.0 99.0  3.03  7.69  6.68 149 9999.0 999.0 999.0 999.0 99.0 99.00
2017 10 10 10 50 999 99.0 99.0  2.87  7.69  6.26 149 9999.0 999.0 999.0 999.0 99.0 99.00
2017 10 10 11 50 999 99.0 99.0  3.21  8.33  6.60 146 9999.0 999.0 999.0 999.0 99.0 99.00
2017 10 10 12 50 999 99.0 99.0  3.40  8.33  6.57 149 9999.0 999.0 999.0 999.0 99.0 99.00
2017 10 10 13 50 999 99.0 99.0  3.28  8.33  6.80 140 9999.0 999.0 999.0 999.0 99.0 99.00
2017 10 10 14 50 999 99.0 99.0  3.00  8.33  6.51 146 9999.0 999.0 999.0 999.0 99.0 99.00
2017 10 10 15 50 999 99.0 99.0  3.20  8.33  6.52 141 9999.0 999.0 999.0 999.0 99.0 99.00
2017 10 10 16 50 999 99.0 99.0  3.23  8.33  6.59 151 9999.0 999.0 999.0 999.0 99.0 99.00
2017 10 10 17 50 999 99.0 99.0  3.38  7.69  6.69 144 9999.0 999.0 999.0 999.0 99.0 99.00
2017 10 10 18 50 999 99.0 99.0  3.29  8.33  6.75 142 9999.0 999.0 999.0 999.0 99.0 99.00
2017 10 10 19 50 999 99.0 99.0  3.40  8.33  6.73 145 9999.0 999.0 999.0 999.0 99.0 99.00
2017 10 10 20 50 999 99.0 99.0  3.40  8.33  6.82 147 9999.0 999.0 999.0 999.0 99.0 99.00
2017 10 10 21 50 999 99.0 99.0  3.35  8.33  6.57 130 9999.0 999.0 999.0 999.0 99.0 99.00
2017 10 10 22 50 999 99.0 99.0  3.55  9.09  6.99 159 9999.0 999.0 999.0 999.0 99.0 99.00
2017 10 10 23 50 999 99.0 99.0  3.53  9.09  6.79 161 9999.0 999.0 999.0 999.0 99.0 99.00
2017 10 11 00 50 999 99.0 99.0  3.69  8.33  7.09 139 9999.0 999.0 999.0 999.0 99.0 99.00
2017 10 11 01 50 999 99.0 99.0  3.50  8.33  6.90 149 9999.0 999.0 999.0 999.0 99.0 99.00
2017 10 11 02 50 999 99.0 99.0  3.76  8.33  7.25 149 9999.0 999.0 999.0 999.0 99.0 99.00
2017 10 11 03 50 999 99.0 99.0  3.49  9.09  6.74 142 9999.0 999.0 999.0 999.0 99.0 99.00
2017 10 11 04 50 999 99.0 99.0  3.64  9.09  6.91 145 9999.0 999.0 999.0 999.0 99.0 99.00
2017 10 11 05 50 999 99.0 99.0  3.64  9.09  7.01 140 9999.0 999.0 999.0 999.0 99.0 99.00
2017 10 11 06 50 999 99.0 99.0  3.48  9.09  7.08 142 9999.0 999.0 999.0 999.0 99.0 99.00
2017 10 11 07 50 999 99.0 99.0  3.68  9.09  7.06 156 9999.0 999.0 999.0 999.0 99.0 99.00
2017 10 11 08 50 999 99.0 99.0  3.94  9.09  7.36 154 9999.0 999.0 999.0 999.0 99.0 99.00
2017 10 11 09 50 999 99.0 99.0  4.17  9.09  7.28 144 9999.0 999.0 999.0 999.0 99.0 99.00
2017 10 11 10 50 999 99.0 99.0  3.84  9.09  7.06 156 9999.0 999.0 999.0 999.0 99.0 99.00
2017 10 11 11 50 999 99.0 99.0  3.96  9.09  7.00 148 9999.0 999.0 999.0 999.0 99.0 99.00
2017 10 11 12 50 999 99.0 99.0  3.98  9.09  7.16 153 9999.0 999.0 999.0 999.0 99.0 99.00
2017 10 11 13 50 999 99.0 99.0  4.07  9.09  7.46 142 9999.0 999.0 999.0 999.0 99.0 99.00
2017 10 11 14 50 999 99.0 99.0  4.28  9.09  7.70 142 9999.0 999.0 999.0 999.0 99.0 99.00
2017 10 11 15 50 999 99.0 99.0  4.28  9.09  7.45 133 9999.0 999.0 999.0 999.0 99.0 99.00
2017 10 11 16 50 999 99.0 99.0  4.33 10.00  7.41 166 9999.0 999.0 999.0 999.0 99.0 99.00
2017 10 11 17 50 999 99.0 99.0  4.09  9.09  7.40 144 9999.0 999.0 999.0 999.0 99.0 99.00
2017 10 11 18 50 999 99.0 99.0  4.14  9.09  7.36 136 9999.0 999.0 999.0 999.0 99.0 99.00
2017 10 11 19 50 999 99.0 99.0  4.04 10.00  7.36 142 9999.0 999.0 999.0 999.0 99.0 99.00
2017 10 11 20 50 999 99.0 99.0  4.28 10.00  7.39 154 9999.0 999.0 999.0 999.0 99.0 99.00
2017 10 11 21 50 999 99.0 99.0  4.43 10.00  7.58 165 9999.0 999.0 999.0 999.0 99.0 99.00
2017 10 11 22 50 999 99.0 99.0  4.40 10.00  7.76 159 9999.0 999.0 999.0 999.0 99.0 99.00
2017 10 11 23 50 999 99.0 99.0  4.79 10.00  7.64 147 9999.0 999.0 999.0 999.0 99.0 99.00
2017 10 12 00 50 999 99.0 99.0  4.46 10.81  7.60 163 9999.0 999.0 999.0 999.0 99.0 99.00
2017 10 12 01 50 999 99.0 99.0  4.57 10.00  7.58 157 9999.0 999.0 999.0 999.0 99.0 99.00
2017 10 12 02 50 999 99.0 99.0  4.54 10.00  7.71 141 9999.0 999.0 999.0 999.0 99.0 99.00
2017 10 12 03 50 999 99.0 99.0  4.81 10.00  7.82 141 9999.0 999.0 999.0 999.0 99.0 99.00
2017 10 12 04 50 999 99.0 99.0  4.57  9.09  7.63 141 9999.0 999.0 999.0 999.0 99.0 99.00
2017 10 12 05 50 999 99.0 99.0  4.66 10.00  7.68 145 9999.0 999.0 999.0 999.0 99.0 99.00
2017 10 12 06 50 999 99.0 99.0  4.03  9.09  7.06 142 9999.0 999.0 999.0 999.0 99.0 99.00
2017 10 12 07 50 999 99.0 99.0  4.66 10.00  7.68 146 9999.0 999.0 999.0 999.0 99.0 99.00
2017 10 12 08 50 999 99.0 99.0  4.67 10.00  7.69 138 9999.0 999.0 999.0 999.0 99.0 99.00
2017 10 12 09 50 999 99.0 99.0  4.13 10.00  7.49 145 9999.0 999.0 999.0 999.0 99.0 99.00
2017 10 12 10 50 999 99.0 99.0  4.17 10.00  7.28 152 9999.0 999.0 999.0 999.0 99.0 99.00
2017 10 12 11 50 999 99.0 99.0  4.22 10.00  7.59 152 9999.0 999.0 999.0 999.0 99.0 99.00
2017 10 12 12 50 999 99.0 99.0  4.44 10.81  7.72 141 9999.0 999.0 999.0 999.0 99.0 99.00
2017 10 12 13 50 999 99.0 99.0  4.59 10.81  7.76 141 9999.0 999.0 999.0 999.0 99.0 99.00
2017 10 12 14 50 999 99.0 99.0  4.20 10.81  7.50 139 9999.0 999.0 999.0 999.0 99.0 99.00
2017 10 12 15 50 999 99.0 99.0  4.67 10.00  7.71 146 9999.0 999.0 999.0 999.0 99.0 99.00
2017 10 12 16 50 999 99.0 99.0  4.48 10.00  7.70 150 9999.0 999.0 999.0 999.0 99.0 99.00
2017 10 12 17 50 999 99.0 99.0  4.16 10.00  7.62 143 9999.0 999.0 999.0 999.0 99.0 99.00
2017 10 12 18 50 999 99.0 99.0  4.45 10.81  7.65 154 9999.0 999.0 999.0 999.0 99.0 99.00
2017 10 12 19 50 999 99.0 99.0  3.96 10.81  7.36 161 9999.0 999.0 999.0 999.0 99.0 99.00
2017 10 12 20 50 999 99.0 99.0  4.37 10.00  7.57 142 9999.0 999.0 999.0 999.0 99.0 99.00
2017 10 12 21 50 999 99.0 99.0  3.81 10.00  7.28 151 9999.0 999.0 999.0 999.0 99.0 99.00
2017 10 12 22 50 999 99.0 99.0  3.97  7.69  7.08 133 9999.0 999.0 999.0 999.0 99.0 99.00
2017 10 12 23 50 999 99.0 99.0  4.19 10.81  7.52 163 9999.0 999.0 999.0 999.0 99.0 99.00
2017 10 13 00 50 999 99.0 99.0  4.00 10.00  7.35 143 9999.0 999.0 999.0 999.0 99.0 99.00
2017 10 13 01 50 999 99.0 99.0  3.92 10.81  7.36 160 9999.0 999.0 999.0 999.0 99.0 99.00
2017 10 13 02 50 999 99.0 99.0  4.20 10.00  7.45 153 9999.0 999.0 999.0 999.0 99.0 99.00
2017 10 13 03 50 999 99.0 99.0  3.96 10.00  7.23 144 9999.0 999.0 999.0 999.0 99.0 99.00
2017 10 13 04 50 999 99.0 99.0  4.06 10.00  7.44 180 9999.0 999.0 999.0 999.0 99.0 99.00
2017 10 13 05 50 999 99.0 99.0  4.23 10.00  7.37 147 9999.0 999.0 999.0 999.0 99.0 99.00
2017 10 13 06 50 999 99.0 99.0  4.34 10.00  7.60 163 9999.0 999.0 999.0 999.0 99.0 99.00
2017 10 13 07 50 999 99.0 99.0  3.92 10.00  7.21 170 9999.0 999.0 999.0 999.0 99.0 99.00
2017 10 13 08 50 999 99.0 99.0  4.02 10.00  7.32 144 9999.0 999.0 999.0 999.0 99.0 99.00
2017 10 13 09 50 999 99.0 99.0  3.80 10.00  7.13 138 9999.0 999.0 999.0 999.0 99.0 99.00
2017 10 13 10 50 999 99.0 99.0  4.17  9.09  7.37 146 9999.0 999.0 999.0 999.0 99.0 99.00
2017 10 13 11 50 999 99.0 99.0  3.81 10.00  6.98 157 9999.0 999.0 999.0 999.0 99.0 99.00
2017 10 13 12 50 999 99.0 99.0  3.77 10.00  7.17 154 9999.0 999.0 999.0 999.0 99.0 99.00
2017 10 13 13 50 999 99.0 99.0  4.20 10.00  7.52 144 9999.0 999.0 999.0 999.0 99.0 99.00
2017 10 13 14 50 999 99.0 99.0  4.04 10.00  7.51 156 9999.0 999.0 999.0 999.0 99.0 99.00
2017 10 13 15 50 999 99.0 99.0  3.91  9.09  7.21 134 9999.0 999.0 999.0 999.0 99.0 99.00
2017 10 13 16 50 999 99.0 99.0  3.81  9.09  7.39 128 9999.0 999.0 999.0 999.0 99.0 99.00
2017 10 13 17 50 999 99.0 99.0  3.54  9.09  7.22 145 9999.0 999.0 999.0 999.0 99.0 99.00
2017 10 13 18 50 999 99.0 99.0  3.62 10.00  7.06 159 9999.0 999.0 999.0 999.0 99.0 99.00
2017 10 13 19 50 999 99.0 99.0  3.67 10.00  7.33 156 9999.0 999.0 999.0 999.0 99.0 99.00
2017 10 13 20 50 999 99.0 99.0  3.67 10.00  7.06 157 9999.0 999.0 999.0 999.0 99.0 99.00
2017 10 13 21 50 999 99.0 99.0  3.30 10.00  6.95 160 9999.0 999.0 999.0 999.0 99.0 99.00
2017 10 13 22 50 999 99.0 99.0  3.65  9.09  7.23 135 9999.0 999.0 999.0 999.0 99.0 99.00
2017 10 13 23 50 999 99.0 99.0  3.52 10.00  6.98 150 9999.0 999.0 999.0 999.0 99.0 99.00
2017 10 14 00 50 999 99.0 99.0  3.44  9.09  6.85 149 9999.0 999.0 999.0 999.0 99.0 99.00
2017 10 14 01 50 999 99.0 99.0  3.64  9.09  7.06 144 9999.0 999.0 999.0 999.0 99.0 99.00
2017 10 14 02 50 999 99.0 99.0  3.31  9.09  7.02 135 9999.0 999.0 999.0 999.0 99.0 99.00
2017 10 14 03 50 999 99.0 99.0  3.70  9.09  7.18 154 9999.0 999.0 999.0 999.0 99.0 99.00
2017 10 14 04 50 999 99.0 99.0  3.46  9.09  7.13 159 9999.0 999.0 999.0 999.0 99.0 99.00
2017 10 14 05 50 999 99.0 99.0  3.23  8.33  6.96 126 9999.0 999.0 999.0 999.0 99.0 99.00
2017 10 14 06 50 999 99.0 99.0  3.46  9.09  7.07 135 9999.0 999.0 999.0 999.0 99.0 99.00
2017 10 14 07 50 999 99.0 99.0  3.28  9.09  7.08 134 9999.0 999.0 999.0 999.0 99.0 99.00
2017 10 14 08 50 999 99.0 99.0  3.14  9.09  6.82 135 9999.0 999.0 999.0 999.0 99.0 99.00
2017 10 14 09 50 999 99.0 99.0  3.31  9.09  7.19 135 9999.0 999.0 999.0 999.0 99.0 99.00
2017 10 14 10 50 999 99.0 99.0  3.19 10.00  7.14 149 9999.0 999.0 999.0 999.0 99.0 99.00
2017 10 14 11 50 999 99.0 99.0  3.30  8.33  7.00 143 9999.0 999.0 999.0 999.0 99.0 99.00
2017 10 14 12 50 999 99.0 99.0  3.15  9.09  6.95 146 9999.0 999.0 999.0 999.0 99.0 99.00
2017 10 14 13 50 999 99.0 99.0  2.97  9.09  6.83 138 9999.0 999.0 999.0 999.0 99.0 99.00
2017 10 14 14 50 999 99.0 99.0  3.10  8.33  6.97 122 9999.0 999.0 999.0 999.0 99.0 99.00
2017 10 14 15 50 999 99.0 99.0  3.28  9.09  7.23 152 9999.0 999.0 999.0 999.0 99.0 99.00
2017 10 14 16 50 999 99.0 99.0  3.08 10.00  7.22 150 9999.0 999.0 999.0 999.0 99.0 99.00
2017 10 14 17 50 999 99.0 99.0  2.93  9.09  7.31 151 9999.0 999.0 999.0 999.0 99.0 99.00
2017 10 14 18 50 999 99.0 99.0  2.87  9.09  7.02 142 9999.0 999.0 999.0 999.0 99.0 99.00
2017 10 14 19 50 999 99.0 99.0  3.01  9.09  7.08 150 9999.0 999.0 999.0 999.0 99.0 99.00
2017 10 14 20 50 999 99.0 99.0  2.90  9.09  7.02 135 9999.0 999.0 999.0 999.0 99.0 99.00
2017 10 14 21 50 999 99.0 99.0  2.80  9.09  7.05 133 9999.0 999.0 999.0 999.0 99.0 99.00
2017 10 14 22 50 999 99.0 99.0  2.74  9.09  6.93 161 9999.0 999.0 999.0 999.0 99.0 99.00
2017 10 14 23 50 999 99.0 99.0  2.61  9.09  6.83 145 9999.0 999.0 999.0 999.0 99.0 99.00
2017 10 15 00 50 999 99.0 99.0  2.53  9.09  6.72 129 9999.0 999.0 999.0 999.0 99.0 99.00
2017 10 15 01 50 999 99.0 99.0  2.65 10.00  6.99 163 9999.0 999.0 999.0 999.0 99.0 99.00
2017 10 15 02 50 999 99.0 99.0  2.60  8.33  6.78 136 9999.0 999.0 999.0 999.0 99.0 99.00
2017 10 15 03 50 999 99.0 99.0  2.44  9.09  6.75 152 9999.0 999.0 999.0 999.0 99.0 99.00
2017 10 15 04 50 999 99.0 99.0  2.58 17.39  7.21 204 9999.0 999.0 999.0 999.0 99.0 99.00
2017 10 15 05 50 999 99.0 99.0  2.80  8.33  7.36 133 9999.0 999.0 999.0 999.0 99.0 99.00
2017 10 15 06 50 999 99.0 99.0  2.81 10.00  7.68 152 9999.0 999.0 999.0 999.0 99.0 99.00
2017 10 15 07 50 999 99.0 99.0  2.77  9.09  7.36 141 9999.0 999.0 999.0 999.0 99.0 99.00
2017 10 15 08 50 999 99.0 99.0  2.60  9.09  6.96 150 9999.0 999.0 999.0 999.0 99.0 99.00
2017 10 15 09 50 999 99.0 99.0  2.69 17.39  7.41 204 9999.0 999.0 999.0 999.0 99.0 99.00
2017 10 15 10 50 999 99.0 99.0  2.55  9.09  7.26 158 9999.0 999.0 999.0 999.0 99.0 99.00
2017 10 15 11 50 999 99.0 99.0  2.45  9.09  7.38 152 9999.0 999.0 999.0 999.0 99.0 99.00
2017 10 15 12 50 999 99.0 99.0  2.38  9.09  7.38 151 9999.0 999.0 999.0 999.0 99.0 99.00
2017 10 15 13 50 999 99.0 99.0  2.47  9.09  7.48 136 9999.0 999.0 999.0 999.0 99.0 99.00
2017 10 15 14 50 999 99.0 99.0  2.38 10.00  7.56 164 9999.0 999.0 999.0 999.0 99.0 99.00
2017 10 15 15 50 999 99.0 99.0  2.44  9.09  7.57 160 9999.0 999.0 999.0 999.0 99.0 99.00
2017 10 15 16 50 999 99.0 99.0  2.28 16.00  7.65 228 9999.0 999.0 999.0 999.0 99.0 99.00
2017 10 15 17 50 999 99.0 99.0  2.37 16.00  7.48 223 9999.0 999.0 999.0 999.0 99.0 99.00
2017 10 15 18 50 999 99.0 99.0  2.48 16.00  7.61 232 9999.0 999.0 999.0 999.0 99.0 99.00
2017 10 15 19 50 999 99.0 99.0  2.50  9.09  7.58 151 9999.0 999.0 999.0 999.0 99.0 99.00
2017 10 15 20 50 999 99.0 99.0  2.31 16.00  7.45 222 9999.0 999.0 999.0 999.0 99.0 99.00
2017 10 15 21 50 999 99.0 99.0  2.36 10.00  7.65 153 9999.0 999.0 999.0 999.0 99.0 99.00
2017 10 15 22 50 999 99.0 99.0  2.14  9.09  7.37 147 9999.0 999.0 999.0 999.0 99.0 99.00
2017 10 15 23 50 999 99.0 99.0  2.49 16.00  8.38 225 9999.0 999.0 999.0 999.0 99.0 99.00
2017 10 16 00 50 999 99.0 99.0  2.16 16.00  7.79 223 9999.0 999.0 999.0 999.0 99.0 99.00
2017 10 16 01 50 999 99.0 99.0  2.17 16.00  7.72 220 9999.0 999.0 999.0 999.0 99.0 99.00
2017 10 16 02 50 999 99.0 99.0  2.28 16.00  7.95 223 9999.0 999.0 999.0 999.0 99.0 99.00
2017 10 16 03 50 999 99.0 99.0  2.26 16.00  7.82 212 9999.0 999.0 999.0 999.0 99.0 99.00
2017 10 16 04 50 999 99.0 99.0  2.24 14.81  7.77 230 9999.0 999.0 999.0 999.0 99.0 99.00
2017 10 16 05 50 999 99.0 99.0  2.02  9.09  7.58 160 9999.0 999.0 999.0 999.0 99.0 99.00
2017 10 16 06 50 999 99.0 99.0  2.06  8.33  7.62 150 9999.0 999.0 999.0 999.0 99.0 99.00
2017 10 16 07 50 999 99.0 99.0  1.99 14.81  7.59 211 9999.0 999.0 999.0 999.0 99.0 99.00
2017 10 16 08 50 999 99.0 99.0  2.14  9.09  7.75 148 9999.0 999.0 999.0 999.0 99.0 99.00
2017 10 16 09 50 999 99.0 99.0  2.01  9.09  7.56 144 9999.0 999.0 999.0 999.0 99.0 99.00
2017 10 16 10 50 999 99.0 99.0  2.09  9.09  7.36 142 9999.0 999.0 999.0 999.0 99.0 99.00
2017 10 16 11 50 999 99.0 99.0  1.98 16.00  7.26 214 9999.0 999.0 999.0 999.0 99.0 99.00
2017 10 16 12 50 999 99.0 99.0  2.00 14.81  7.34 220 9999.0 999.0 999.0 999.0 99.0 99.00
2017 10 16 13 50 999 99.0 99.0  2.12 10.00  7.43 149 9999.0 999.0 999.0 999.0 99.0 99.00
2017 10 16 14 50 999 99.0 99.0  1.81  9.09  7.22 142 9999.0 999.0 999.0 999.0 99.0 99.00
2017 10 16 15 50 999 99.0 99.0  1.93 14.81  7.56 234 9999.0 999.0 999.0 999.0 99.0 99.00
2017 10 16 16 50 999 99.0 99.0  2.10  9.09  7.40 149 9999.0 999.0 999.0 999.0 99.0 99.00
2017 10 16 17 50 999 99.0 99.0  1.71  9.09  6.47 143 9999.0 999.0 999.0 999.0 99.0 99.00
2017 10 16 18 50 999 99.0 99.0  2.20  9.09  7.07 140 9999.0 999.0 999.0 999.0 99.0 99.00
2017 10 16 19 50 999 99.0 99.0  1.92 10.00  6.67 143 9999.0 999.0 999.0 999.0 99.0 99.00
2017 10 16 20 50 999 99.0 99.0  1.99 14.81  6.96 210 9999.0 999.0 999.0 999.0 99.0 99.00
2017 10 16 21 50 999 99.0 99.0  1.96 13.79  6.83 212 9999.0 999.0 999.0 999.0 99.0 99.00
2017 10 16 22 50 999 99.0 99.0  1.73 13.79  6.42 232 9999.0 999.0 999.0 999.0 99.0 99.00
2017 10 16 23 50 999 99.0 99.0  1.80 13.79  6.89 233 9999.0 999.0 999.0 999.0 99.0 99.00
2017 10 17 00 50 999 99.0 99.0  1.84 10.81  6.78 165 9999.0 999.0 999.0 999.0 99.0 99.00
2017 10 17 01 50 999 99.0 99.0  2.10 13.79  7.38 235 9999.0 999.0 999.0 999.0 99.0 99.00
2017 10 17 02 50 999 99.0 99.0  1.99 13.79  6.82 217 9999.0 999.0 999.0 999.0 99.0 99.00
2017 10 17 03 50 999 99.0 99.0  2.10 13.79  6.75 224 9999.0 999.0 999.0 999.0 99.0 99.00
2017 10 17 04 50 999 99.0 99.0  1.97 13.79  6.26 233 9999.0 999.0 999.0 999.0 99.0 99.00
2017 10 17 05 50 999 99.0 99.0  2.09  9.09  6.44 146 9999.0 999.0 999.0 999.0 99.0 99.00
2017 10 17 06 50 999 99.0 99.0  2.06  9.09  6.18 151 9999.0 999.0 999.0 999.0 99.0 99.00
2017 10 17 07 50 999 99.0 99.0  2.01 13.79  6.24 243 9999.0 999.0 999.0 999.0 99.0 99.00
2017 10 17 08 50 999 99.0 99.0  2.04 13.79  6.34 229 9999.0 999.0 999.0 999.0 99.0 99.00
2017 10 17 09 50 999 99.0 99.0  1.87 12.90  6.10 218 9999.0 999.0 999.0 999.0 99.0 99.00
2017 10 17 10 50 999 99.0 99.0  2.14 13.79  6.41 233 9999.0 999.0 999.0 999.0 99.0 99.00
2017 10 17 11 50 999 99.0 99.0  1.99 13.79  6.26 228 9999.0 999.0 999.0 999.0 99.0 99.00
2017 10 17 12 50 999 99.0 99.0  1.95 13.79  6.29 232 9999.0 999.0 999.0 999.0 99.0 99.00
2017 10 17 13 50 999 99.0 99.0  1.84 13.79  5.88 234 9999.0 999.0 999.0 999.0 99.0 99.00
2017 10 17 14 50 999 99.0 99.0  2.00 10.00  6.11 157 9999.0 999.0 999.0 999.0 99.0 99.00
2017 10 17 15 50 999 99.0 99.0  1.92 13.79  5.92 237 9999.0 999.0 999.0 999.0 99.0 99.00
2017 10 17 16 50 999 99.0 99.0  1.94 13.79  5.99 231 9999.0 999.0 999.0 999.0 99.0 99.00
2017 10 17 17 50 999 99.0 99.0  1.96  9.09  6.07 146 9999.0 999.0 999.0 999.0 99.0 99.00
2017 10 17 18 50 999 99.0 99.0  2.04 13.79  6.31 212 9999.0 999.0 999.0 999.0 99.0 99.00
2017 10 17 19 50 999 99.0 99.0  1.91 10.00  6.07 142 9999.0 999.0 999.0 999.0 99.0 99.00
2017 10 17 20 50 999 99.0 99.0  1.90 13.79  6.16 217 9999.0 999.0 999.0 999.0 99.0 99.00
2017 10 17 21 50 999 99.0 99.0  1.92 10.00  6.12 161 9999.0 999.0 999.0 999.0 99.0 99.00
2017 10 17 22 50 999 99.0 99.0  1.86  9.09  6.16 143 9999.0 999.0 999.0 999.0 99.0 99.00
2017 10 17 23 50 999 99.0 99.0  1.95 12.90  6.20 215 9999.0 999.0 999.0 999.0 99.0 99.00
2017 10 18 00 50 999 99.0 99.0  1.89 12.90  5.75 200 9999.0 999.0 999.0 999.0 99.0 99.00
2017 10 18 01 50 999 99.0 99.0  2.00 10.00  5.84 146 9999.0 999.0 999.0 999.0 99.0 99.00
2017 10 18 02 50 999 99.0 99.0  1.91 12.12  6.03 183 9999.0 999.0 999.0 999.0 99.0 99.00
2017 10 18 03 50 999 99.0 99.0  1.97 10.00  5.87 152 9999.0 999.0 999.0 999.0 99.0 99.00
2017 10 18 04 50 999 99.0 99.0  2.01 10.00  6.00 154 9999.0 999.0 999.0 999.0 99.0 99.00
2017 10 18 05 50 999 99.0 99.0  2.06 12.90  5.89 220 9999.0 999.0 999.0 999.0 99.0 99.00
2017 10 18 06 50 999 99.0 99.0  1.85 10.00  5.76 153 9999.0 999.0 999.0 999.0 99.0 99.00
2017 10 18 07 50 999 99.0 99.0  1.93 10.00  6.00 155 9999.0 999.0 999.0 999.0 99.0 99.00
2017 10 18 08 50 999 99.0 99.0  1.98  5.00  5.79 120 9999.0 999.0 999.0 999.0 99.0 99.00
2017 10 18 09 50 999 99.0 99.0  1.91  6.25  5.53 124 9999.0 999.0 999.0 999.0 99.0 99.00
2017 10 18 10 50 999 99.0 99.0  2.04  5.88  5.84 130 9999.0 999.0 999.0 999.0 99.0 99.00
2017 10 18 11 50 999 99.0 99.0  2.05 19.05  5.87 208 9999.0 999.0 999.0 999.0 99.0 99.00
2017 10 18 12 50 999 99.0 99.0  2.29 19.05  6.30 220 9999.0 999.0 999.0 999.0 99.0 99.00
2017 10 18 13 50 999 99.0 99.0  2.18 21.05  6.02 223 9999.0 999.0 999.0 999.0 99.0 99.00
2017 10 18 14 50 999 99.0 99.0  2.31 19.05  6.48 199 9999.0 999.0 999.0 999.0 99.0 99.00
2017 10 18 15 50 999 99.0 99.0  2.66 19.05  7.21 201 9999.0 999.0 999.0 999.0 99.0 99.00
2017 10 18 16 50 999 99.0 99.0  2.80 19.05  7.40 212 9999.0 999.0 999.0 999.0 99.0 99.00
2017 10 18 17 50 999 99.0 99.0  2.62 19.05  7.15 200 9999.0 999.0 999.0 999.0 99.0 99.00
2017 10 18 18 50 999 99.0 99.0  2.96 19.05  8.16 214 9999.0 999.0 999.0 999.0 99.0 99.00
2017 10 18 19 50 999 99.0 99.0  3.26 19.05  8.29 197 9999.0 999.0 999.0 999.0 99.0 99.00
2017 10 18 20 50 999 99.0 99.0  3.53 17.39  9.37 214 9999.0 999.0 999.0 999.0 99.0 99.00
2017 10 18 21 50 999 99.0 99.0  3.28 17.39  8.90 214 9999.0 999.0 999.0 999.0 99.0 99.00
2017 10 18 22 50 999 99.0 99.0  3.61 17.39  9.11 218 9999.0 999.0 999.0 999.0 99.0 99.00
2017 10 18 23 50 999 99.0 99.0  3.05 17.39  8.18 196 9999.0 999.0 999.0 999.0 99.0 99.00
2017 10 19 00 50 999 99.0 99.0  3.61 16.00  9.44 213 9999.0 999.0 999.0 999.0 99.0 99.00
2017 10 19 01 50 999 99.0 99.0  3.65 17.39  9.01 214 9999.0 999.0 999.0 999.0 99.0 99.00
2017 10 19 02 50 999 99.0 99.0  3.84 17.39  9.77 211 9999.0 999.0 999.0 999.0 99.0 99.00
2017 10 19 03 50 999 99.0 99.0  3.37 17.39  8.71 199 9999.0 999.0 999.0 999.0 99.0 99.00
2017 10 19 04 50 999 99.0 99.0  3.30 17.39  8.60 206 9999.0 999.0 999.0 999.0 99.0 99.00
2017 10 19 05 50 999 99.0 99.0  3.63 17.39  9.33 201 9999.0 999.0 999.0 999.0 99.0 99.00
2017 10 19 06 50 999 99.0 99.0  4.07 16.00 10.16 207 9999.0 999.0 999.0 999.0 99.0 99.00
2017 10 19 07 50 999 99.0 99.0  3.67 16.00  9.01 212 9999.0 999.0 999.0 999.0 99.0 99.00
2017 10 19 08 50 999 99.0 99.0  3.88 17.39  9.55 211 9999.0 999.0 999.0 999.0 99.0 99.00
2017 10 19 09 50 999 99.0 99.0  3.92 16.00  9.29 208 9999.0 999.0 999.0 999.0 99.0 99.00
2017 10 19 10 50 999 99.0 99.0  3.28 16.00  8.58 214 9999.0 999.0 999.0 999.0 99.0 99.00
2017 10 19 11 50 999 99.0 99.0  3.78 16.00  8.81 202 9999.0 999.0 999.0 999.0 99.0 99.00
2017 10 19 12 50 999 99.0 99.0  3.73 16.00  9.28 211 9999.0 999.0 999.0 999.0 99.0 99.00
2017 10 19 13 50 999 99.0 99.0  3.12 16.00  7.95 201 9999.0 999.0 999.0 999.0 99.0 99.00
2017 10 19 14 50 999 99.0 99.0  3.68 16.00  8.91 207 9999.0 999.0 999.0 999.0 99.0 99.00
2017 10 19 15 50 999 99.0 99.0  2.97 13.79  7.55 216 9999.0 999.0 999.0 999.0 99.0 99.00
2017 10 19 16 50 999 99.0 99.0  3.44 16.00  8.46 201 9999.0 999.0 999.0 999.0 99.0 99.00
2017 10 19 17 50 999 99.0 99.0  3.52 16.00  8.40 207 9999.0 999.0 999.0 999.0 99.0 99.00
2017 10 19 18 50 999 99.0 99.0  3.20 16.00  8.24 183 9999.0 999.0 999.0 999.0 99.0 99.00
2017 10 19 19 50 999 99.0 99.0  3.13 16.00  8.22 215 9999.0 999.0 999.0 999.0 99.0 99.00
2017 10 19 20 50 999 99.0 99.0  3.23 16.00  8.54 209 9999.0 999.0 999.0 999.0 99.0 99.00
2017 10 19 21 50 999 99.0 99.0  3.29 13.79  8.46 218 9999.0 999.0 999.0 999.0 99.0 99.00
2017 10 19 22 50 999 99.0 99.0  3.31 13.79  8.44 211 9999.0 999.0 999.0 999.0 99.0 99.00
2017 10 19 23 50 999 99.0 99.0  2.81 16.00  7.61 214 9999.0 999.0 999.0 999.0 99.0 99.00
2017 10 20 00 50 999 99.0 99.0  3.25 14.81  8.26 211 9999.0 999.0 999.0 999.0 99.0 99.00
2017 10 20 01 50 999 99.0 99.0  2.92 14.81  7.90 199 9999.0 999.0 999.0 999.0 99.0 99.00
2017 10 20 02 50 999 99.0 99.0  3.06 14.81  8.16 211 9999.0 999.0 999.0 999.0 99.0 99.00
2017 10 20 03 50 999 99.0 99.0  2.89 14.81  7.46 214 9999.0 999.0 999.0 999.0 99.0 99.00
2017 10 20 04 50 999 99.0 99.0  2.91 14.81  7.61 216 9999.0 999.0 999.0 999.0 99.0 99.00
2017 10 20 05 50 999 99.0 99.0  2.74 14.81  7.22 219 9999.0 999.0 999.0 999.0 99.0 99.00
2017 10 20 06 50 999 99.0 99.0  2.98 14.81  7.71 194 9999.0 999.0 999.0 999.0 99.0 99.00
2017 10 20 07 50 999 99.0 99.0  2.75 14.81  7.21 213 9999.0 999.0 999.0 999.0 99.0 99.00
2017 10 20 08 50 999 99.0 99.0  2.83 14.81  7.35 196 9999.0 999.0 999.0 999.0 99.0 99.00
2017 10 20 09 50 999 99.0 99.0  2.95 14.81  7.66 212 9999.0 999.0 999.0 999.0 99.0 99.00
2017 10 20 10 50 999 99.0 99.0  2.68 14.81  7.10 210 9999.0 999.0 999.0 999.0 99.0 99.00
2017 10 20 11 50 999 99.0 99.0  2.93 14.81  7.32 216 9999.0 999.0 999.0 999.0 99.0 99.00
2017 10 20 12 50 999 99.0 99.0  2.98 14.81  7.32 205 9999.0 999.0 999.0 999.0 99.0 99.00
2017 10 20 13 50 999 99.0 99.0  2.90 14.81  7.38 196 9999.0 999.0 999.0 999.0 99.0 99.00
2017 10 20 14 50 999 99.0 99.0  2.88 14.81  7.42 199 9999.0 999.0 999.0 999.0 99.0 99.00
2017 10 20 15 50 999 99.0 99.0  2.74 13.79  6.84 196 9999.0 999.0 999.0 999.0 99.0 99.00
2017 10 20 16 50 999 99.0 99.0  2.87 14.81  7.54 200 9999.0 999.0 999.0 999.0 99.0 99.00
2017 10 20 17 50 999 99.0 99.0  2.64 14.81  7.15 186 9999.0 999.0 999.0 999.0 99.0 99.00
2017 10 20 18 50 999 99.0 99.0  2.77 13.79  7.23 194 9999.0 999.0 999.0 999.0 99.0 99.00
2017 10 20 19 50 999 99.0 99.0  2.86 13.79  7.46 197 9999.0 999.0 999.0 999.0 99.0 99.00
2017 10 20 20 50 999 99.0 99.0  2.82 13.79  7.71 201 9999.0 999.0 999.0 999.0 99.0 99.00
2017 10 20 21 50 999 99.0 99.0  3.01 13.79  8.05 204 9999.0 999.0 999.0 999.0 99.0 99.00
2017 10 20 22 50 999 99.0 99.0  2.75 13.79  7.28 190 9999.0 999.0 999.0 999.0 99.0 99.00
2017 10 20 23 50 999 99.0 99.0  2.82 13.79  7.66 199 9999.0 999.0 999.0 999.0 99.0 99.00
2017 10 21 00 50 999 99.0 99.0  2.72 13.79  7.25 200 9999.0 999.0 999.0 999.0 99.0 99.00
2017 10 21 01 50 999 99.0 99.0  2.60 13.79  6.76 196 9999.0 999.0 999.0 999.0 99.0 99.00
2017 10 21 02 50 999 99.0 99.0  2.76 13.79  7.03 196 9999.0 999.0 999.0 999.0 99.0 99.00
2017 10 21 03 50 999 99.0 99.0  2.66 13.79  6.79 185 9999.0 999.0 999.0 999.0 99.0 99.00
2017 10 21 04 50 999 99.0 99.0  2.63 13.79  6.86 190 9999.0 999.0 999.0 999.0 99.0 99.00
2017 10 21 05 50 999 99.0 99.0  2.57 13.79  6.97 176 9999.0 999.0 999.0 999.0 99.0 99.00
2017 10 21 06 50 999 99.0 99.0  2.57 12.90  6.74 209 9999.0 999.0 999.0 999.0 99.0 99.00
2017 10 21 07 50 999 99.0 99.0  2.56 12.90  6.69 194 9999.0 999.0 999.0 999.0 99.0 99.00
2017 10 21 08 50 999 99.0 99.0  2.59 12.90  6.74 199 9999.0 999.0 999.0 999.0 99.0 99.00
2017 10 21 09 50 999 99.0 99.0  2.50  7.69  6.57 150 9999.0 999.0 999.0 999.0 99.0 99.00
2017 10 21 10 50 999 99.0 99.0  2.41 12.90  6.35 194 9999.0 999.0 999.0 999.0 99.0 99.00
2017 10 21 11 50 999 99.0 99.0  2.43 12.12  6.61 206 9999.0 999.0 999.0 999.0 99.0 99.00
2017 10 21 12 50 999 99.0 99.0  2.47 12.90  6.27 207 9999.0 999.0 999.0 999.0 99.0 99.00
2017 10 21 13 50 999 99.0 99.0  2.23 11.43  6.32 167 9999.0 999.0 999.0 999.0 99.0 99.00
2017 10 21 14 50 999 99.0 99.0  2.39 12.90  6.31 175 9999.0 999.0 999.0 999.0 99.0 99.00
2017 10 21 15 50 999 99.0 99.0  2.38 12.90  6.41 206 9999.0 999.0 999.0 999.0 99.0 99.00
2017 10 21 16 50 999 99.0 99.0  2.19  8.33  6.17 140 9999.0 999.0 999.0 999.0 99.0 99.00
2017 10 21 17 50 999 99.0 99.0  2.25 12.90  6.26 211 9999.0 999.0 999.0 999.0 99.0 99.00
2017 10 21 18 50 999 99.0 99.0  2.18 12.90  6.30 219 9999.0 999.0 999.0 999.0 99.0 99.00
2017 10 21 19 50 999 99.0 99.0  2.17 12.90  6.19 170 9999.0 999.0 999.0 999.0 99.0 99.00
2017 10 21 20 50 999 99.0 99.0  2.23 12.12  6.33 205 9999.0 999.0 999.0 999.0 99.0 99.00
2017 10 21 21 50 999 99.0 99.0  2.42 12.12  6.37 198 9999.0 999.0 999.0 999.0 99.0 99.00
2017 10 21 22 50 999 99.0 99.0  2.20 12.12  6.46 204 9999.0 999.0 999.0 999.0 99.0 99.00
2017 10 21 23 50 999 99.0 99.0  2.10  8.33  6.14 141 9999.0 999.0 999.0 999.0 99.0 99.00
2017 10 22 00 50 999 99.0 99.0  2.18 12.12  6.24 194 9999.0 999.0 999.0 999.0 99.0 99.00
2017 10 22 01 50 999 99.0 99.0  2.21 12.12  6.30 193 9999.0 999.0 999.0 999.0 99.0 99.00
2017 10 22 02 50 999 99.0 99.0  2.02 11.43  6.10 213 9999.0 999.0 999.0 999.0 99.0 99.00
2017 10 22 03 50 999 99.0 99.0  2.03  7.69  6.12 135 9999.0 999.0 999.0 999.0 99.0 99.00
2017 10 22 04 50 999 99.0 99.0  1.97 11.43  6.11 195 9999.0 999.0 999.0 999.0 99.0 99.00
2017 10 22 05 50 999 99.0 99.0  1.86 12.12  5.98 177 9999.0 999.0 999.0 999.0 99.0 99.00
2017 10 22 06 50 999 99.0 99.0  2.14 11.43  6.04 195 9999.0 999.0 999.0 999.0 99.0 99.00
2017 10 22 07 50 999 99.0 99.0  1.89 11.43  5.78 209 9999.0 999.0 999.0 999.0 99.0 99.00
2017 10 22 08 50 999 99.0 99.0  1.97 11.43  5.82 192 9999.0 999.0 999.0 999.0 99.0 99.00
2017 10 22 09 50 999 99.0 99.0  2.10  8.33  5.97 142 9999.0 999.0 999.0 999.0 99.0 99.00
2017 10 22 10 50 999 99.0 99.0  2.10 10.00  6.07 182 9999.0 999.0 999.0 999.0 99.0 99.00
2017 10 22 11 50 999 99.0 99.0  2.05 10.81  5.97 182 9999.0 999.0 999.0 999.0 99.0 99.00
2017 10 22 12 50 999 99.0 99.0  2.12  8.33  6.13 145 9999.0 999.0 999.0 999.0 99.0 99.00
2017 10 22 13 50 999 99.0 99.0  2.02  8.33  5.72 140 9999.0 999.0 999.0 999.0 99.0 99.00
2017 10 22 14 50 999 99.0 99.0  2.19  8.33  6.12 137 9999.0 999.0 999.0 999.0 99.0 99.00
2017 10 22 15 50 999 99.0 99.0  1.99  8.33  5.87 132 9999.0 999.0 999.0 999.0 99.0 99.00
2017 10 22 16 50 999 99.0 99.0  1.95  9.09  5.96 147 9999.0 999.0 999.0 999.0 99.0 99.00
2017 10 22 17 50 999 99.0 99.0  1.97  9.09  5.93 138 9999.0 999.0 999.0 999.0 99.0 99.00
2017 10 22 18 50 999 99.0 99.0  1.86  9.09  5.92 156 9999.0 999.0 999.0 999.0 99.0 99.00
2017 10 22 19 50 999 99.0 99.0  1.87  9.09  5.95 143 9999.0 999.0 999.0 999.0 99.0 99.00
2017 10 22 20 50 999 99.0 99.0  1.93  9.09  5.94 148 9999.0 999.0 999.0 999.0 99.0 99.00
2017 10 22 21 50 999 99.0 99.0  1.85  8.33  5.78 153 9999.0 999.0 999.0 999.0 99.0 99.00
2017 10 22 22 50 999 99.0 99.0  1.91  9.09  5.96 156 9999.0 999.0 999.0 999.0 99.0 99.00
2017 10 22 23 50 999 99.0 99.0  1.85  7.69  5.78 146 9999.0 999.0 999.0 999.0 99.0 99.00
2017 10 23 00 50 999 99.0 99.0  1.97  8.33  5.87 142 9999.0 999.0 999.0 999.0 99.0 99.00
2017 10 23 01 50 999 99.0 99.0  1.99  9.09  6.07 144 9999.0 999.0 999.0 999.0 99.0 99.00
2017 10 23 02 50 999 99.0 99.0  1.77 17.39  5.75 229 9999.0 999.0 999.0 999.0 99.0 99.00
2017 10 23 03 50 999 99.0 99.0  1.92 17.39  5.86 229 9999.0 999.0 999.0 999.0 99.0 99.00
2017 10 23 04 50 999 99.0 99.0  1.84  9.09  5.62 146 9999.0 999.0 999.0 999.0 99.0 99.00
2017 10 23 05 50 999 99.0 99.0  1.89  8.33  5.77 139 9999.0 999.0 999.0 999.0 99.0 99.00
2017 10 23 06 50 999 99.0 99.0  1.80 17.39  5.79 206 9999.0 999.0 999.0 999.0 99.0 99.00
2017 10 23 07 50 999 99.0 99.0  1.88 17.39  6.09 197 9999.0 999.0 999.0 999.0 99.0 99.00
2017 10 23 08 50 999 99.0 99.0  1.73  9.09  5.65 148 9999.0 999.0 999.0 999.0 99.0 99.00
2017 10 23 09 50 999 99.0 99.0  1.78  9.09  5.88 132 9999.0 999.0 999.0 999.0 99.0 99.00
2017 10 23 10 50 999 99.0 99.0  1.80 17.39  5.93 232 9999.0 999.0 999.0 999.0 99.0 99.00
2017 10 23 11 50 999 99.0 99.0  1.97 17.39  6.13 194 9999.0 999.0 999.0 999.0 99.0 99.00
2017 10 23 12 50 999 99.0 99.0  1.83 17.39  6.03 181 9999.0 999.0 999.0 999.0 99.0 99.00
2017 10 23 13 50 999 99.0 99.0  1.86 16.00  6.11 196 9999.0 999.0 999.0 999.0 99.0 99.00
2017 10 23 14 50 999 99.0 99.0  1.90 17.39  6.05 225 9999.0 999.0 999.0 999.0 99.0 99.00
2017 10 23 15 50 999 99.0 99.0  1.86 17.39  6.19 231 9999.0 999.0 999.0 999.0 99.0 99.00
2017 10 23 16 50 999 99.0 99.0  1.81 17.39  5.99 218 9999.0 999.0 999.0 999.0 99.0 99.00
2017 10 23 17 50 999 99.0 99.0  1.79 16.00  6.09 208 9999.0 999.0 999.0 999.0 99.0 99.00
2017 10 23 18 50 999 99.0 99.0  1.83 17.39  5.90 245 9999.0 999.0 999.0 999.0 99.0 99.00
2017 10 23 19 50 999 99.0 99.0  1.76 16.00  5.90 206 9999.0 999.0 999.0 999.0 99.0 99.00
2017 10 23 20 50 999 99.0 99.0  1.87 16.00  5.91 211 9999.0 999.0 999.0 999.0 99.0 99.00
2017 10 23 21 50 999 99.0 99.0  1.85 16.00  6.12 213 9999.0 999.0 999.0 999.0 99.0 99.00
2017 10 23 22 50 999 99.0 99.0  1.84 16.00  6.02 201 9999.0 999.0 999.0 999.0 99.0 99.00
2017 10 23 23 50 999 99.0 99.0  1.82  9.09  6.00 141 9999.0 999.0 999.0 999.0 99.0 99.00
2017 10 24 00 50 999 99.0 99.0  1.84 16.00  5.98 235 9999.0 999.0 999.0 999.0 99.0 99.00
2017 10 24 01 50 999 99.0 99.0  1.69 16.00  5.66 206 9999.0 999.0 999.0 999.0 99.0 99.00
2017 10 24 02 50 999 99.0 99.0  1.87 16.00  5.75 226 9999.0 999.0 999.0 999.0 99.0 99.00
2017 10 24 03 50 999 99.0 99.0  1.87 16.00  5.89 232 9999.0 999.0 999.0 999.0 99.0 99.00
2017 10 24 04 50 999 99.0 99.0  1.78 16.00  5.69 236 9999.0 999.0 999.0 999.0 99.0 99.00
2017 10 24 05 50 999 99.0 99.0  1.78 16.00  5.85 228 9999.0 999.0 999.0 999.0 99.0 99.00
2017 10 24 06 50 999 99.0 99.0  1.72 16.00  5.72 224 9999.0 999.0 999.0 999.0 99.0 99.00
2017 10 24 07 50 999 99.0 99.0  1.80 14.81  5.63 188 9999.0 999.0 999.0 999.0 99.0 99.00
2017 10 24 08 50 999 99.0 99.0  1.75 16.00  5.71 220 9999.0 999.0 999.0 999.0 99.0 99.00
2017 10 24 09 50 999 99.0 99.0  1.84 16.00  5.59 216 9999.0 999.0 999.0 999.0 99.0 99.00
2017 10 24 10 50 999 99.0 99.0  1.98 16.00  5.77 193 9999.0 999.0 999.0 999.0 99.0 99.00
2017 10 24 11 50 999 99.0 99.0  1.92 14.81  5.77 212 9999.0 999.0 999.0 999.0 99.0 99.00
2017 10 24 12 50 999 99.0 99.0  1.74 14.81  5.32 236 9999.0 999.0 999.0 999.0 99.0 99.00
2017 10 24 13 50 999 99.0 99.0  1.87 14.81  5.53 176 9999.0 999.0 999.0 999.0 99.0 99.00
2017 10 24 14 50 999 99.0 99.0  1.90 14.81  5.57 241 9999.0 999.0 999.0 999.0 99.0 99.00
2017 10 24 15 50 999 99.0 99.0  1.81 14.81  5.70 218 9999.0 999.0 999.0 999.0 99.0 99.00
2017 10 24 16 50 999 99.0 99.0  1.88 14.81  5.61 243 9999.0 999.0 999.0 999.0 99.0 99.00
2017 10 24 17 50 999 99.0 99.0  1.98 14.81  5.95 202 9999.0 999.0 999.0 999.0 99.0 99.00
2017 10 24 18 50 999 99.0 99.0  1.85 16.00  5.37 187 9999.0 999.0 999.0 999.0 99.0 99.00
2017 10 24 19 50 999 99.0 99.0  1.77 14.81  5.30 162 9999.0 999.0 999.0 999.0 99.0 99.00
2017 10 24 20 50 999 99.0 99.0  2.01 14.81  5.73 232 9999.0 999.0 999.0 999.0 99.0 99.00
2017 10 24 21 50 999 99.0 99.0  2.01 14.81  5.75 240 9999.0 999.0 999.0 999.0 99.0 99.00
2017 10 24 22 50 999 99.0 99.0  2.02 13.79  5.74 225 9999.0 999.0 999.0 999.0 99.0 99.00
2017 10 24 23 50 999 99.0 99.0  1.96  6.67  5.63 136 9999.0 999.0 999.0 999.0 99.0 99.00
2017 10 25 00 50 999 99.0 99.0  2.08 14.81  5.50 240 9999.0 999.0 999.0 999.0 99.0 99.00
2017 10 25 01 50 999 99.0 99.0  2.08 14.81  5.64 224 9999.0 999.0 999.0 999.0 99.0 99.00
2017 10 25 02 50 999 99.0 99.0  2.05  7.69  5.40 134 9999.0 999.0 999.0 999.0 99.0 99.00
2017 10 25 03 50 999 99.0 99.0  2.21  6.25  5.71 139 9999.0 999.0 999.0 999.0 99.0 99.00
2017 10 25 04 50 999 99.0 99.0  2.11 14.81  5.84 235 9999.0 999.0 999.0 999.0 99.0 99.00
2017 10 25 05 50 999 99.0 99.0  2.00  6.67  5.59 141 9999.0 999.0 999.0 999.0 99.0 99.00
2017 10 25 06 50 999 99.0 99.0  2.00 14.81  5.60 229 9999.0 999.0 999.0 999.0 99.0 99.00
2017 10 25 07 50 999 99.0 99.0  1.93  7.14  5.45 136 9999.0 999.0 999.0 999.0 99.0 99.00
2017 10 25 08 50 999 99.0 99.0  2.08  7.14  5.78 146 9999.0 999.0 999.0 999.0 99.0 99.00
2017 10 25 09 50 999 99.0 99.0  2.02 14.81  5.51 203 9999.0 999.0 999.0 999.0 99.0 99.00
2017 10 25 10 50 999 99.0 99.0  2.00  7.69  5.62 146 9999.0 999.0 999.0 999.0 99.0 99.00
2017 10 25 11 50 999 99.0 99.0  2.18 14.81  5.70 245 9999.0 999.0 999.0 999.0 99.0 99.00
2017 10 25 12 50 999 99.0 99.0  2.10  6.25  5.49 135 9999.0 999.0 999.0 999.0 99.0 99.00
2017 10 25 13 50 999 99.0 99.0  2.13  7.14  5.63 139 9999.0 999.0 999.0 999.0 99.0 99.00
2017 10 25 14 50 999 99.0 99.0  2.15  8.33  5.62 144 9999.0 999.0 999.0 999.0 99.0 99.00
2017 10 25 15 50 999 99.0 99.0  2.21  7.69  5.74 135 9999.0 999.0 999.0 999.0 99.0 99.00
2017 10 25 16 50 999 99.0 99.0  2.23  7.14  5.57 132 9999.0 999.0 999.0 999.0 99.0 99.00
2017 10 25 17 50 999 99.0 99.0  2.25  7.69  5.76 146 9999.0 999.0 999.0 999.0 99.0 99.00
2017 10 25 18 50 999 99.0 99.0  2.11  7.14  5.65 137 9999.0 999.0 999.0 999.0 99.0 99.00
2017 10 25 19 50 999 99.0 99.0  2.20  7.69  5.72 138 9999.0 999.0 999.0 999.0 99.0 99.00
2017 10 25 20 50 999 99.0 99.0  2.20  7.69  5.72 139 9999.0 999.0 999.0 999.0 99.0 99.00
2017 10 25 21 50 999 99.0 99.0  2.28  7.69  6.09 135 9999.0 999.0 999.0 999.0 99.0 99.00
2017 10 25 22 50 999 99.0 99.0  2.15  7.69  5.95 131 9999.0 999.0 999.0 999.0 99.0 99.00
2017 10 25 23 50 999 99.0 99.0  2.31  8.33  6.07 155 9999.0 999.0 999.0 999.0 99.0 99.00
2017 10 26 00 50 999 99.0 99.0  2.44  7.69  6.04 140 9999.0 999.0 999.0 999.0 99.0 99.00
2017 10 26 01 50 999 99.0 99.0  2.43  7.69  6.13 140 9999.0 999.0 999.0 999.0 99.0 99.00
2017 10 26 02 50 999 99.0 99.0  2.36  7.69  6.01 146 9999.0 999.0 999.0 999.0 99.0 99.00
2017 10 26 03 50 999 99.0 99.0  2.45 13.79  6.15 209 9999.0 999.0 999.0 999.0 99.0 99.00
2017 10 26 04 50 999 99.0 99.0  2.55 12.90  6.36 202 9999.0 999.0 999.0 999.0 99.0 99.00
2017 10 26 05 50 999 99.0 99.0  2.40  7.69  6.14 138 9999.0 999.0 999.0 999.0 99.0 99.00
2017 10 26 06 50 999 99.0 99.0  2.51 14.81  6.21 206 9999.0 999.0 999.0 999.0 99.0 99.00
2017 10 26 07 50 999 99.0 99.0  2.49 12.12  6.35 208 9999.0 999.0 999.0 999.0 99.0 99.00
2017 10 26 08 50 999 99.0 99.0  2.65 12.12  6.46 206 9999.0 999.0 999.0 999.0 99.0 99.00
2017 10 26 09 50 999 99.0 99.0  2.51 14.81  6.41 195 9999.0 999.0 999.0 999.0 99.0 99.00
2017 10 26 10 50 999 99.0 99.0  2.83 13.79  7.12 216 9999.0 999.0 999.0 999.0 99.0 99.00
2017 10 26 11 50 999 99.0 99.0  2.80 13.79  6.84 194 9999.0 999.0 999.0 999.0 99.0 99.00
2017 10 26 12 50 999 99.0 99.0  2.63 14.81  6.74 209 9999.0 999.0 999.0 999.0 99.0 99.00
2017 10 26 13 50 999 99.0 99.0  2.85 14.81  6.93 205 9999.0 999.0 999.0 999.0 99.0 99.00
2017 10 26 14 50 999 99.0 99.0  2.88 14.81  6.96 201 9999.0 999.0 999.0 999.0 99.0 99.00
2017 10 26 15 50 999 99.0 99.0  2.98 13.79  6.84 209 9999.0 999.0 999.0 999.0 99.0 99.00
2017 10 26 16 50 999 99.0 99.0  2.79 14.81  6.73 200 9999.0 999.0 999.0 999.0 99.0 99.00
2017 10 26 17 50 999 99.0 99.0  2.89 13.79  6.82 199 9999.0 999.0 999.0 999.0 99.0 99.00
2017 10 26 18 50 999 99.0 99.0  2.96 14.81  7.18 195 9999.0 999.0 999.0 999.0 99.0 99.00
2017 10 26 19 50 999 99.0 99.0  2.99 13.79  6.98 207 9999.0 999.0 999.0 999.0 99.0 99.00
2017 10 26 20 50 999 99.0 99.0  3.05 13.79  7.49 213 9999.0 999.0 999.0 999.0 99.0 99.00
2017 10 26 21 50 999 99.0 99.0  2.87 13.79  6.95 200 9999.0 999.0 999.0 999.0 99.0 99.00
2017 10 26 22 50 999 99.0 99.0  3.03 13.79  7.24 212 9999.0 999.0 999.0 999.0 99.0 99.00
2017 10 26 23 50 999 99.0 99.0  2.69 13.79  6.52 221 9999.0 999.0 999.0 999.0 99.0 99.00
2017 10 27 00 50 999 99.0 99.0  2.98 13.79  7.30 201 9999.0 999.0 999.0 999.0 99.0 99.00
2017 10 27 01 50 999 99.0 99.0  2.83 13.79  6.99 217 9999.0 999.0 999.0 999.0 99.0 99.00
2017 10 27 02 50 999 99.0 99.0  2.67 13.79  6.56 215 9999.0 999.0 999.0 999.0 99.0 99.00
2017 10 27 03 50 999 99.0 99.0  2.88 13.79  6.84 211 9999.0 999.0 999.0 999.0 99.0 99.00
2017 10 27 04 50 999 99.0 99.0  2.89 13.79  7.06 208 9999.0 999.0 999.0 999.0 99.0 99.00
2017 10 27 05 50 999 99.0 99.0  2.76 12.90  7.00 205 9999.0 999.0 999.0 999.0 99.0 99.00
2017 10 27 06 50 999 99.0 99.0  2.64 13.79  6.64 213 9999.0 999.0 999.0 999.0 99.0 99.00
2017 10 27 07 50 999 99.0 99.0  2.89 13.79  6.96 213 9999.0 999.0 999.0 999.0 99.0 99.00
2017 10 27 08 50 999 99.0 99.0  2.70 12.90  7.03 209 9999.0 999.0 999.0 999.0 99.0 99.00
2017 10 27 09 50 999 99.0 99.0  2.57 13.79  6.87 218 9999.0 999.0 999.0 999.0 99.0 99.00
2017 10 27 10 50 999 99.0 99.0  2.62 12.90  6.94 206 9999.0 999.0 999.0 999.0 99.0 99.00
2017 10 27 11 50 999 99.0 99.0  2.36 12.12  6.73 200 9999.0 999.0 999.0 999.0 99.0 99.00
2017 10 27 12 50 999 99.0 99.0  2.56 12.90  6.89 199 9999.0 999.0 999.0 999.0 99.0 99.00
2017 10 27 13 50 999 99.0 99.0  2.68 12.90  6.87 223 9999.0 999.0 999.0 999.0 99.0 99.00
2017 10 27 14 50 999 99.0 99.0  2.54 12.90  6.73 204 9999.0 999.0 999.0 999.0 99.0 99.00
2017 10 27 15 50 999 99.0 99.0  2.66  7.69  6.82 147 9999.0 999.0 999.0 999.0 99.0 99.00
2017 10 27 16 50 999 99.0 99.0  2.43  7.69  6.64 151 9999.0 999.0 999.0 999.0 99.0 99.00
2017 10 27 17 50 999 99.0 99.0  2.46 13.79  6.77 199 9999.0 999.0 999.0 999.0 99.0 99.00
2017 10 27 18 50 999 99.0 99.0  2.50 12.90  7.14 205 9999.0 999.0 999.0 999.0 99.0 99.00
2017 10 27 19 50 999 99.0 99.0  2.37 12.90  7.10 215 9999.0 999.0 999.0 999.0 99.0 99.00
2017 10 27 20 50 999 99.0 99.0  2.28  8.33  6.68 154 9999.0 999.0 999.0 999.0 99.0 99.00
2017 10 27 21 50 999 99.0 99.0  2.24 12.90  6.90 196 9999.0 999.0 999.0 999.0 99.0 99.00
2017 10 27 22 50 999 99.0 99.0  2.24 12.90  6.80 217 9999.0 999.0 999.0 999.0 99.0 99.00
2017 10 27 23 50 999 99.0 99.0  2.22 12.90  6.56 194 9999.0 999.0 999.0 999.0 99.0 99.00
2017 10 28 00 50 999 99.0 99.0  2.18 12.12  6.38 213 9999.0 999.0 999.0 999.0 99.0 99.00
2017 10 28 01 50 999 99.0 99.0  2.19  7.69  6.33 140 9999.0 999.0 999.0 999.0 99.0 99.00
2017 10 28 02 50 999 99.0 99.0  2.27 12.90  6.45 209 9999.0 999.0 999.0 999.0 99.0 99.00
2017 10 28 03 50 999 99.0 99.0  2.07  7.69  6.13 145 9999.0 999.0 999.0 999.0 99.0 99.00
2017 10 28 04 50 999 99.0 99.0  2.33 12.90  6.79 197 9999.0 999.0 999.0 999.0 99.0 99.00
2017 10 28 05 50 999 99.0 99.0  2.27 12.90  6.57 199 9999.0 999.0 999.0 999.0 99.0 99.00
2017 10 28 06 50 999 99.0 99.0  2.26 12.90  6.40 197 9999.0 999.0 999.0 999.0 99.0 99.00
2017 10 28 07 50 999 99.0 99.0  2.19 12.90  6.28 202 9999.0 999.0 999.0 999.0 99.0 99.00
2017 10 28 08 50 999 99.0 99.0  2.08 12.90  6.18 185 9999.0 999.0 999.0 999.0 99.0 99.00
2017 10 28 09 50 999 99.0 99.0  2.26 12.90  6.16 195 9999.0 999.0 999.0 999.0 99.0 99.00
2017 10 28 10 50 999 99.0 99.0  2.00 12.12  5.90 198 9999.0 999.0 999.0 999.0 99.0 99.00
2017 10 28 11 50 999 99.0 99.0  2.16 11.43  6.39 206 9999.0 999.0 999.0 999.0 99.0 99.00
2017 10 28 12 50 999 99.0 99.0  2.02 12.90  6.11 210 9999.0 999.0 999.0 999.0 99.0 99.00
2017 10 28 13 50 999 99.0 99.0  2.03 12.90  6.08 200 9999.0 999.0 999.0 999.0 99.0 99.00
2017 10 28 14 50 999 99.0 99.0  2.16 12.12  6.45 208 9999.0 999.0 999.0 999.0 99.0 99.00
2017 10 28 15 50 999 99.0 99.0  2.03 12.12  6.11 191 9999.0 999.0 999.0 999.0 99.0 99.00
2017 10 28 16 50 999 99.0 99.0  1.95 12.90  6.09 201 9999.0 999.0 999.0 999.0 99.0 99.00
2017 10 28 17 50 999 99.0 99.0  2.07 12.12  6.53 189 9999.0 999.0 999.0 999.0 99.0 99.00
2017 10 28 18 50 999 99.0 99.0  1.82 12.12  6.25 213 9999.0 999.0 999.0 999.0 99.0 99.00
2017 10 28 19 50 999 99.0 99.0  1.93 12.12  6.75 209 9999.0 999.0 999.0 999.0 99.0 99.00
2017 10 28 20 50 999 99.0 99.0  1.92 12.12  6.46 192 9999.0 999.0 999.0 999.0 99.0 99.00
2017 10 28 21 50 999 99.0 99.0  1.86 14.81  6.41 290 9999.0 999.0 999.0 999.0 99.0 99.00
2017 10 28 22 50 999 99.0 99.0  1.82 12.90  6.36 186 9999.0 999.0 999.0 999.0 99.0 99.00
2017 10 28 23 50 999 99.0 99.0  2.09 12.12  6.79 205 9999.0 999.0 999.0 999.0 99.0 99.00
2017 10 29 00 50 999 99.0 99.0  1.89 11.43  6.33 209 9999.0 999.0 999.0 999.0 99.0 99.00
2017 10 29 01 50 999 99.0 99.0  1.97 11.43  6.23 191 9999.0 999.0 999.0 999.0 99.0 99.00
2017 10 29 02 50 999 99.0 99.0  1.88 12.90  6.30 245 9999.0 999.0 999.0 999.0 99.0 99.00
2017 10 29 03 50 999 99.0 99.0  1.98 11.43  5.98 205 9999.0 999.0 999.0 999.0 99.0 99.00
2017 10 29 04 50 999 99.0 99.0  1.97 10.81  5.78 199 9999.0 999.0 999.0 999.0 99.0 99.00
2017 10 29 05 50 999 99.0 99.0  1.95 11.43  5.87 213 9999.0 999.0 999.0 999.0 99.0 99.00
2017 10 29 06 50 999 99.0 99.0  2.01 11.43  6.04 208 9999.0 999.0 999.0 999.0 99.0 99.00
2017 10 29 07 50 999 99.0 99.0  1.94 11.43  6.00 206 9999.0 999.0 999.0 999.0 99.0 99.00
2017 10 29 08 50 999 99.0 99.0  2.01 11.43  5.82 187 9999.0 999.0 999.0 999.0 99.0 99.00
2017 10 29 09 50 999 99.0 99.0  1.87 13.79  5.79 287 9999.0 999.0 999.0 999.0 99.0 99.00
2017 10 29 10 50 999 99.0 99.0  1.93 10.81  5.58 194 9999.0 999.0 999.0 999.0 99.0 99.00
2017 10 29 11 50 999 99.0 99.0  1.82 14.81  5.64 327 9999.0 999.0 999.0 999.0 99.0 99.00
2017 10 29 12 50 999 99.0 99.0  1.90 12.90  5.65 204 9999.0 999.0 999.0 999.0 99.0 99.00
2017 10 29 13 50 999 99.0 99.0  1.93  7.14  5.53 148 9999.0 999.0 999.0 999.0 99.0 99.00
2017 10 29 14 50 999 99.0 99.0  1.91 12.90  5.89 237 9999.0 999.0 999.0 999.0 99.0 99.00
2017 10 29 15 50 999 99.0 99.0  1.94 13.79  5.73 300 9999.0 999.0 999.0 999.0 99.0 99.00
2017 10 29 16 50 999 99.0 99.0  1.95 10.81  5.57 182 9999.0 999.0 999.0 999.0 99.0 99.00
2017 10 29 17 50 999 99.0 99.0  1.77 13.79  5.38 267 9999.0 999.0 999.0 999.0 99.0 99.00
2017 10 29 18 50 999 99.0 99.0  1.99  7.14  5.71 149 9999.0 999.0 999.0 999.0 99.0 99.00
2017 10 29 19 50 999 99.0 99.0  1.93  7.14  5.60 152 9999.0 999.0 999.0 999.0 99.0 99.00
2017 10 29 20 50 999 99.0 99.0  1.74  6.67  5.53 143 9999.0 999.0 999.0 999.0 99.0 99.00
2017 10 29 21 50 999 99.0 99.0  1.85  7.14  5.70 150 9999.0 999.0 999.0 999.0 99.0 99.00
2017 10 29 22 50 999 99.0 99.0  1.94 11.43  5.87 215 9999.0 999.0 999.0 999.0 99.0 99.00
2017 10 29 23 50 999 99.0 99.0  1.86 10.81  5.74 209 9999.0 999.0 999.0 999.0 99.0 99.00
2017 10 30 00 50 999 99.0 99.0  1.89  7.14  5.55 153 9999.0 999.0 999.0 999.0 99.0 99.00
2017 10 30 01 50 999 99.0 99.0  1.91  7.14  5.69 141 9999.0 999.0 999.0 999.0 99.0 99.00
2017 10 30 02 50 999 99.0 99.0  1.96  7.14  5.77 143 9999.0 999.0 999.0 999.0 99.0 99.00
2017 10 30 03 50 999 99.0 99.0  1.96  7.14  5.66 160 9999.0 999.0 999.0 999.0 99.0 99.00
2017 10 30 04 50 999 99.0 99.0  1.81  6.67  5.71 133 9999.0 999.0 999.0 999.0 99.0 99.00
2017 10 30 05 50 999 99.0 99.0  1.85 12.12  5.76 205 9999.0 999.0 999.0 999.0 99.0 99.00
2017 10 30 06 50 999 99.0 99.0  1.75  5.56  5.47 118 9999.0 999.0 999.0 999.0 99.0 99.00
2017 10 30 07 50 999 99.0 99.0  1.88  6.67  5.93 130 9999.0 999.0 999.0 999.0 99.0 99.00
2017 10 30 08 50 999 99.0 99.0  1.91 17.39  5.71 308 9999.0 999.0 999.0 999.0 99.0 99.00
2017 10 30 09 50 999 99.0 99.0  1.89  5.26  5.60 110 9999.0 999.0 999.0 999.0 99.0 99.00
2017 10 30 10 50 999 99.0 99.0  1.79 13.79  5.89 165 9999.0 999.0 999.0 999.0 99.0 99.00
2017 10 30 11 50 999 99.0 99.0  1.91 12.90  5.84 225 9999.0 999.0 999.0 999.0 99.0 99.00
2017 10 30 12 50 999 99.0 99.0  1.98 12.90  5.93 206 9999.0 999.0 999.0 999.0 99.0 99.00
2017 10 30 13 50 999 99.0 99.0  1.94 12.90  6.01 213 9999.0 999.0 999.0 999.0 99.0 99.00
2017 10 30 15 50 999 99.0 99.0  1.94 12.90  6.24 164 9999.0 999.0 999.0 999.0 99.0 99.00
2017 10 30 16 50 999 99.0 99.0  2.22 12.90  6.99 184 9999.0 999.0 999.0 999.0 99.0 99.00
2017 10 30 17 50 999 99.0 99.0  2.25 11.43  6.93 187 9999.0 999.0 999.0 999.0 99.0 99.00
2017 10 30 18 50 999 99.0 99.0  2.26 12.12  7.00 192 9999.0 999.0 999.0 999.0 99.0 99.00
2017 10 30 19 50 999 99.0 99.0  2.21 12.12  6.79 190 9999.0 999.0 999.0 999.0 99.0 99.00
2017 10 30 20 50 999 99.0 99.0  2.48 12.12  7.18 188 9999.0 999.0 999.0 999.0 99.0 99.00
2017 10 30 21 50 999 99.0 99.0  2.53 12.12  7.28 179 9999.0 999.0 999.0 999.0 99.0 99.00
2017 10 30 22 50 999 99.0 99.0  2.65 10.81  7.25 180 9999.0 999.0 999.0 999.0 99.0 99.00
2017 10 30 23 50 999 99.0 99.0  2.43 10.81  6.99 194 9999.0 999.0 999.0 999.0 99.0 99.00
2017 10 31 00 50 999 99.0 99.0  2.47 11.43  6.77 188 9999.0 999.0 999.0 999.0 99.0 99.00
2017 10 31 01 50 999 99.0 99.0  2.43 12.90  7.04 191 9999.0 999.0 999.0 999.0 99.0 99.00
2017 10 31 02 50 999 99.0 99.0  2.33 10.00  6.58 183 9999.0 999.0 999.0 999.0 99.0 99.00
2017 10 31 03 50 999 99.0 99.0  2.29 12.12  6.87 193 9999.0 999.0 999.0 999.0 99.0 99.00
2017 10 31 04 50 999 99.0 99.0  2.40 11.43  6.86 190 9999.0 999.0 999.0 999.0 99.0 99.00
2017 10 31 05 50 999 99.0 99.0  2.38 12.12  6.73 199 9999.0 999.0 999.0 999.0 99.0 99.00
2017 10 31 06 50 999 99.0 99.0  2.53 12.90  7.26 180 9999.0 999.0 999.0 999.0 99.0 99.00
2017 10 31 07 50 999 99.0 99.0  2.28 12.90  7.26 184 9999.0 999.0 999.0 999.0 99.0 99.00
2017 10 31 08 50 999 99.0 99.0  2.36 12.12  6.80 187 9999.0 999.0 999.0 999.0 99.0 99.00
2017 10 31 09 50 999 99.0 99.0  2.41 12.12  6.90 181 9999.0 999.0 999.0 999.0 99.0 99.00
2017 10 31 10 50 999 99.0 99.0  2.46 11.43  7.19 189 9999.0 999.0 999.0 999.0 99.0 99.00
2017 10 31 11 50 999 99.0 99.0  2.35 12.90  7.22 175 9999.0 999.0 999.0 999.0 99.0 99.00
2017 10 31 12 50 999 99.0 99.0  2.22 12.90  6.99 191 9999.0 999.0 999.0 999.0 99.0 99.00
2017 10 31 13 50 999 99.0 99.0  2.51 12.90  7.53 190 9999.0 999.0 999.0 999.0 99.0 99.00
2017 10 31 14 50 999 99.0 99.0  2.25 12.12  6.83 182 9999.0 999.0 999.0 999.0 99.0 99.00
2017 10 31 15 50 999 99.0 99.0  2.31 12.90  7.02 185 9999.0 999.0 999.0 999.0 99.0 99.00
2017 10 31 16 50 999 99.0 99.0  2.42 12.12  7.52 186 9999.0 999.0 999.0 999.0 99.0 99.00
2017 10 31 17 50 999 99.0 99.0  2.55 12.12  7.43 189 9999.0 999.0 999.0 999.0 99.0 99.00
2017 10 31 18 50 999 99.0 99.0  2.18 12.90  6.90 190 9999.0 999.0 999.0 999.0 99.0 99.00
2017 10 31 19 50 999 99.0 99.0  2.16 12.90  7.12 190 9999.0 999.0 999.0 999.0 99.0 99.00
2017 10 31 20 50 999 99.0 99.0  2.45 12.90  7.88 195 9999.0 999.0 999.0 999.0 99.0 99.00
2017 10 31 21 50 999 99.0 99.0  2.38 12.12  7.44 188 9999.0 999.0 999.0 999.0 99.0 99.00
2017 10 31 22 50 999 99.0 99.0  2.12 11.43  7.06 194 9999.0 999.0 999.0 999.0 99.0 99.00
2017 10 31 23 50 999 99.0 99.0  2.41 12.90  7.63 190 9999.0 999.0 999.0 999.0 99.0 99.00
2017 11 01 00 50 999 99.0 99.0  2.26 12.12  7.14 187 9999.0 999.0 999.0 999.0 99.0 99.00
2017 11 01 01 50 999 99.0 99.0  2.12 12.12  6.83 188 9999.0 999.0 999.0 999.0 99.0 99.00
2017 11 01 02 50 999 99.0 99.0  2.15 11.43  6.87 189 9999.0 999.0 999.0 999.0 99.0 99.00
2017 11 01 03 50 999 99.0 99.0  2.28 12.12  6.90 192 9999.0 999.0 999.0 999.0 99.0 99.00
2017 11 01 04 50 999 99.0 99.0  2.11 11.43  6.68 182 9999.0 999.0 999.0 999.0 99.0 99.00
2017 11 01 05 50 999 99.0 99.0  2.10 12.12  6.97 184 9999.0 999.0 999.0 999.0 99.0 99.00
2017 11 01 06 50 999 99.0 99.0  1.97 11.43  6.31 192 9999.0 999.0 999.0 999.0 99.0 99.00
2017 11 01 07 50 999 99.0 99.0  2.05 12.12  6.69 190 9999.0 999.0 999.0 999.0 99.0 99.00
2017 11 01 08 50 999 99.0 99.0  2.05 11.43  6.37 195 9999.0 999.0 999.0 999.0 99.0 99.00
2017 11 01 09 50 999 99.0 99.0  1.94 12.12  6.28 195 9999.0 999.0 999.0 999.0 99.0 99.00
2017 11 01 10 50 999 99.0 99.0  2.00 11.43  6.25 174 9999.0 999.0 999.0 999.0 99.0 99.00
2017 11 01 11 50 999 99.0 99.0  1.87 11.43  6.32 186 9999.0 999.0 999.0 999.0 99.0 99.00
2017 11 01 12 50 999 99.0 99.0  2.00 11.43  6.32 191 9999.0 999.0 999.0 999.0 99.0 99.00
2017 11 01 13 50 999 99.0 99.0  1.83 12.12  6.05 180 9999.0 999.0 999.0 999.0 99.0 99.00
2017 11 01 14 50 999 99.0 99.0  1.86 11.43  5.99 180 9999.0 999.0 999.0 999.0 99.0 99.00
2017 11 01 15 50 999 99.0 99.0  1.85 12.12  5.95 189 9999.0 999.0 999.0 999.0 99.0 99.00
2017 11 01 16 50 999 99.0 99.0  1.78 12.12  5.82 171 9999.0 999.0 999.0 999.0 99.0 99.00
2017 11 01 17 50 999 99.0 99.0  1.70 11.43  6.07 185 9999.0 999.0 999.0 999.0 99.0 99.00
2017 11 01 18 50 999 99.0 99.0  1.91 11.43  6.21 204 9999.0 999.0 999.0 999.0 99.0 99.00
2017 11 01 19 50 999 99.0 99.0  1.70 10.00  5.69 187 9999.0 999.0 999.0 999.0 99.0 99.00
2017 11 01 20 50 999 99.0 99.0  1.69 11.43  5.69 199 9999.0 999.0 999.0 999.0 99.0 99.00
2017 11 01 21 50 999 99.0 99.0  1.82 10.81  6.07 204 9999.0 999.0 999.0 999.0 99.0 99.00
2017 11 01 22 50 999 99.0 99.0  1.73 11.43  5.98 204 9999.0 999.0 999.0 999.0 99.0 99.00
2017 11 01 23 50 999 99.0 99.0  1.65 10.81  5.76 182 9999.0 999.0 999.0 999.0 99.0 99.00
2017 11 02 00 50 999 99.0 99.0  1.62 10.81  5.58 190 9999.0 999.0 999.0 999.0 99.0 99.00
2017 11 02 01 50 999 99.0 99.0  1.71 11.43  5.86 189 9999.0 999.0 999.0 999.0 99.0 99.00
2017 11 02 02 50 999 99.0 99.0  1.56  5.88  5.37  94 9999.0 999.0 999.0 999.0 99.0 99.00
2017 11 02 03 50 999 99.0 99.0  1.63 14.81  5.69 266 9999.0 999.0 999.0 999.0 99.0 99.00
2017 11 02 04 50 999 99.0 99.0  1.54 12.12  5.48 182 9999.0 999.0 999.0 999.0 99.0 99.00
2017 11 02 05 50 999 99.0 99.0  1.63 21.05  5.72 255 9999.0 999.0 999.0 999.0 99.0 99.00
2017 11 02 06 50 999 99.0 99.0  1.66 13.79  5.81 256 9999.0 999.0 999.0 999.0 99.0 99.00
2017 11 02 07 50 999 99.0 99.0  1.51 10.81  5.47 186 9999.0 999.0 999.0 999.0 99.0 99.00
2017 11 02 08 50 999 99.0 99.0  1.81 21.05  6.56 300 9999.0 999.0 999.0 999.0 99.0 99.00
2017 11 02 09 50 999 99.0 99.0  1.72 23.53  6.26 327 9999.0 999.0 999.0 999.0 99.0 99.00
2017 11 02 10 50 999 99.0 99.0  1.61 13.79  5.79 188 9999.0 999.0 999.0 999.0 99.0 99.00
2017 11 02 11 50 999 99.0 99.0  1.61 21.05  5.77 329 9999.0 999.0 999.0 999.0 99.0 99.00
2017 11 02 12 50 999 99.0 99.0  1.72 23.53  6.45 306 9999.0 999.0 999.0 999.0 99.0 99.00
2017 11 02 13 50 999 99.0 99.0  1.95 23.53  7.14 333 9999.0 999.0 999.0 999.0 99.0 99.00
2017 11 02 15 50 999 99.0 99.0  1.90 21.05  6.76 328 9999.0 999.0 999.0 999.0 99.0 99.00
2017 11 02 16 50 999 99.0 99.0  1.83 21.05  6.65 287 9999.0 999.0 999.0 999.0 99.0 99.00
2017 11 02 17 50 999 99.0 99.0  1.84 13.79  6.36 229 9999.0 999.0 999.0 999.0 99.0 99.00
2017 11 02 18 50 999 99.0 99.0  2.12 21.05  7.76 299 9999.0 999.0 999.0 999.0 99.0 99.00
2017 11 02 19 50 999 99.0 99.0  2.02 21.05  7.34 306 9999.0 999.0 999.0 999.0 99.0 99.00
2017 11 02 20 50 999 99.0 99.0  1.94 21.05  7.22 293 9999.0 999.0 999.0 999.0 99.0 99.00
2017 11 02 21 50 999 99.0 99.0  2.11 12.12  7.56 169 9999.0 999.0 999.0 999.0 99.0 99.00
2017 11 02 22 50 999 99.0 99.0  2.08 21.05  7.56 300 9999.0 999.0 999.0 999.0 99.0 99.00
2017 11 02 23 50 999 99.0 99.0  2.24 21.05  8.39 288 9999.0 999.0 999.0 999.0 99.0 99.00
2017 11 03 00 50 999 99.0 99.0  2.00 12.12  7.52 174 9999.0 999.0 999.0 999.0 99.0 99.00
2017 11 03 01 50 999 99.0 99.0  2.35 21.05  8.50 295 9999.0 999.0 999.0 999.0 99.0 99.00
2017 11 03 02 50 999 99.0 99.0  2.07 21.05  7.84 291 9999.0 999.0 999.0 999.0 99.0 99.00
2017 11 03 03 50 999 99.0 99.0  1.94 21.05  7.41 284 9999.0 999.0 999.0 999.0 99.0 99.00
2017 11 03 04 50 999 99.0 99.0  2.21 21.05  7.67 300 9999.0 999.0 999.0 999.0 99.0 99.00
2017 11 03 05 50 999 99.0 99.0  2.03 21.05  7.24 304 9999.0 999.0 999.0 999.0 99.0 99.00
2017 11 03 06 50 999 99.0 99.0  2.43 21.05  8.12 304 9999.0 999.0 999.0 999.0 99.0 99.00
2017 11 03 07 50 999 99.0 99.0  1.82 12.12  6.46 185 9999.0 999.0 999.0 999.0 99.0 99.00
2017 11 03 08 50 999 99.0 99.0  2.26 21.05  7.59 308 9999.0 999.0 999.0 999.0 99.0 99.00
2017 11 03 09 50 999 99.0 99.0  2.03 21.05  7.13 304 9999.0 999.0 999.0 999.0 99.0 99.00
2017 11 03 10 50 999 99.0 99.0  2.11 12.12  7.30 185 9999.0 999.0 999.0 999.0 99.0 99.00
2017 11 03 11 50 999 99.0 99.0  2.27 12.90  7.10 185 9999.0 999.0 999.0 999.0 99.0 99.00
2017 11 03 12 50 999 99.0 99.0  2.04 19.05  7.00 292 9999.0 999.0 999.0 999.0 99.0 99.00
2017 11 03 13 50 999 99.0 99.0  2.00 19.05  6.84 349 9999.0 999.0 999.0 999.0 99.0 99.00
2017 11 03 14 50 999 99.0 99.0  2.05 19.05  7.01 278 9999.0 999.0 999.0 999.0 99.0 99.00
2017 11 03 15 50 999 99.0 99.0  2.01 12.90  7.18 191 9999.0 999.0 999.0 999.0 99.0 99.00
2017 11 03 16 50 999 99.0 99.0  2.06 12.12  7.32 169 9999.0 999.0 999.0 999.0 99.0 99.00
2017 11 03 17 50 999 99.0 99.0  2.21 19.05  7.71 292 9999.0 999.0 999.0 999.0 99.0 99.00
2017 11 03 18 50 999 99.0 99.0  2.15 19.05  7.58 315 9999.0 999.0 999.0 999.0 99.0 99.00
2017 11 03 19 50 999 99.0 99.0  2.04 19.05  7.70 293 9999.0 999.0 999.0 999.0 99.0 99.00
2017 11 03 20 50 999 99.0 99.0  1.94 11.43  7.30 190 9999.0 999.0 999.0 999.0 99.0 99.00
2017 11 03 21 50 999 99.0 99.0  2.13 19.05  7.73 324 9999.0 999.0 999.0 999.0 99.0 99.00
2017 11 03 22 50 999 99.0 99.0  2.11 19.05  7.42 351 9999.0 999.0 999.0 999.0 99.0 99.00
2017 11 03 23 50 999 99.0 99.0  1.99 11.43  7.00 183 9999.0 999.0 999.0 999.0 99.0 99.00
2017 11 04 00 50 999 99.0 99.0  1.97 19.05  6.97 294 9999.0 999.0 999.0 999.0 99.0 99.00
2017 11 04 01 50 999 99.0 99.0  2.12 19.05  7.20 316 9999.0 999.0 999.0 999.0 99.0 99.00
2017 11 04 02 50 999 99.0 99.0  1.76 19.05  6.61 313 9999.0 999.0 999.0 999.0 99.0 99.00
2017 11 04 03 50 999 99.0 99.0  1.95 11.43  7.21 183 9999.0 999.0 999.0 999.0 99.0 99.00
2017 11 04 04 50 999 99.0 99.0  1.80 19.05  6.95 278 9999.0 999.0 999.0 999.0 99.0 99.00
2017 11 04 05 50 999 99.0 99.0  1.78 19.05  7.02 310 9999.0 999.0 999.0 999.0 99.0 99.00
2017 11 04 06 50 999 99.0 99.0  1.95 17.39  7.60 312 9999.0 999.0 999.0 999.0 99.0 99.00
2017 11 04 07 50 999 99.0 99.0  1.75 19.05  7.00 286 9999.0 999.0 999.0 999.0 99.0 99.00
2017 11 04 08 50 999 99.0 99.0  1.75 13.79  7.10 230 9999.0 999.0 999.0 999.0 99.0 99.00
2017 11 04 09 50 999 99.0 99.0  1.76 17.39  7.30 309 9999.0 999.0 999.0 999.0 99.0 99.00
2017 11 04 10 50 999 99.0 99.0  1.73 19.05  6.69 281 9999.0 999.0 999.0 999.0 99.0 99.00
2017 11 04 11 50 999 99.0 99.0  1.76 17.39  6.67 283 9999.0 999.0 999.0 999.0 99.0 99.00
2017 11 04 12 50 999 99.0 99.0  1.69 17.39  6.22 297 9999.0 999.0 999.0 999.0 99.0 99.00
2017 11 04 13 50 999 99.0 99.0  1.75 17.39  6.63 304 9999.0 999.0 999.0 999.0 99.0 99.00
2017 11 04 14 50 999 99.0 99.0  1.70 17.39  6.87 299 9999.0 999.0 999.0 999.0 99.0 99.00
2017 11 04 15 50 999 99.0 99.0  1.69 17.39  6.59 320 9999.0 999.0 999.0 999.0 99.0 99.00
2017 11 04 16 50 999 99.0 99.0  1.83 12.12  7.09 201 9999.0 999.0 999.0 999.0 99.0 99.00
2017 11 04 17 50 999 99.0 99.0  1.72 11.43  6.80 191 9999.0 999.0 999.0 999.0 99.0 99.00
2017 11 04 18 50 999 99.0 99.0  1.80 17.39  7.08 330 9999.0 999.0 999.0 999.0 99.0 99.00
2017 11 04 19 50 999 99.0 99.0  1.63 17.39  6.24 317 9999.0 999.0 999.0 999.0 99.0 99.00
2017 11 04 20 50 999 99.0 99.0  1.80 10.00  7.15 181 9999.0 999.0 999.0 999.0 99.0 99.00
2017 11 04 21 50 999 99.0 99.0  1.69 17.39  6.62 294 9999.0 999.0 999.0 999.0 99.0 99.00
2017 11 04 22 50 999 99.0 99.0  1.70 17.39  6.39 293 9999.0 999.0 999.0 999.0 99.0 99.00
2017 11 04 23 50 999 99.0 99.0  1.49 17.39  6.13 314 9999.0 999.0 999.0 999.0 99.0 99.00
2017 11 05 00 50 999 99.0 99.0  1.64 17.39  6.31 295 9999.0 999.0 999.0 999.0 99.0 99.00
2017 11 05 01 50 999 99.0 99.0  1.64 17.39  6.20 297 9999.0 999.0 999.0 999.0 99.0 99.00
2017 11 05 02 50 999 99.0 99.0  1.50 17.39  5.75 289 9999.0 999.0 999.0 999.0 99.0 99.00
2017 11 05 03 50 999 99.0 99.0  1.54 16.00  5.71 325 9999.0 999.0 999.0 999.0 99.0 99.00
2017 11 05 04 50 999 99.0 99.0  1.50 17.39  5.72 315 9999.0 999.0 999.0 999.0 99.0 99.00
2017 11 05 05 50 999 99.0 99.0  1.55 17.39  5.84 295 9999.0 999.0 999.0 999.0 99.0 99.00
2017 11 05 06 50 999 99.0 99.0  1.63 17.39  6.16 300 9999.0 999.0 999.0 999.0 99.0 99.00
2017 11 05 07 50 999 99.0 99.0  1.64 17.39  6.06 341 9999.0 999.0 999.0 999.0 99.0 99.00
2017 11 05 08 50 999 99.0 99.0  1.48 16.00  5.91 310 9999.0 999.0 999.0 999.0 99.0 99.00
2017 11 05 09 50 999 99.0 99.0  1.62 16.00  5.87 314 9999.0 999.0 999.0 999.0 99.0 99.00
2017 11 05 10 50 999 99.0 99.0  1.51 16.00  5.40 292 9999.0 999.0 999.0 999.0 99.0 99.00
2017 11 05 11 50 999 99.0 99.0  1.47 16.00  5.47 302 9999.0 999.0 999.0 999.0 99.0 99.00
2017 11 05 12 50 999 99.0 99.0  1.56 16.00  5.65 315 9999.0 999.0 999.0 999.0 99.0 99.00
2017 11 05 13 50 999 99.0 99.0  1.46 16.00  5.49 321 9999.0 999.0 999.0 999.0 99.0 99.00
2017 11 05 14 50 999 99.0 99.0  1.54 16.00  5.97 293 9999.0 999.0 999.0 999.0 99.0 99.00
2017 11 05 15 50 999 99.0 99.0  1.42 12.90  5.65 206 9999.0 999.0 999.0 999.0 99.0 99.00
2017 11 05 16 50 999 99.0 99.0  1.50 16.00  5.96 278 9999.0 999.0 999.0 999.0 99.0 99.00
2017 11 05 17 50 999 99.0 99.0  1.39 16.00  6.00 322 9999.0 999.0 999.0 999.0 99.0 99.00
2017 11 05 18 50 999 99.0 99.0  1.46 12.12  5.95 209 9999.0 999.0 999.0 999.0 99.0 99.00
2017 11 05 19 50 999 99.0 99.0  1.44 14.81  6.32 276 9999.0 999.0 999.0 999.0 99.0 99.00
2017 11 05 20 50 999 99.0 99.0  1.57 16.00  6.67 308 9999.0 999.0 999.0 999.0 99.0 99.00
2017 11 05 21 50 999 99.0 99.0  1.49 16.00  6.28 300 9999.0 999.0 999.0 999.0 99.0 99.00
2017 11 05 22 50 999 99.0 99.0  1.50 16.00  6.36 290 9999.0 999.0 999.0 999.0 99.0 99.00
2017 11 05 23 50 999 99.0 99.0  1.50 16.00  6.53 292 9999.0 999.0 999.0 999.0 99.0 99.00
2017 11 06 00 50 999 99.0 99.0  1.49 14.81  6.71 276 9999.0 999.0 999.0 999.0 99.0 99.00
2017 11 06 01 50 999 99.0 99.0  1.53 14.81  6.63 313 9999.0 999.0 999.0 999.0 99.0 99.00
2017 11 06 02 50 999 99.0 99.0  1.47 12.12  6.51 216 9999.0 999.0 999.0 999.0 99.0 99.00
2017 11 06 03 50 999 99.0 99.0  1.58 16.00  7.07 305 9999.0 999.0 999.0 999.0 99.0 99.00
2017 11 06 04 50 999 99.0 99.0  1.40 12.12  6.75 219 9999.0 999.0 999.0 999.0 99.0 99.00
2017 11 06 05 50 999 99.0 99.0  1.47 16.00  6.76 298 9999.0 999.0 999.0 999.0 99.0 99.00
2017 11 06 06 50 999 99.0 99.0  1.55 14.81  7.00 285 9999.0 999.0 999.0 999.0 99.0 99.00
2017 11 06 07 50 999 99.0 99.0  1.50 11.43  7.02 203 9999.0 999.0 999.0 999.0 99.0 99.00
2017 11 06 08 50 999 99.0 99.0  1.53 16.00  7.21 314 9999.0 999.0 999.0 999.0 99.0 99.00
2017 11 06 09 50 999 99.0 99.0  1.42 11.43  6.98 196 9999.0 999.0 999.0 999.0 99.0 99.00
2017 11 06 10 50 999 99.0 99.0  1.54 14.81  7.06 273 9999.0 999.0 999.0 999.0 99.0 99.00
2017 11 06 11 50 999 99.0 99.0  1.51 14.81  7.08 298 9999.0 999.0 999.0 999.0 99.0 99.00
2017 11 06 12 50 999 99.0 99.0  1.48 11.43  7.07 213 9999.0 999.0 999.0 999.0 99.0 99.00
2017 11 06 13 50 999 99.0 99.0  1.46 11.43  6.56 204 9999.0 999.0 999.0 999.0 99.0 99.00
2017 11 06 14 50 999 99.0 99.0  1.50 14.81  6.96 285 9999.0 999.0 999.0 999.0 99.0 99.00
2017 11 06 15 50 999 99.0 99.0  1.38 10.81  6.47 195 9999.0 999.0 999.0 999.0 99.0 99.00
2017 11 06 16 50 999 99.0 99.0  1.48 11.43  6.72 219 9999.0 999.0 999.0 999.0 99.0 99.00
2017 11 06 17 50 999 99.0 99.0  1.41 13.79  6.71 262 9999.0 999.0 999.0 999.0 99.0 99.00
2017 11 06 18 50 999 99.0 99.0  1.43 12.90  7.08 207 9999.0 999.0 999.0 999.0 99.0 99.00
2017 11 06 19 50 999 99.0 99.0  1.47 14.81  7.06 295 9999.0 999.0 999.0 999.0 99.0 99.00
2017 11 06 20 50 999 99.0 99.0  1.50 14.81  7.03 302 9999.0 999.0 999.0 999.0 99.0 99.00
2017 11 06 21 50 999 99.0 99.0  1.42 14.81  6.85 295 9999.0 999.0 999.0 999.0 99.0 99.00
2017 11 06 22 50 999 99.0 99.0  1.44 10.81  6.71 217 9999.0 999.0 999.0 999.0 99.0 99.00
2017 11 06 23 50 999 99.0 99.0  1.44 13.79  6.42 213 9999.0 999.0 999.0 999.0 99.0 99.00
2017 11 07 00 50 999 99.0 99.0  1.56 13.79  6.54 233 9999.0 999.0 999.0 999.0 99.0 99.00
2017 11 07 01 50 999 99.0 99.0  1.56 12.90  6.70 193 9999.0 999.0 999.0 999.0 99.0 99.00
2017 11 07 02 50 999 99.0 99.0  1.62 19.05  6.48 225 9999.0 999.0 999.0 999.0 99.0 99.00
2017 11 07 03 50 999 99.0 99.0  1.54 10.81  6.00 211 9999.0 999.0 999.0 999.0 99.0 99.00
2017 11 07 04 50 999 99.0 99.0  1.44 14.81  5.89 253 9999.0 999.0 999.0 999.0 99.0 99.00
2017 11 07 05 50 999 99.0 99.0  1.71 17.39  6.71 239 9999.0 999.0 999.0 999.0 99.0 99.00
2017 11 07 06 50 999 99.0 99.0  1.57 17.39  6.77 214 9999.0 999.0 999.0 999.0 99.0 99.00
2017 11 07 07 50 999 99.0 99.0  1.58 17.39  6.53 257 9999.0 999.0 999.0 999.0 99.0 99.00
2017 11 07 08 50 999 99.0 99.0  1.69 17.39  7.12 243 9999.0 999.0 999.0 999.0 99.0 99.00
2017 11 07 09 50 999 99.0 99.0  2.10 17.39  7.93 232 9999.0 999.0 999.0 999.0 99.0 99.00
2017 11 07 10 50 999 99.0 99.0  1.96 17.39  7.72 219 9999.0 999.0 999.0 999.0 99.0 99.00
2017 11 07 11 50 999 99.0 99.0  2.12 17.39  7.58 213 9999.0 999.0 999.0 999.0 99.0 99.00
2017 11 07 12 50 999 99.0 99.0  2.14 16.00  7.77 233 9999.0 999.0 999.0 999.0 99.0 99.00
2017 11 07 13 50 999 99.0 99.0  2.11 17.39  7.93 230 9999.0 999.0 999.0 999.0 99.0 99.00
2017 11 07 14 50 999 99.0 99.0  2.22 16.00  8.31 225 9999.0 999.0 999.0 999.0 99.0 99.00
2017 11 07 15 50 999 99.0 99.0  2.14 16.00  7.69 220 9999.0 999.0 999.0 999.0 99.0 99.00
2017 11 07 16 50 999 99.0 99.0  2.23 16.00  8.24 231 9999.0 999.0 999.0 999.0 99.0 99.00
2017 11 07 17 50 999 99.0 99.0  2.44 16.00  8.95 216 9999.0 999.0 999.0 999.0 99.0 99.00
2017 11 07 18 50 999 99.0 99.0  2.23 16.00  8.27 216 9999.0 999.0 999.0 999.0 99.0 99.00
2017 11 07 19 50 999 99.0 99.0  2.41 16.00  8.81 227 9999.0 999.0 999.0 999.0 99.0 99.00
2017 11 07 20 50 999 99.0 99.0  2.68 16.00  9.57 232 9999.0 999.0 999.0 999.0 99.0 99.00
2017 11 07 21 50 999 99.0 99.0  2.79 16.00  9.63 227 9999.0 999.0 999.0 999.0 99.0 99.00
2017 11 07 22 50 999 99.0 99.0  2.91 16.00  9.90 232 9999.0 999.0 999.0 999.0 99.0 99.00
2017 11 07 23 50 999 99.0 99.0  2.52 16.00  9.28 214 9999.0 999.0 999.0 999.0 99.0 99.00
2017 11 08 00 50 999 99.0 99.0  2.66 16.00  9.40 218 9999.0 999.0 999.0 999.0 99.0 99.00
2017 11 08 01 50 999 99.0 99.0  2.52 14.81  8.66 229 9999.0 999.0 999.0 999.0 99.0 99.00
2017 11 08 02 50 999 99.0 99.0  2.47 14.81  8.54 227 9999.0 999.0 999.0 999.0 99.0 99.00
2017 11 08 03 50 999 99.0 99.0  2.75 14.81  9.10 227 9999.0 999.0 999.0 999.0 99.0 99.00
2017 11 08 04 50 999 99.0 99.0  2.72 14.81  9.24 223 9999.0 999.0 999.0 999.0 99.0 99.00
2017 11 08 05 50 999 99.0 99.0  3.10 14.81 10.39 228 9999.0 999.0 999.0 999.0 99.0 99.00
2017 11 08 06 50 999 99.0 99.0  2.30 13.79  8.31 235 9999.0 999.0 999.0 999.0 99.0 99.00
2017 11 08 07 50 999 99.0 99.0  2.69 14.81  9.23 228 9999.0 999.0 999.0 999.0 99.0 99.00
2017 11 08 08 50 999 99.0 99.0  2.80 14.81  9.46 221 9999.0 999.0 999.0 999.0 99.0 99.00
2017 11 08 09 50 999 99.0 99.0  2.46 14.81  8.48 228 9999.0 999.0 999.0 999.0 99.0 99.00
2017 11 08 10 50 999 99.0 99.0  2.95 16.00  9.70 222 9999.0 999.0 999.0 999.0 99.0 99.00
2017 11 08 11 50 999 99.0 99.0  2.28 13.79  8.05 223 9999.0 999.0 999.0 999.0 99.0 99.00
2017 11 08 12 50 999 99.0 99.0  2.59 13.79  8.18 224 9999.0 999.0 999.0 999.0 99.0 99.00
2017 11 08 13 50 999 99.0 99.0  3.08 14.81  9.62 224 9999.0 999.0 999.0 999.0 99.0 99.00
2017 11 08 14 50 999 99.0 99.0  2.38 14.81  8.10 231 9999.0 999.0 999.0 999.0 99.0 99.00
2017 11 08 15 50 999 99.0 99.0  2.64 14.81  8.56 222 9999.0 999.0 999.0 999.0 99.0 99.00
2017 11 08 16 50 999 99.0 99.0  2.59 13.79  8.32 225 9999.0 999.0 999.0 999.0 99.0 99.00
2017 11 08 17 50 999 99.0 99.0  3.02 14.81  9.45 228 9999.0 999.0 999.0 999.0 99.0 99.00
2017 11 08 18 50 999 99.0 99.0  2.63 14.81  8.82 228 9999.0 999.0 999.0 999.0 99.0 99.00
2017 11 08 19 50 999 99.0 99.0  2.90 14.81  9.46 226 9999.0 999.0 999.0 999.0 99.0 99.00
2017 11 08 20 50 999 99.0 99.0  2.95 13.79  9.50 229 9999.0 999.0 999.0 999.0 99.0 99.00
2017 11 08 21 50 999 99.0 99.0  2.86 12.90  9.31 230 9999.0 999.0 999.0 999.0 99.0 99.00
2017 11 08 22 50 999 99.0 99.0  2.69 14.81  8.99 225 9999.0 999.0 999.0 999.0 99.0 99.00
2017 11 08 23 50 999 99.0 99.0  2.92 13.79  9.25 230 9999.0 999.0 999.0 999.0 99.0 99.00
2017 11 09 00 50 999 99.0 99.0  2.63 13.79  8.54 232 9999.0 999.0 999.0 999.0 99.0 99.00
2017 11 09 01 50 999 99.0 99.0  2.64 14.81  8.21 221 9999.0 999.0 999.0 999.0 99.0 99.00
2017 11 09 02 50 999 99.0 99.0  2.64 13.79  7.83 235 9999.0 999.0 999.0 999.0 99.0 99.00
2017 11 09 03 50 999 99.0 99.0  2.39 12.90  7.46 225 9999.0 999.0 999.0 999.0 99.0 99.00
2017 11 09 04 50 999 99.0 99.0  2.36 13.79  7.35 230 9999.0 999.0 999.0 999.0 99.0 99.00
2017 11 09 05 50 999 99.0 99.0  2.71 13.79  7.78 231 9999.0 999.0 999.0 999.0 99.0 99.00
2017 11 09 06 50 999 99.0 99.0  2.81 12.90  7.93 228 9999.0 999.0 999.0 999.0 99.0 99.00
2017 11 09 07 50 999 99.0 99.0  2.77 13.79  7.84 233 9999.0 999.0 999.0 999.0 99.0 99.00
2017 11 09 08 50 999 99.0 99.0  2.29 13.79  6.88 224 9999.0 999.0 999.0 999.0 99.0 99.00
2017 11 09 09 50 999 99.0 99.0  2.39 12.90  7.36 233 9999.0 999.0 999.0 999.0 99.0 99.00
2017 11 09 10 50 999 99.0 99.0  2.39 12.90  7.40 221 9999.0 999.0 999.0 999.0 99.0 99.00
2017 11 09 11 50 999 99.0 99.0  2.28 13.79  6.97 233 9999.0 999.0 999.0 999.0 99.0 99.00
2017 11 09 12 50 999 99.0 99.0  2.62 12.90  7.79 227 9999.0 999.0 999.0 999.0 99.0 99.00
2017 11 09 13 50 999 99.0 99.0  2.24 12.90  7.05 229 9999.0 999.0 999.0 999.0 99.0 99.00
2017 11 09 14 50 999 99.0 99.0  2.39 13.79  7.00 232 9999.0 999.0 999.0 999.0 99.0 99.00
2017 11 09 15 50 999 99.0 99.0  2.27 13.79  6.92 226 9999.0 999.0 999.0 999.0 99.0 99.00
2017 11 09 16 50 999 99.0 99.0  2.37 13.79  7.35 223 9999.0 999.0 999.0 999.0 99.0 99.00
2017 11 09 17 50 999 99.0 99.0  2.46 13.79  7.50 229 9999.0 999.0 999.0 999.0 99.0 99.00
2017 11 09 18 50 999 99.0 99.0  2.42 13.79  7.67 234 9999.0 999.0 999.0 999.0 99.0 99.00
2017 11 09 19 50 999 99.0 99.0  2.58 13.79  7.93 222 9999.0 999.0 999.0 999.0 99.0 99.00
2017 11 09 20 50 999 99.0 99.0  2.46 12.90  7.85 229 9999.0 999.0 999.0 999.0 99.0 99.00
2017 11 09 21 50 999 99.0 99.0  2.18 12.90  7.18 220 9999.0 999.0 999.0 999.0 99.0 99.00
2017 11 09 22 50 999 99.0 99.0  2.46 13.79  7.61 223 9999.0 999.0 999.0 999.0 99.0 99.00
2017 11 09 23 50 999 99.0 99.0  2.47 13.79  7.53 228 9999.0 999.0 999.0 999.0 99.0 99.00
2017 11 10 00 50 999 99.0 99.0  2.55 13.79  7.69 233 9999.0 999.0 999.0 999.0 99.0 99.00
2017 11 10 01 50 999 99.0 99.0  2.58 12.12  7.36 225 9999.0 999.0 999.0 999.0 99.0 99.00
2017 11 10 02 50 999 99.0 99.0  2.77 13.79  7.69 213 9999.0 999.0 999.0 999.0 99.0 99.00
2017 11 10 03 50 999 99.0 99.0  2.45 13.79  7.17 218 9999.0 999.0 999.0 999.0 99.0 99.00
2017 11 10 04 50 999 99.0 99.0  2.86 13.79  7.97 221 9999.0 999.0 999.0 999.0 99.0 99.00
2017 11 10 05 50 999 99.0 99.0  2.65 17.39  7.71 229 9999.0 999.0 999.0 999.0 99.0 99.00
2017 11 10 06 50 999 99.0 99.0  2.68 17.39  8.09 203 9999.0 999.0 999.0 999.0 99.0 99.00
2017 11 10 07 50 999 99.0 99.0  2.86 17.39  8.42 229 9999.0 999.0 999.0 999.0 99.0 99.00
2017 11 10 08 50 999 99.0 99.0  2.92 17.39  8.20 220 9999.0 999.0 999.0 999.0 99.0 99.00
2017 11 10 09 50 999 99.0 99.0  2.80 16.00  7.97 219 9999.0 999.0 999.0 999.0 99.0 99.00
2017 11 10 10 50 999 99.0 99.0  2.86 17.39  8.31 225 9999.0 999.0 999.0 999.0 99.0 99.00
2017 11 10 11 50 999 99.0 99.0  3.07 16.00  8.34 218 9999.0 999.0 999.0 999.0 99.0 99.00
2017 11 10 12 50 999 99.0 99.0  2.57 13.79  7.71 219 9999.0 999.0 999.0 999.0 99.0 99.00
2017 11 10 13 50 999 99.0 99.0  2.93 16.00  8.27 203 9999.0 999.0 999.0 999.0 99.0 99.00
2017 11 10 14 50 999 99.0 99.0  2.82 14.81  8.04 221 9999.0 999.0 999.0 999.0 99.0 99.00
2017 11 10 15 50 999 99.0 99.0  2.62 14.81  7.77 205 9999.0 999.0 999.0 999.0 99.0 99.00
2017 11 10 16 50 999 99.0 99.0  2.80 16.00  8.06 216 9999.0 999.0 999.0 999.0 99.0 99.00
2017 11 10 17 50 999 99.0 99.0  2.96 14.81  8.45 219 9999.0 999.0 999.0 999.0 99.0 99.00
2017 11 10 18 50 999 99.0 99.0  2.82 16.00  8.35 216 9999.0 999.0 999.0 999.0 99.0 99.00
2017 11 10 19 50 999 99.0 99.0  2.40 14.81  7.70 221 9999.0 999.0 999.0 999.0 99.0 99.00
2017 11 10 20 50 999 99.0 99.0  2.50 14.81  8.00 228 9999.0 999.0 999.0 999.0 99.0 99.00
2017 11 10 21 50 999 99.0 99.0  2.43 16.00  7.83 229 9999.0 999.0 999.0 999.0 99.0 99.00
2017 11 10 22 50 999 99.0 99.0  2.63 14.81  8.36 224 9999.0 999.0 999.0 999.0 99.0 99.00
2017 11 10 23 50 999 99.0 99.0  2.54 14.81  8.29 218 9999.0 999.0 999.0 999.0 99.0 99.00
2017 11 11 00 50 999 99.0 99.0  2.35 14.81  7.63 224 9999.0 999.0 999.0 999.0 99.0 99.00
2017 11 11 01 50 999 99.0 99.0  2.43 14.81  7.60 217 9999.0 999.0 999.0 999.0 99.0 99.00
2017 11 11 02 50 999 99.0 99.0  2.28 14.81  7.13 217 9999.0 999.0 999.0 999.0 99.0 99.00
2017 11 11 03 50 999 99.0 99.0  2.40 16.00  7.46 214 9999.0 999.0 999.0 999.0 99.0 99.00
2017 11 11 04 50 999 99.0 99.0  2.23 14.81  7.28 236 9999.0 999.0 999.0 999.0 99.0 99.00
2017 11 11 05 50 999 99.0 99.0  2.47 14.81  7.61 219 9999.0 999.0 999.0 999.0 99.0 99.00
2017 11 11 06 50 999 99.0 99.0  2.24 14.81  7.39 221 9999.0 999.0 999.0 999.0 99.0 99.00
2017 11 11 07 50 999 99.0 99.0  2.12 12.90  7.03 228 9999.0 999.0 999.0 999.0 99.0 99.00
2017 11 11 08 50 999 99.0 99.0  2.14 14.81  7.28 226 9999.0 999.0 999.0 999.0 99.0 99.00
2017 11 11 09 50 999 99.0 99.0  2.07 13.79  6.95 223 9999.0 999.0 999.0 999.0 99.0 99.00
2017 11 11 10 50 999 99.0 99.0  2.10 12.90  6.92 220 9999.0 999.0 999.0 999.0 99.0 99.00
2017 11 11 11 50 999 99.0 99.0  1.95 14.81  6.77 201 9999.0 999.0 999.0 999.0 99.0 99.00
2017 11 11 12 50 999 99.0 99.0  2.22 14.81  7.29 235 9999.0 999.0 999.0 999.0 99.0 99.00
2017 11 11 13 50 999 99.0 99.0  2.15 13.79  7.06 201 9999.0 999.0 999.0 999.0 99.0 99.00
2017 11 11 14 50 999 99.0 99.0  2.44 13.79  7.51 209 9999.0 999.0 999.0 999.0 99.0 99.00
2017 11 11 15 50 999 99.0 99.0  2.30 13.79  7.00 227 9999.0 999.0 999.0 999.0 99.0 99.00
2017 11 11 16 50 999 99.0 99.0  1.94 14.81  6.53 231 9999.0 999.0 999.0 999.0 99.0 99.00
2017 11 11 17 50 999 99.0 99.0  2.30 12.90  7.19 220 9999.0 999.0 999.0 999.0 99.0 99.00
2017 11 11 18 50 999 99.0 99.0  2.28 13.79  7.17 212 9999.0 999.0 999.0 999.0 99.0 99.00
2017 11 11 19 50 999 99.0 99.0  2.30 12.90  7.40 220 9999.0 999.0 999.0 999.0 99.0 99.00
2017 11 11 20 50 999 99.0 99.0  1.95 12.12  6.85 215 9999.0 999.0 999.0 999.0 99.0 99.00
2017 11 11 21 50 999 99.0 99.0  2.03 13.79  7.14 225 9999.0 999.0 999.0 999.0 99.0 99.00
2017 11 11 22 50 999 99.0 99.0  1.88 12.90  7.04 218 9999.0 999.0 999.0 999.0 99.0 99.00
2017 11 11 23 50 999 99.0 99.0  1.85 12.90  6.82 219 9999.0 999.0 999.0 999.0 99.0 99.00
2017 11 12 00 50 999 99.0 99.0  1.76 12.90  6.66 213 9999.0 999.0 999.0 999.0 99.0 99.00
2017 11 12 01 50 999 99.0 99.0  1.83 12.90  6.94 220 9999.0 999.0 999.0 999.0 99.0 99.00
2017 11 12 02 50 999 99.0 99.0  1.94 12.90  7.23 219 9999.0 999.0 999.0 999.0 99.0 99.00
2017 11 12 03 50 999 99.0 99.0  1.80 12.90  6.92 224 9999.0 999.0 999.0 999.0 99.0 99.00
2017 11 12 04 50 999 99.0 99.0  1.80 10.81  6.73 231 9999.0 999.0 999.0 999.0 99.0 99.00
2017 11 12 05 50 999 99.0 99.0  1.93 12.90  6.93 219 9999.0 999.0 999.0 999.0 99.0 99.00
2017 11 12 06 50 999 99.0 99.0  1.77 11.43  6.70 214 9999.0 999.0 999.0 999.0 99.0 99.00
2017 11 12 07 50 999 99.0 99.0  1.64 12.90  6.49 218 9999.0 999.0 999.0 999.0 99.0 99.00
2017 11 12 08 50 999 99.0 99.0  1.65 10.81  6.39 218 9999.0 999.0 999.0 999.0 99.0 99.00
2017 11 12 09 50 999 99.0 99.0  1.68 12.12  6.45 215 9999.0 999.0 999.0 999.0 99.0 99.00
2017 11 12 10 50 999 99.0 99.0  1.72 12.12  7.04 220 9999.0 999.0 999.0 999.0 99.0 99.00
2017 11 12 11 50 999 99.0 99.0  1.65 12.90  6.87 220 9999.0 999.0 999.0 999.0 99.0 99.00
2017 11 12 12 50 999 99.0 99.0  1.83 12.90  7.08 226 9999.0 999.0 999.0 999.0 99.0 99.00
2017 11 12 13 50 999 99.0 99.0  1.75 12.12  6.84 218 9999.0 999.0 999.0 999.0 99.0 99.00
2017 11 12 14 50 999 99.0 99.0  1.54 12.12  6.86 228 9999.0 999.0 999.0 999.0 99.0 99.00
2017 11 12 15 50 999 99.0 99.0  1.74 12.12  6.77 215 9999.0 999.0 999.0 999.0 99.0 99.00
2017 11 12 16 50 999 99.0 99.0  1.58 12.12  6.59 222 9999.0 999.0 999.0 999.0 99.0 99.00
2017 11 12 17 50 999 99.0 99.0  1.59 12.12  6.50 215 9999.0 999.0 999.0 999.0 99.0 99.00
2017 11 12 18 50 999 99.0 99.0  1.68 12.12  6.78 228 9999.0 999.0 999.0 999.0 99.0 99.00
2017 11 12 19 50 999 99.0 99.0  1.63 10.81  6.68 217 9999.0 999.0 999.0 999.0 99.0 99.00
2017 11 12 20 50 999 99.0 99.0  1.63 12.12  6.76 218 9999.0 999.0 999.0 999.0 99.0 99.00
2017 11 12 21 50 999 99.0 99.0  1.70 12.12  7.04 223 9999.0 999.0 999.0 999.0 99.0 99.00
2017 11 12 22 50 999 99.0 99.0  1.62 12.12  7.03 229 9999.0 999.0 999.0 999.0 99.0 99.00
2017 11 12 23 50 999 99.0 99.0  1.73 10.81  7.63 218 9999.0 999.0 999.0 999.0 99.0 99.00
2017 11 13 00 50 999 99.0 99.0  1.66 12.12  7.13 221 9999.0 999.0 999.0 999.0 99.0 99.00
2017 11 13 01 50 999 99.0 99.0  1.66 11.43  7.04 201 9999.0 999.0 999.0 999.0 99.0 99.00
2017 11 13 02 50 999 99.0 99.0  1.60 11.43  6.86 227 9999.0 999.0 999.0 999.0 99.0 99.00
2017 11 13 03 50 999 99.0 99.0  1.61 11.43  6.83 219 9999.0 999.0 999.0 999.0 99.0 99.00
2017 11 13 04 50 999 99.0 99.0  1.81  7.69  7.00 147 9999.0 999.0 999.0 999.0 99.0 99.00
2017 11 13 05 50 999 99.0 99.0  1.76 11.43  6.89 217 9999.0 999.0 999.0 999.0 99.0 99.00
2017 11 13 06 50 999 99.0 99.0  1.66 12.12  6.64 216 9999.0 999.0 999.0 999.0 99.0 99.00
2017 11 13 07 50 999 99.0 99.0  1.68  8.33  6.89 167 9999.0 999.0 999.0 999.0 99.0 99.00
2017 11 13 08 50 999 99.0 99.0  1.71 16.00  7.16 237 9999.0 999.0 999.0 999.0 99.0 99.00
2017 11 13 09 50 999 99.0 99.0  1.73 12.12  7.47 225 9999.0 999.0 999.0 999.0 99.0 99.00
2017 11 13 10 50 999 99.0 99.0  1.80 12.90  7.66 231 9999.0 999.0 999.0 999.0 99.0 99.00
2017 11 13 11 50 999 99.0 99.0  1.83 12.90  7.63 224 9999.0 999.0 999.0 999.0 99.0 99.00
2017 11 13 12 50 999 99.0 99.0  1.78 13.79  7.52 216 9999.0 999.0 999.0 999.0 99.0 99.00
2017 11 13 13 50 999 99.0 99.0  1.85 13.79  7.97 226 9999.0 999.0 999.0 999.0 99.0 99.00
2017 11 13 14 50 999 99.0 99.0  1.92 13.79  8.25 213 9999.0 999.0 999.0 999.0 99.0 99.00
2017 11 13 15 50 999 99.0 99.0  1.83 12.12  7.96 210 9999.0 999.0 999.0 999.0 99.0 99.00
2017 11 13 16 50 999 99.0 99.0  1.80 13.79  8.17 224 9999.0 999.0 999.0 999.0 99.0 99.00
2017 11 13 17 50 999 99.0 99.0  2.04 12.12  8.55 212 9999.0 999.0 999.0 999.0 99.0 99.00
2017 11 13 19 50 999 99.0 99.0  2.00 12.12  8.42 219 9999.0 999.0 999.0 999.0 99.0 99.00
2017 11 13 20 50 999 99.0 99.0  1.81 13.79  8.26 217 9999.0 999.0 999.0 999.0 99.0 99.00
2017 11 13 21 50 999 99.0 99.0  2.00 13.79  9.05 223 9999.0 999.0 999.0 999.0 99.0 99.00
2017 11 13 22 50 999 99.0 99.0  1.78 12.90  8.35 224 9999.0 999.0 999.0 999.0 99.0 99.00
2017 11 13 23 50 999 99.0 99.0  1.83 12.90  8.72 211 9999.0 999.0 999.0 999.0 99.0 99.00
2017 11 14 00 50 999 99.0 99.0  1.73 13.79  8.48 222 9999.0 999.0 999.0 999.0 99.0 99.00
2017 11 14 01 50 999 99.0 99.0  1.82 12.90  8.55 223 9999.0 999.0 999.0 999.0 99.0 99.00
2017 11 14 02 50 999 99.0 99.0  1.65 12.90  8.02 241 9999.0 999.0 999.0 999.0 99.0 99.00
2017 11 14 03 50 999 99.0 99.0  1.63 12.90  7.94 229 9999.0 999.0 999.0 999.0 99.0 99.00
2017 11 14 04 50 999 99.0 99.0  1.56 13.79  7.70 232 9999.0 999.0 999.0 999.0 99.0 99.00
2017 11 14 05 50 999 99.0 99.0  1.71 12.90  7.44 215 9999.0 999.0 999.0 999.0 99.0 99.00
2017 11 14 06 50 999 99.0 99.0  1.59 13.79  6.99 229 9999.0 999.0 999.0 999.0 99.0 99.00
2017 11 14 07 50 999 99.0 99.0  1.65 12.12  7.26 219 9999.0 999.0 999.0 999.0 99.0 99.00
2017 11 14 08 50 999 99.0 99.0  1.60 12.90  6.92 215 9999.0 999.0 999.0 999.0 99.0 99.00
2017 11 14 09 50 999 99.0 99.0  1.60 13.79  7.24 215 9999.0 999.0 999.0 999.0 99.0 99.00
2017 11 14 10 50 999 99.0 99.0  1.67 13.79  7.46 238 9999.0 999.0 999.0 999.0 99.0 99.00
2017 11 14 11 50 999 99.0 99.0  1.57 13.79  7.34 235 9999.0 999.0 999.0 999.0 99.0 99.00
2017 11 14 12 50 999 99.0 99.0  1.72 13.79  7.81 234 9999.0 999.0 999.0 999.0 99.0 99.00
2017 11 14 13 50 999 99.0 99.0  1.60 13.79  7.26 230 9999.0 999.0 999.0 999.0 99.0 99.00
2017 11 14 14 50 999 99.0 99.0  1.63 13.79  7.05 211 9999.0 999.0 999.0 999.0 99.0 99.00
2017 11 14 15 50 999 99.0 99.0  1.61 12.90  7.36 229 9999.0 999.0 999.0 999.0 99.0 99.00
2017 11 14 16 50 999 99.0 99.0  1.58 13.79  6.95 214 9999.0 999.0 999.0 999.0 99.0 99.00
2017 11 14 17 50 999 99.0 99.0  1.53 12.12  6.99 215 9999.0 999.0 999.0 999.0 99.0 99.00
2017 11 14 18 50 999 99.0 99.0  1.82 12.90  7.71 220 9999.0 999.0 999.0 999.0 99.0 99.00
2017 11 14 19 50 999 99.0 99.0  1.63 11.43  7.16 203 9999.0 999.0 999.0 999.0 99.0 99.00
2017 11 14 20 50 999 99.0 99.0  1.74 12.12  7.23 218 9999.0 999.0 999.0 999.0 99.0 99.00
2017 11 14 21 50 999 99.0 99.0  1.56 12.12  6.57 236 9999.0 999.0 999.0 999.0 99.0 99.00
2017 11 14 22 50 999 99.0 99.0  1.62 12.12  6.86 216 9999.0 999.0 999.0 999.0 99.0 99.00
2017 11 14 23 50 999 99.0 99.0  1.61 12.12  6.49 223 9999.0 999.0 999.0 999.0 99.0 99.00
2017 11 15 00 50 999 99.0 99.0  1.54 12.12  6.36 226 9999.0 999.0 999.0 999.0 99.0 99.00
2017 11 15 01 50 999 99.0 99.0  1.66 11.43  6.37 212 9999.0 999.0 999.0 999.0 99.0 99.00
2017 11 15 02 50 999 99.0 99.0  1.47 11.43  5.55 220 9999.0 999.0 999.0 999.0 99.0 99.00
2017 11 15 03 50 999 99.0 99.0  1.64 11.43  5.83 208 9999.0 999.0 999.0 999.0 99.0 99.00
2017 11 15 04 50 999 99.0 99.0  1.60 12.90  5.91 222 9999.0 999.0 999.0 999.0 99.0 99.00
2017 11 15 05 50 999 99.0 99.0  1.73 10.81  5.76 222 9999.0 999.0 999.0 999.0 99.0 99.00
2017 11 15 06 50 999 99.0 99.0  1.69 12.12  5.78 227 9999.0 999.0 999.0 999.0 99.0 99.00
2017 11 15 07 50 999 99.0 99.0  1.84 11.43  5.71 217 9999.0 999.0 999.0 999.0 99.0 99.00
2017 11 15 08 50 999 99.0 99.0  1.76 11.43  5.56 221 9999.0 999.0 999.0 999.0 99.0 99.00
2017 11 15 09 50 999 99.0 99.0  1.97 11.43  5.84 220 9999.0 999.0 999.0 999.0 99.0 99.00
2017 11 15 10 50 999 99.0 99.0  1.88 10.81  5.62 212 9999.0 999.0 999.0 999.0 99.0 99.00
2017 11 15 11 50 999 99.0 99.0  1.95 10.81  5.82 215 9999.0 999.0 999.0 999.0 99.0 99.00
2017 11 15 12 50 999 99.0 99.0  1.88  5.56  5.45 135 9999.0 999.0 999.0 999.0 99.0 99.00
2017 11 15 13 50 999 99.0 99.0  1.96 10.81  5.67 217 9999.0 999.0 999.0 999.0 99.0 99.00
2017 11 15 14 50 999 99.0 99.0  1.94  5.88  5.56 122 9999.0 999.0 999.0 999.0 99.0 99.00
2017 11 15 15 50 999 99.0 99.0  2.12 16.00  5.90 205 9999.0 999.0 999.0 999.0 99.0 99.00
2017 11 15 16 50 999 99.0 99.0  2.16 16.00  6.02 215 9999.0 999.0 999.0 999.0 99.0 99.00
2017 11 15 17 50 999 99.0 99.0  2.18 16.00  5.81 232 9999.0 999.0 999.0 999.0 99.0 99.00
2017 11 15 18 50 999 99.0 99.0  2.26  6.67  5.78 143 9999.0 999.0 999.0 999.0 99.0 99.00
2017 11 15 19 50 999 99.0 99.0  2.18  6.67  5.85 149 9999.0 999.0 999.0 999.0 99.0 99.00
2017 11 15 20 50 999 99.0 99.0  2.24  6.25  5.95 120 9999.0 999.0 999.0 999.0 99.0 99.00
2017 11 15 21 50 999 99.0 99.0  2.34  7.14  6.00 145 9999.0 999.0 999.0 999.0 99.0 99.00
2017 11 15 22 50 999 99.0 99.0  2.32  7.14  5.98 150 9999.0 999.0 999.0 999.0 99.0 99.00
2017 11 15 23 50 999 99.0 99.0  2.30 16.00  6.19 212 9999.0 999.0 999.0 999.0 99.0 99.00
2017 11 16 00 50 999 99.0 99.0  2.24  6.25  5.87 118 9999.0 999.0 999.0 999.0 99.0 99.00
2017 11 16 01 50 999 99.0 99.0  2.27  6.67  5.97 140 9999.0 999.0 999.0 999.0 99.0 99.00
2017 11 16 02 50 999 99.0 99.0  2.20 16.00  6.04 210 9999.0 999.0 999.0 999.0 99.0 99.00
2017 11 16 03 50 999 99.0 99.0  2.30  7.69  5.97 169 9999.0 999.0 999.0 999.0 99.0 99.00
2017 11 16 04 50 999 99.0 99.0  2.45  7.14  6.09 150 9999.0 999.0 999.0 999.0 99.0 99.00
2017 11 16 05 50 999 99.0 99.0  2.47 14.81  6.06 204 9999.0 999.0 999.0 999.0 99.0 99.00
2017 11 16 06 50 999 99.0 99.0  2.52 14.81  6.07 223 9999.0 999.0 999.0 999.0 99.0 99.00
2017 11 16 07 50 999 99.0 99.0  2.48  8.33  5.97 194 9999.0 999.0 999.0 999.0 99.0 99.00
2017 11 16 08 50 999 99.0 99.0  2.74  7.14  6.20 144 9999.0 999.0 999.0 999.0 99.0 99.00
2017 11 16 09 50 999 99.0 99.0  2.73  7.14  6.13 136 9999.0 999.0 999.0 999.0 99.0 99.00
2017 11 16 10 50 999 99.0 99.0  2.67  7.14  6.03 130 9999.0 999.0 999.0 999.0 99.0 99.00
2017 11 16 11 50 999 99.0 99.0  2.65  7.14  6.03 132 9999.0 999.0 999.0 999.0 99.0 99.00
2017 11 16 12 50 999 99.0 99.0  2.73  7.69  6.28 155 9999.0 999.0 999.0 999.0 99.0 99.00
2017 11 16 13 50 999 99.0 99.0  2.54  7.14  6.16 143 9999.0 999.0 999.0 999.0 99.0 99.00
2017 11 16 14 50 999 99.0 99.0  2.53  7.14  6.51 118 9999.0 999.0 999.0 999.0 99.0 99.00
2017 11 16 15 50 999 99.0 99.0  2.54  7.69  6.44 148 9999.0 999.0 999.0 999.0 99.0 99.00
2017 11 16 16 50 999 99.0 99.0  2.33  7.69  6.33 139 9999.0 999.0 999.0 999.0 99.0 99.00
2017 11 16 17 50 999 99.0 99.0  2.30  7.69  6.24 144 9999.0 999.0 999.0 999.0 99.0 99.00
2017 11 16 18 50 999 99.0 99.0  2.23  7.69  6.33 137 9999.0 999.0 999.0 999.0 99.0 99.00
2017 11 16 19 50 999 99.0 99.0  2.38  7.69  6.27 126 9999.0 999.0 999.0 999.0 99.0 99.00
2017 11 16 20 50 999 99.0 99.0  2.43  7.14  6.30 134 9999.0 999.0 999.0 999.0 99.0 99.00
2017 11 16 21 50 999 99.0 99.0  2.58 13.79  6.59 201 9999.0 999.0 999.0 999.0 99.0 99.00
2017 11 16 22 50 999 99.0 99.0  2.50  7.69  6.44 161 9999.0 999.0 999.0 999.0 99.0 99.00
2017 11 16 23 50 999 99.0 99.0  2.53  9.09  6.63 197 9999.0 999.0 999.0 999.0 99.0 99.00
2017 11 17 00 50 999 99.0 99.0  2.66  7.14  6.48 130 9999.0 999.0 999.0 999.0 99.0 99.00
2017 11 17 01 50 999 99.0 99.0  2.39  7.69  6.04 172 9999.0 999.0 999.0 999.0 99.0 99.00
2017 11 17 02 50 999 99.0 99.0  2.57  7.14  6.56 141 9999.0 999.0 999.0 999.0 99.0 99.00
2017 11 17 03 50 999 99.0 99.0  2.50  7.69  6.23 142 9999.0 999.0 999.0 999.0 99.0 99.00
2017 11 17 04 50 999 99.0 99.0  2.33  9.09  5.92 187 9999.0 999.0 999.0 999.0 99.0 99.00
2017 11 17 05 50 999 99.0 99.0  2.53  7.69  6.26 146 9999.0 999.0 999.0 999.0 99.0 99.00
2017 11 17 06 50 999 99.0 99.0  2.57  7.14  6.07 149 9999.0 999.0 999.0 999.0 99.0 99.00
2017 11 17 07 50 999 99.0 99.0  2.69  8.33  6.23 167 9999.0 999.0 999.0 999.0 99.0 99.00
2017 11 17 08 50 999 99.0 99.0  2.84  8.33  6.34 180 9999.0 999.0 999.0 999.0 99.0 99.00
2017 11 17 09 50 999 99.0 99.0  2.71  7.69  6.04 132 9999.0 999.0 999.0 999.0 99.0 99.00
2017 11 17 10 50 999 99.0 99.0  2.65  8.33  6.19 174 9999.0 999.0 999.0 999.0 99.0 99.00
2017 11 17 11 50 999 99.0 99.0  2.96  8.33  6.43 167 9999.0 999.0 999.0 999.0 99.0 99.00
2017 11 17 12 50 999 99.0 99.0  2.75  8.33  6.14 173 9999.0 999.0 999.0 999.0 99.0 99.00
2017 11 17 13 50 999 99.0 99.0  2.75  8.33  6.11 169 9999.0 999.0 999.0 999.0 99.0 99.00
2017 11 17 14 50 999 99.0 99.0  2.74  8.33  6.15 160 9999.0 999.0 999.0 999.0 99.0 99.00
2017 11 17 15 50 999 99.0 99.0  2.63  8.33  5.93 167 9999.0 999.0 999.0 999.0 99.0 99.00
2017 11 17 16 50 999 99.0 99.0  2.73  8.33  6.24 153 9999.0 999.0 999.0 999.0 99.0 99.00
2017 11 17 17 50 999 99.0 99.0  2.44  7.69  5.96 156 9999.0 999.0 999.0 999.0 99.0 99.00
2017 11 17 18 50 999 99.0 99.0  2.42  9.09  6.22 165 9999.0 999.0 999.0 999.0 99.0 99.00
2017 11 17 19 50 999 99.0 99.0  2.57  8.33  6.44 169 9999.0 999.0 999.0 999.0 99.0 99.00
2017 11 17 20 50 999 99.0 99.0  2.68  8.33  6.57 159 9999.0 999.0 999.0 999.0 99.0 99.00
2017 11 17 21 50 999 99.0 99.0  2.70  9.09  6.41 163 9999.0 999.0 999.0 999.0 99.0 99.00
2017 11 17 22 50 999 99.0 99.0  2.62  8.33  6.41 162 9999.0 999.0 999.0 999.0 99.0 99.00
2017 11 17 23 50 999 99.0 99.0  2.44  8.33  6.29 182 9999.0 999.0 999.0 999.0 99.0 99.00
2017 11 18 00 50 999 99.0 99.0  2.44  9.09  6.42 167 9999.0 999.0 999.0 999.0 99.0 99.00
2017 11 18 01 50 999 99.0 99.0  2.55  9.09  6.53 161 9999.0 999.0 999.0 999.0 99.0 99.00
2017 11 18 02 50 999 99.0 99.0  2.65  9.09  6.62 152 9999.0 999.0 999.0 999.0 99.0 99.00
2017 11 18 03 50 999 99.0 99.0  2.44  9.09  6.42 158 9999.0 999.0 999.0 999.0 99.0 99.00
2017 11 18 04 50 999 99.0 99.0  2.46  9.09  6.46 145 9999.0 999.0 999.0 999.0 99.0 99.00
2017 11 18 05 50 999 99.0 99.0  2.77  9.09  6.74 149 9999.0 999.0 999.0 999.0 99.0 99.00
2017 11 18 06 50 999 99.0 99.0  2.65  8.33  6.28 148 9999.0 999.0 999.0 999.0 99.0 99.00
2017 11 18 07 50 999 99.0 99.0  2.59  9.09  6.58 151 9999.0 999.0 999.0 999.0 99.0 99.00
2017 11 18 08 50 999 99.0 99.0  2.54  8.33  6.20 154 9999.0 999.0 999.0 999.0 99.0 99.00
2017 11 18 09 50 999 99.0 99.0  2.78  9.09  6.67 149 9999.0 999.0 999.0 999.0 99.0 99.00
2017 11 18 10 50 999 99.0 99.0  2.87  9.09  6.92 147 9999.0 999.0 999.0 999.0 99.0 99.00
2017 11 18 11 50 999 99.0 99.0  2.62  9.09  6.62 142 9999.0 999.0 999.0 999.0 99.0 99.00
2017 11 18 12 50 999 99.0 99.0  2.63 10.00  6.77 146 9999.0 999.0 999.0 999.0 99.0 99.00
2017 11 18 13 50 999 99.0 99.0  2.68  8.33  6.56 148 9999.0 999.0 999.0 999.0 99.0 99.00
2017 11 18 14 50 999 99.0 99.0  2.63 14.81  6.80 216 9999.0 999.0 999.0 999.0 99.0 99.00
2017 11 18 15 50 999 99.0 99.0  2.58 10.00  6.68 164 9999.0 999.0 999.0 999.0 99.0 99.00
2017 11 18 16 50 999 99.0 99.0  2.54 13.79  6.89 206 9999.0 999.0 999.0 999.0 99.0 99.00
2017 11 18 17 50 999 99.0 99.0  2.47 13.79  6.95 198 9999.0 999.0 999.0 999.0 99.0 99.00
2017 11 18 18 50 999 99.0 99.0  2.59 13.79  7.37 221 9999.0 999.0 999.0 999.0 99.0 99.00
2017 11 18 19 50 999 99.0 99.0  2.64 13.79  7.21 195 9999.0 999.0 999.0 999.0 99.0 99.00
2017 11 18 20 50 999 99.0 99.0  2.56 12.12  7.17 208 9999.0 999.0 999.0 999.0 99.0 99.00
2017 11 18 21 50 999 99.0 99.0  2.67 12.90  7.53 206 9999.0 999.0 999.0 999.0 99.0 99.00
2017 11 18 22 50 999 99.0 99.0  2.71 13.79  7.60 217 9999.0 999.0 999.0 999.0 99.0 99.00
2017 11 18 23 50 999 99.0 99.0  2.82 12.90  7.53 206 9999.0 999.0 999.0 999.0 99.0 99.00
2017 11 19 00 50 999 99.0 99.0  2.72 13.79  7.11 198 9999.0 999.0 999.0 999.0 99.0 99.00
2017 11 19 01 50 999 99.0 99.0  2.68 13.79  7.13 205 9999.0 999.0 999.0 999.0 99.0 99.00
2017 11 19 02 50 999 99.0 99.0  2.66 13.79  7.00 204 9999.0 999.0 999.0 999.0 99.0 99.00
2017 11 19 03 50 999 99.0 99.0  2.72 12.90  7.12 204 9999.0 999.0 999.0 999.0 99.0 99.00
2017 11 19 04 50 999 99.0 99.0  2.40 12.90  6.88 204 9999.0 999.0 999.0 999.0 99.0 99.00
2017 11 19 05 50 999 99.0 99.0  2.73 13.79  7.53 201 9999.0 999.0 999.0 999.0 99.0 99.00
2017 11 19 06 50 999 99.0 99.0  2.51 13.79  7.35 208 9999.0 999.0 999.0 999.0 99.0 99.00
2017 11 19 07 50 999 99.0 99.0  2.46 13.79  6.90 195 9999.0 999.0 999.0 999.0 99.0 99.00
2017 11 19 08 50 999 99.0 99.0  2.79 13.79  7.27 201 9999.0 999.0 999.0 999.0 99.0 99.00
2017 11 19 09 50 999 99.0 99.0  2.46 13.79  6.64 207 9999.0 999.0 999.0 999.0 99.0 99.00
2017 11 19 10 50 999 99.0 99.0  2.88 12.90  7.07 213 9999.0 999.0 999.0 999.0 99.0 99.00
2017 11 19 11 50 999 99.0 99.0  2.59 13.79  6.70 199 9999.0 999.0 999.0 999.0 99.0 99.00
2017 11 19 12 50 999 99.0 99.0  2.62 12.90  6.66 204 9999.0 999.0 999.0 999.0 99.0 99.00
2017 11 19 13 50 999 99.0 99.0  2.58 12.12  6.83 203 9999.0 999.0 999.0 999.0 99.0 99.00
2017 11 19 14 50 999 99.0 99.0  2.67 12.90  7.22 198 9999.0 999.0 999.0 999.0 99.0 99.00
2017 11 19 15 50 999 99.0 99.0  2.65 12.90  7.18 204 9999.0 999.0 999.0 999.0 99.0 99.00
2017 11 19 16 50 999 99.0 99.0  2.55 12.90  6.80 216 9999.0 999.0 999.0 999.0 99.0 99.00
2017 11 19 17 50 999 99.0 99.0  2.58 13.79  6.95 203 9999.0 999.0 999.0 999.0 99.0 99.00
2017 11 19 18 50 999 99.0 99.0  2.44 12.90  6.86 208 9999.0 999.0 999.0 999.0 99.0 99.00
2017 11 19 19 50 999 99.0 99.0  2.45 13.79  6.61 191 9999.0 999.0 999.0 999.0 99.0 99.00
2017 11 19 20 50 999 99.0 99.0  2.47 12.90  7.09 203 9999.0 999.0 999.0 999.0 99.0 99.00
2017 11 19 21 50 999 99.0 99.0  2.69 12.12  7.33 210 9999.0 999.0 999.0 999.0 99.0 99.00
2017 11 19 22 50 999 99.0 99.0  2.68 12.90  7.35 214 9999.0 999.0 999.0 999.0 99.0 99.00
2017 11 19 23 50 999 99.0 99.0  2.55 12.90  7.06 209 9999.0 999.0 999.0 999.0 99.0 99.00
2017 11 20 00 50 999 99.0 99.0  2.56 12.12  7.31 210 9999.0 999.0 999.0 999.0 99.0 99.00
2017 11 20 01 50 999 99.0 99.0  2.48 12.90  7.06 212 9999.0 999.0 999.0 999.0 99.0 99.00
2017 11 20 02 50 999 99.0 99.0  2.33 12.90  7.01 196 9999.0 999.0 999.0 999.0 99.0 99.00
2017 11 20 03 50 999 99.0 99.0  2.40 12.90  7.23 202 9999.0 999.0 999.0 999.0 99.0 99.00
2017 11 20 04 50 999 99.0 99.0  2.20 12.12  6.91 198 9999.0 999.0 999.0 999.0 99.0 99.00
2017 11 20 05 50 999 99.0 99.0  2.23  8.33  6.85 170 9999.0 999.0 999.0 999.0 99.0 99.00
2017 11 20 06 50 999 99.0 99.0  2.34 10.81  7.03 197 9999.0 999.0 999.0 999.0 99.0 99.00
2017 11 20 07 50 999 99.0 99.0  2.45 12.12  7.35 199 9999.0 999.0 999.0 999.0 99.0 99.00
2017 11 20 08 50 999 99.0 99.0  2.26 12.90  6.67 205 9999.0 999.0 999.0 999.0 99.0 99.00
2017 11 20 09 50 999 99.0 99.0  2.15 12.90  6.35 198 9999.0 999.0 999.0 999.0 99.0 99.00
2017 11 20 10 50 999 99.0 99.0  2.43 12.12  7.13 201 9999.0 999.0 999.0 999.0 99.0 99.00
2017 11 20 11 50 999 99.0 99.0  2.28  8.33  6.69 172 9999.0 999.0 999.0 999.0 99.0 99.00
2017 11 20 12 50 999 99.0 99.0  2.15 12.12  6.46 192 9999.0 999.0 999.0 999.0 99.0 99.00
2017 11 20 13 50 999 99.0 99.0  2.18  8.33  6.53 178 9999.0 999.0 999.0 999.0 99.0 99.00
2017 11 20 14 50 999 99.0 99.0  2.21 11.43  6.48 209 9999.0 999.0 999.0 999.0 99.0 99.00
2017 11 20 15 50 999 99.0 99.0  2.20 12.12  6.70 196 9999.0 999.0 999.0 999.0 99.0 99.00
2017 11 20 16 50 999 99.0 99.0  2.23  8.33  7.02 163 9999.0 999.0 999.0 999.0 99.0 99.00
2017 11 20 17 50 999 99.0 99.0  2.12 12.12  6.86 196 9999.0 999.0 999.0 999.0 99.0 99.00
2017 11 20 18 50 999 99.0 99.0  1.99 11.43  6.76 206 9999.0 999.0 999.0 999.0 99.0 99.00
2017 11 20 19 50 999 99.0 99.0  2.11 12.12  6.81 207 9999.0 999.0 999.0 999.0 99.0 99.00
2017 11 20 20 50 999 99.0 99.0  1.84 10.00  6.48 178 9999.0 999.0 999.0 999.0 99.0 99.00
2017 11 20 21 50 999 99.0 99.0  1.95 12.12  6.84 190 9999.0 999.0 999.0 999.0 99.0 99.00
2017 11 20 22 50 999 99.0 99.0  1.95  9.09  6.74 172 9999.0 999.0 999.0 999.0 99.0 99.00
2017 11 20 23 50 999 99.0 99.0  1.92 13.79  6.90 193 9999.0 999.0 999.0 999.0 99.0 99.00
2017 11 21 00 50 999 99.0 99.0  2.14 10.81  6.93 184 9999.0 999.0 999.0 999.0 99.0 99.00
2017 11 21 01 50 999 99.0 99.0  1.99 12.90  6.76 184 9999.0 999.0 999.0 999.0 99.0 99.00
2017 11 21 02 50 999 99.0 99.0  1.85 12.90  6.53 197 9999.0 999.0 999.0 999.0 99.0 99.00
2017 11 21 03 50 999 99.0 99.0  1.87 13.79  6.71 183 9999.0 999.0 999.0 999.0 99.0 99.00
2017 11 21 04 50 999 99.0 99.0  2.10 12.90  7.04 190 9999.0 999.0 999.0 999.0 99.0 99.00
2017 11 21 05 50 999 99.0 99.0  1.78 10.81  6.28 201 9999.0 999.0 999.0 999.0 99.0 99.00
2017 11 21 06 50 999 99.0 99.0  1.90 12.90  6.30 183 9999.0 999.0 999.0 999.0 99.0 99.00
2017 11 21 07 50 999 99.0 99.0  1.79 12.90  6.67 179 9999.0 999.0 999.0 999.0 99.0 99.00
2017 11 21 08 50 999 99.0 99.0  1.97 11.43  6.84 188 9999.0 999.0 999.0 999.0 99.0 99.00
2017 11 21 09 50 999 99.0 99.0  1.87 13.79  6.45 204 9999.0 999.0 999.0 999.0 99.0 99.00
2017 11 21 10 50 999 99.0 99.0  1.78 12.90  6.29 193 9999.0 999.0 999.0 999.0 99.0 99.00
2017 11 21 11 50 999 99.0 99.0  1.91 12.12  6.25 189 9999.0 999.0 999.0 999.0 99.0 99.00
2017 11 21 12 50 999 99.0 99.0  1.79 10.00  6.19 169 9999.0 999.0 999.0 999.0 99.0 99.00
2017 11 21 13 50 999 99.0 99.0  1.87 12.90  6.13 188 9999.0 999.0 999.0 999.0 99.0 99.00
2017 11 21 14 50 999 99.0 99.0  1.79  9.09  6.18 173 9999.0 999.0 999.0 999.0 99.0 99.00
2017 11 21 15 50 999 99.0 99.0  1.81 12.90  6.18 188 9999.0 999.0 999.0 999.0 99.0 99.00
2017 11 21 16 50 999 99.0 99.0  1.72 10.00  6.04 172 9999.0 999.0 999.0 999.0 99.0 99.00
2017 11 21 17 50 999 99.0 99.0  1.82 13.79  6.02 214 9999.0 999.0 999.0 999.0 99.0 99.00
2017 11 21 18 50 999 99.0 99.0  1.71 13.79  5.95 191 9999.0 999.0 999.0 999.0 99.0 99.00
2017 11 21 19 50 999 99.0 99.0  1.71 12.12  5.84 177 9999.0 999.0 999.0 999.0 99.0 99.00
2017 11 21 20 50 999 99.0 99.0  1.84 12.90  5.66 199 9999.0 999.0 999.0 999.0 99.0 99.00
2017 11 21 21 50 999 99.0 99.0  1.89  7.69  6.06 159 9999.0 999.0 999.0 999.0 99.0 99.00
2017 11 21 22 50 999 99.0 99.0  1.77  5.88  5.93 155 9999.0 999.0 999.0 999.0 99.0 99.00
2017 11 21 23 50 999 99.0 99.0  1.84  9.09  6.07 155 9999.0 999.0 999.0 999.0 99.0 99.00
2017 11 22 00 50 999 99.0 99.0  1.84  6.25  6.05 148 9999.0 999.0 999.0 999.0 99.0 99.00
2017 11 22 01 50 999 99.0 99.0  1.88  6.25  5.93 152 9999.0 999.0 999.0 999.0 99.0 99.00
2017 11 22 02 50 999 99.0 99.0  1.81 10.81  5.93 184 9999.0 999.0 999.0 999.0 99.0 99.00
2017 11 22 03 50 999 99.0 99.0  1.77  9.09  6.03 176 9999.0 999.0 999.0 999.0 99.0 99.00
2017 11 22 04 50 999 99.0 99.0  1.72 11.43  5.79 197 9999.0 999.0 999.0 999.0 99.0 99.00
2017 11 22 05 50 999 99.0 99.0  1.72 10.81  5.85 190 9999.0 999.0 999.0 999.0 99.0 99.00
2017 11 22 06 50 999 99.0 99.0  1.70 12.90  5.67 203 9999.0 999.0 999.0 999.0 99.0 99.00
2017 11 22 07 50 999 99.0 99.0  1.86 12.90  5.61 186 9999.0 999.0 999.0 999.0 99.0 99.00
2017 11 22 08 50 999 99.0 99.0  1.81  6.25  5.38 160 9999.0 999.0 999.0 999.0 99.0 99.00
2017 11 22 09 50 999 99.0 99.0  1.77  6.67  5.43 150 9999.0 999.0 999.0 999.0 99.0 99.00
2017 11 22 10 50 999 99.0 99.0  1.86 12.12  5.69 203 9999.0 999.0 999.0 999.0 99.0 99.00
2017 11 22 11 50 999 99.0 99.0  1.96  6.25  5.93 150 9999.0 999.0 999.0 999.0 99.0 99.00
2017 11 22 12 50 999 99.0 99.0  2.02  5.56  5.55 137 9999.0 999.0 999.0 999.0 99.0 99.00
2017 11 22 13 50 999 99.0 99.0  1.90 13.79  5.71 203 9999.0 999.0 999.0 999.0 99.0 99.00
2017 11 22 14 50 999 99.0 99.0  2.12  5.88  5.99 131 9999.0 999.0 999.0 999.0 99.0 99.00
2017 11 22 15 50 999 99.0 99.0  2.02  7.14  5.85 152 9999.0 999.0 999.0 999.0 99.0 99.00
2017 11 22 16 50 999 99.0 99.0  2.09  7.69  5.86 165 9999.0 999.0 999.0 999.0 99.0 99.00
2017 11 22 17 50 999 99.0 99.0  2.03  8.33  6.09 168 9999.0 999.0 999.0 999.0 99.0 99.00
2017 11 22 18 50 999 99.0 99.0  2.05  8.33  6.08 164 9999.0 999.0 999.0 999.0 99.0 99.00
2017 11 22 19 50 999 99.0 99.0  2.03  7.69  5.96 169 9999.0 999.0 999.0 999.0 99.0 99.00
2017 11 22 20 50 999 99.0 99.0  2.17  7.69  6.13 170 9999.0 999.0 999.0 999.0 99.0 99.00
2017 11 22 21 50 999 99.0 99.0  2.10  8.33  6.33 171 9999.0 999.0 999.0 999.0 99.0 99.00
2017 11 22 22 50 999 99.0 99.0  2.08  7.69  6.07 160 9999.0 999.0 999.0 999.0 99.0 99.00
2017 11 22 23 50 999 99.0 99.0  2.15  7.69  6.26 159 9999.0 999.0 999.0 999.0 99.0 99.00
2017 11 23 00 50 999 99.0 99.0  2.02  7.69  6.08 155 9999.0 999.0 999.0 999.0 99.0 99.00
2017 11 23 01 50 999 99.0 99.0  2.01 12.90  6.13 205 9999.0 999.0 999.0 999.0 99.0 99.00
2017 11 23 02 50 999 99.0 99.0  2.05  7.69  6.26 158 9999.0 999.0 999.0 999.0 99.0 99.00
2017 11 23 03 50 999 99.0 99.0  2.16  8.33  6.31 165 9999.0 999.0 999.0 999.0 99.0 99.00
2017 11 23 04 50 999 99.0 99.0  2.10 12.90  6.40 192 9999.0 999.0 999.0 999.0 99.0 99.00
2017 11 23 05 50 999 99.0 99.0  1.83 12.90  6.12 212 9999.0 999.0 999.0 999.0 99.0 99.00
2017 11 23 06 50 999 99.0 99.0  2.05 12.90  6.33 200 9999.0 999.0 999.0 999.0 99.0 99.00
2017 11 23 07 50 999 99.0 99.0  2.02 12.90  6.20 178 9999.0 999.0 999.0 999.0 99.0 99.00
2017 11 23 08 50 999 99.0 99.0  2.09 12.90  6.46 188 9999.0 999.0 999.0 999.0 99.0 99.00
2017 11 23 09 50 999 99.0 99.0  2.04 12.12  6.29 204 9999.0 999.0 999.0 999.0 99.0 99.00
2017 11 23 10 50 999 99.0 99.0  2.15 12.90  6.56 202 9999.0 999.0 999.0 999.0 99.0 99.00
2017 11 23 11 50 999 99.0 99.0  2.22 12.12  6.50 192 9999.0 999.0 999.0 999.0 99.0 99.00
2017 11 23 12 50 999 99.0 99.0  2.10 12.12  6.51 193 9999.0 999.0 999.0 999.0 99.0 99.00
2017 11 23 13 50 999 99.0 99.0  2.28 12.12  6.76 193 9999.0 999.0 999.0 999.0 99.0 99.00
2017 11 23 14 50 999 99.0 99.0  2.08 12.12  6.30 190 9999.0 999.0 999.0 999.0 99.0 99.00
2017 11 23 15 50 999 99.0 99.0  2.17 13.79  6.80 210 9999.0 999.0 999.0 999.0 99.0 99.00
2017 11 23 16 50 999 99.0 99.0  2.18 12.12  6.54 199 9999.0 999.0 999.0 999.0 99.0 99.00
2017 11 23 17 50 999 99.0 99.0  2.16 12.12  6.48 202 9999.0 999.0 999.0 999.0 99.0 99.00
2017 11 23 18 50 999 99.0 99.0  1.99 12.12  6.34 200 9999.0 999.0 999.0 999.0 99.0 99.00
2017 11 23 19 50 999 99.0 99.0  2.12 11.43  6.80 209 9999.0 999.0 999.0 999.0 99.0 99.00
2017 11 23 20 50 999 99.0 99.0  2.03  8.33  6.64 161 9999.0 999.0 999.0 999.0 99.0 99.00
2017 11 23 21 50 999 99.0 99.0  2.05 12.12  6.48 195 9999.0 999.0 999.0 999.0 99.0 99.00
2017 11 23 22 50 999 99.0 99.0  2.04 12.90  6.67 204 9999.0 999.0 999.0 999.0 99.0 99.00
2017 11 23 23 50 999 99.0 99.0  2.05  7.69  6.59 159 9999.0 999.0 999.0 999.0 99.0 99.00
2017 11 24 00 50 999 99.0 99.0  1.91 12.90  6.51 194 9999.0 999.0 999.0 999.0 99.0 99.00
2017 11 24 01 50 999 99.0 99.0  1.93 12.90  6.30 190 9999.0 999.0 999.0 999.0 99.0 99.00
2017 11 24 02 50 999 99.0 99.0  1.95 12.90  6.31 190 9999.0 999.0 999.0 999.0 99.0 99.00
2017 11 24 03 50 999 99.0 99.0  2.04  9.09  6.34 156 9999.0 999.0 999.0 999.0 99.0 99.00
2017 11 24 04 50 999 99.0 99.0  1.98 12.90  6.26 208 9999.0 999.0 999.0 999.0 99.0 99.00
2017 11 24 05 50 999 99.0 99.0  2.00 12.12  6.15 197 9999.0 999.0 999.0 999.0 99.0 99.00
2017 11 24 06 50 999 99.0 99.0  1.86 12.12  6.08 189 9999.0 999.0 999.0 999.0 99.0 99.00
2017 11 24 07 50 999 99.0 99.0  1.85 11.43  5.98 193 9999.0 999.0 999.0 999.0 99.0 99.00
2017 11 24 08 50 999 99.0 99.0  1.98 11.43  6.33 199 9999.0 999.0 999.0 999.0 99.0 99.00
2017 11 24 09 50 999 99.0 99.0  2.00 11.43  6.28 199 9999.0 999.0 999.0 999.0 99.0 99.00
2017 11 24 10 50 999 99.0 99.0  1.87 11.43  6.18 199 9999.0 999.0 999.0 999.0 99.0 99.00
2017 11 24 11 50 999 99.0 99.0  1.95 12.12  6.07 176 9999.0 999.0 999.0 999.0 99.0 99.00
2017 11 24 12 50 999 99.0 99.0  1.99 11.43  6.12 191 9999.0 999.0 999.0 999.0 99.0 99.00
2017 11 24 13 50 999 99.0 99.0  1.92 11.43  5.95 184 9999.0 999.0 999.0 999.0 99.0 99.00
2017 11 24 14 50 999 99.0 99.0  2.05 11.43  5.99 188 9999.0 999.0 999.0 999.0 99.0 99.00
2017 11 24 15 50 999 99.0 99.0  1.92 12.12  6.06 185 9999.0 999.0 999.0 999.0 99.0 99.00
2017 11 24 16 50 999 99.0 99.0  1.99 11.43  5.83 190 9999.0 999.0 999.0 999.0 99.0 99.00
2017 11 24 17 50 999 99.0 99.0  2.03 10.81  5.97 196 9999.0 999.0 999.0 999.0 99.0 99.00
2017 11 24 18 50 999 99.0 99.0  1.87 10.00  6.02 177 9999.0 999.0 999.0 999.0 99.0 99.00
2017 11 24 19 50 999 99.0 99.0  1.89 11.43  5.97 198 9999.0 999.0 999.0 999.0 99.0 99.00
2017 11 24 20 50 999 99.0 99.0  2.01 10.00  5.99 180 9999.0 999.0 999.0 999.0 99.0 99.00
2017 11 24 21 50 999 99.0 99.0  1.97 10.00  5.95 183 9999.0 999.0 999.0 999.0 99.0 99.00
2017 11 24 22 50 999 99.0 99.0  1.93 10.00  5.88 178 9999.0 999.0 999.0 999.0 99.0 99.00
2017 11 24 23 50 999 99.0 99.0  2.12 10.81  5.93 191 9999.0 999.0 999.0 999.0 99.0 99.00
2017 11 25 00 50 999 99.0 99.0  2.10  8.33  6.19 164 9999.0 999.0 999.0 999.0 99.0 99.00
2017 11 25 01 50 999 99.0 99.0  2.10  9.09  5.94 166 9999.0 999.0 999.0 999.0 99.0 99.00
2017 11 25 02 50 999 99.0 99.0  2.07  9.09  5.86 164 9999.0 999.0 999.0 999.0 99.0 99.00
2017 11 25 03 50 999 99.0 99.0  2.29  9.09  6.04 164 9999.0 999.0 999.0 999.0 99.0 99.00
2017 11 25 04 50 999 99.0 99.0  2.27  9.09  5.98 166 9999.0 999.0 999.0 999.0 99.0 99.00
2017 11 25 05 50 999 99.0 99.0  2.20  6.25  5.90 149 9999.0 999.0 999.0 999.0 99.0 99.00
2017 11 25 06 50 999 99.0 99.0  2.18  7.69  6.08 162 9999.0 999.0 999.0 999.0 99.0 99.00
2017 11 25 07 50 999 99.0 99.0  2.32  6.25  5.99 147 9999.0 999.0 999.0 999.0 99.0 99.00
2017 11 25 08 50 999 99.0 99.0  2.18  7.14  5.81 160 9999.0 999.0 999.0 999.0 99.0 99.00
2017 11 25 09 50 999 99.0 99.0  2.34  7.69  5.98 154 9999.0 999.0 999.0 999.0 99.0 99.00
2017 11 25 10 50 999 99.0 99.0  2.24  7.69  5.85 154 9999.0 999.0 999.0 999.0 99.0 99.00
2017 11 25 11 50 999 99.0 99.0  2.22  6.67  5.79 143 9999.0 999.0 999.0 999.0 99.0 99.00
2017 11 25 12 50 999 99.0 99.0  2.27  6.25  5.95 141 9999.0 999.0 999.0 999.0 99.0 99.00
2017 11 25 13 50 999 99.0 99.0  2.19  7.14  6.05 158 9999.0 999.0 999.0 999.0 99.0 99.00
2017 11 25 14 50 999 99.0 99.0  2.33  7.14  5.99 147 9999.0 999.0 999.0 999.0 99.0 99.00
2017 11 25 15 50 999 99.0 99.0  2.18  7.14  5.89 164 9999.0 999.0 999.0 999.0 99.0 99.00
2017 11 25 16 50 999 99.0 99.0  2.31 12.12  5.96 214 9999.0 999.0 999.0 999.0 99.0 99.00
2017 11 25 17 50 999 99.0 99.0  2.15 12.90  6.05 212 9999.0 999.0 999.0 999.0 99.0 99.00
2017 11 25 18 50 999 99.0 99.0  2.27  7.14  5.96 150 9999.0 999.0 999.0 999.0 99.0 99.00
2017 11 25 19 50 999 99.0 99.0  2.21  7.14  6.00 157 9999.0 999.0 999.0 999.0 99.0 99.00
2017 11 25 20 50 999 99.0 99.0  2.12  7.14  5.96 151 9999.0 999.0 999.0 999.0 99.0 99.00
2017 11 25 21 50 999 99.0 99.0  2.19  6.67  6.13 152 9999.0 999.0 999.0 999.0 99.0 99.00
2017 11 25 22 50 999 99.0 99.0  2.19  7.69  6.29 161 9999.0 999.0 999.0 999.0 99.0 99.00
2017 11 25 23 50 999 99.0 99.0  2.10  7.14  6.10 158 9999.0 999.0 999.0 999.0 99.0 99.00
2017 11 26 00 50 999 99.0 99.0  2.04  7.69  6.27 161 9999.0 999.0 999.0 999.0 99.0 99.00
2017 11 26 01 50 999 99.0 99.0  2.26  7.69  6.21 146 9999.0 999.0 999.0 999.0 99.0 99.00
2017 11 26 02 50 999 99.0 99.0  2.07  7.69  6.16 156 9999.0 999.0 999.0 999.0 99.0 99.00
2017 11 26 03 50 999 99.0 99.0  2.25  9.09  6.07 167 9999.0 999.0 999.0 999.0 99.0 99.00
2017 11 26 04 50 999 99.0 99.0  2.31  8.33  6.31 169 9999.0 999.0 999.0 999.0 99.0 99.00
2017 11 26 05 50 999 99.0 99.0  2.32  7.69  6.27 172 9999.0 999.0 999.0 999.0 99.0 99.00
2017 11 26 06 50 999 99.0 99.0  2.30 14.81  6.38 214 9999.0 999.0 999.0 999.0 99.0 99.00
2017 11 26 07 50 999 99.0 99.0  2.35  8.33  6.45 164 9999.0 999.0 999.0 999.0 99.0 99.00
2017 11 26 08 50 999 99.0 99.0  2.39  9.09  6.15 169 9999.0 999.0 999.0 999.0 99.0 99.00
2017 11 26 09 50 999 99.0 99.0  2.33 14.81  6.38 229 9999.0 999.0 999.0 999.0 99.0 99.00
2017 11 26 10 50 999 99.0 99.0  2.40 13.79  6.67 219 9999.0 999.0 999.0 999.0 99.0 99.00
2017 11 26 11 50 999 99.0 99.0  2.53  8.33  6.48 158 9999.0 999.0 999.0 999.0 99.0 99.00
2017 11 26 12 50 999 99.0 99.0  2.48 14.81  6.54 203 9999.0 999.0 999.0 999.0 99.0 99.00
2017 11 26 13 50 999 99.0 99.0  2.50 14.81  6.94 196 9999.0 999.0 999.0 999.0 99.0 99.00
2017 11 26 14 50 999 99.0 99.0  2.42 14.81  6.78 201 9999.0 999.0 999.0 999.0 99.0 99.00
2017 11 26 15 50 999 99.0 99.0  2.45 14.81  6.69 214 9999.0 999.0 999.0 999.0 99.0 99.00
2017 11 26 16 50 999 99.0 99.0  2.58 13.79  6.86 221 9999.0 999.0 999.0 999.0 99.0 99.00
2017 11 26 17 50 999 99.0 99.0  2.62 14.81  7.11 197 9999.0 999.0 999.0 999.0 99.0 99.00
2017 11 26 18 50 999 99.0 99.0  2.62 13.79  7.26 205 9999.0 999.0 999.0 999.0 99.0 99.00
2017 11 26 19 50 999 99.0 99.0  2.55 13.79  7.02 212 9999.0 999.0 999.0 999.0 99.0 99.00
2017 11 26 20 50 999 99.0 99.0  2.45 13.79  6.96 218 9999.0 999.0 999.0 999.0 99.0 99.00
2017 11 26 21 50 999 99.0 99.0  2.75 13.79  7.32 211 9999.0 999.0 999.0 999.0 99.0 99.00
2017 11 26 22 50 999 99.0 99.0  2.20 13.79  6.35 232 9999.0 999.0 999.0 999.0 99.0 99.00
2017 11 26 23 50 999 99.0 99.0  2.58 13.79  7.11 207 9999.0 999.0 999.0 999.0 99.0 99.00
2017 11 27 00 50 999 99.0 99.0  2.57 12.90  7.07 206 9999.0 999.0 999.0 999.0 99.0 99.00
2017 11 27 01 50 999 99.0 99.0  2.57 14.81  7.06 214 9999.0 999.0 999.0 999.0 99.0 99.00
2017 11 27 02 50 999 99.0 99.0  2.58 13.79  7.15 213 9999.0 999.0 999.0 999.0 99.0 99.00
2017 11 27 03 50 999 99.0 99.0  2.46 13.79  7.12 208 9999.0 999.0 999.0 999.0 99.0 99.00
2017 11 27 04 50 999 99.0 99.0  2.53 13.79  6.88 220 9999.0 999.0 999.0 999.0 99.0 99.00
2017 11 27 05 50 999 99.0 99.0  2.62 13.79  6.95 218 9999.0 999.0 999.0 999.0 99.0 99.00
2017 11 27 06 50 999 99.0 99.0  2.33 14.81  6.42 206 9999.0 999.0 999.0 999.0 99.0 99.00
2017 11 27 07 50 999 99.0 99.0  2.24 14.81  6.71 203 9999.0 999.0 999.0 999.0 99.0 99.00
2017 11 27 08 50 999 99.0 99.0  2.40 12.90  6.71 198 9999.0 999.0 999.0 999.0 99.0 99.00
2017 11 27 09 50 999 99.0 99.0  2.40 11.43  6.71 168 9999.0 999.0 999.0 999.0 99.0 99.00
2017 11 27 10 50 999 99.0 99.0  2.50 12.90  6.85 212 9999.0 999.0 999.0 999.0 99.0 99.00
2017 11 27 11 50 999 99.0 99.0  2.42 12.90  6.51 211 9999.0 999.0 999.0 999.0 99.0 99.00
2017 11 27 12 50 999 99.0 99.0  2.24 12.12  6.80 205 9999.0 999.0 999.0 999.0 99.0 99.00
2017 11 27 13 50 999 99.0 99.0  2.28 13.79  6.54 201 9999.0 999.0 999.0 999.0 99.0 99.00
2017 11 27 14 50 999 99.0 99.0  2.23 13.79  6.70 197 9999.0 999.0 999.0 999.0 99.0 99.00
2017 11 27 15 50 999 99.0 99.0  2.27 13.79  6.58 227 9999.0 999.0 999.0 999.0 99.0 99.00
2017 11 27 16 50 999 99.0 99.0  2.33 13.79  7.09 219 9999.0 999.0 999.0 999.0 99.0 99.00
2017 11 27 17 50 999 99.0 99.0  2.28 13.79  6.77 208 9999.0 999.0 999.0 999.0 99.0 99.00
2017 11 27 18 50 999 99.0 99.0  2.11 13.79  6.90 204 9999.0 999.0 999.0 999.0 99.0 99.00
2017 11 27 19 50 999 99.0 99.0  1.91 12.90  6.22 193 9999.0 999.0 999.0 999.0 99.0 99.00
2017 11 27 20 50 999 99.0 99.0  1.91 13.79  6.57 223 9999.0 999.0 999.0 999.0 99.0 99.00
2017 11 27 21 50 999 99.0 99.0  1.98 13.79  6.56 204 9999.0 999.0 999.0 999.0 99.0 99.00
2017 11 27 22 50 999 99.0 99.0  2.07 13.79  6.98 222 9999.0 999.0 999.0 999.0 99.0 99.00
2017 11 27 23 50 999 99.0 99.0  2.01 12.12  6.90 203 9999.0 999.0 999.0 999.0 99.0 99.00
2017 11 28 00 50 999 99.0 99.0  2.00  9.09  6.72 171 9999.0 999.0 999.0 999.0 99.0 99.00
2017 11 28 01 50 999 99.0 99.0  2.17 13.79  6.96 207 9999.0 999.0 999.0 999.0 99.0 99.00
2017 11 28 02 50 999 99.0 99.0  2.01 13.79  6.82 208 9999.0 999.0 999.0 999.0 99.0 99.00
2017 11 28 03 50 999 99.0 99.0  1.99 12.12  6.79 201 9999.0 999.0 999.0 999.0 99.0 99.00
2017 11 28 04 50 999 99.0 99.0  1.90 10.81  6.46 199 9999.0 999.0 999.0 999.0 99.0 99.00
2017 11 28 06 50 999 99.0 99.0  1.93 11.43  6.26 203 9999.0 999.0 999.0 999.0 99.0 99.00
2017 11 28 07 50 999 99.0 99.0  1.95 11.43  6.58 188 9999.0 999.0 999.0 999.0 99.0 99.00
2017 11 28 08 50 999 99.0 99.0  1.90 12.12  6.62 204 9999.0 999.0 999.0 999.0 99.0 99.00
2017 11 28 09 50 999 99.0 99.0  1.96 12.90  6.62 202 9999.0 999.0 999.0 999.0 99.0 99.00
2017 11 28 10 50 999 99.0 99.0  1.86  9.09  6.62 169 9999.0 999.0 999.0 999.0 99.0 99.00
2017 11 28 11 50 999 99.0 99.0  1.84 12.12  6.63 204 9999.0 999.0 999.0 999.0 99.0 99.00
2017 11 28 12 50 999 99.0 99.0  1.76  9.09  6.49 165 9999.0 999.0 999.0 999.0 99.0 99.00
2017 11 28 13 50 999 99.0 99.0  1.80 12.90  6.26 173 9999.0 999.0 999.0 999.0 99.0 99.00
2017 11 28 14 50 999 99.0 99.0  1.87 11.43  6.35 202 9999.0 999.0 999.0 999.0 99.0 99.00
2017 11 28 15 50 999 99.0 99.0  1.91 12.90  6.44 202 9999.0 999.0 999.0 999.0 99.0 99.00
2017 11 28 16 50 999 99.0 99.0  1.75 12.90  6.10 211 9999.0 999.0 999.0 999.0 99.0 99.00
2017 11 28 17 50 999 99.0 99.0  1.81 12.90  6.18 191 9999.0 999.0 999.0 999.0 99.0 99.00
2017 11 28 18 50 999 99.0 99.0  1.96 12.12  6.55 186 9999.0 999.0 999.0 999.0 99.0 99.00
2017 11 28 19 50 999 99.0 99.0  1.85 13.79  6.72 197 9999.0 999.0 999.0 999.0 99.0 99.00
2017 11 28 20 50 999 99.0 99.0  1.81 12.12  6.58 190 9999.0 999.0 999.0 999.0 99.0 99.00
2017 11 28 21 50 999 99.0 99.0  1.78 11.43  6.37 197 9999.0 999.0 999.0 999.0 99.0 99.00
2017 11 28 22 50 999 99.0 99.0  1.77 12.90  6.48 209 9999.0 999.0 999.0 999.0 99.0 99.00
2017 11 28 23 50 999 99.0 99.0  1.92 10.81  6.74 197 9999.0 999.0 999.0 999.0 99.0 99.00
2017 11 29 00 50 999 99.0 99.0  1.89 13.79  6.69 168 9999.0 999.0 999.0 999.0 99.0 99.00
2017 11 29 01 50 999 99.0 99.0  1.90 12.90  6.30 195 9999.0 999.0 999.0 999.0 99.0 99.00
2017 11 29 02 50 999 99.0 99.0  1.89 13.79  6.33 191 9999.0 999.0 999.0 999.0 99.0 99.00
2017 11 29 03 50 999 99.0 99.0  1.94 12.90  6.51 191 9999.0 999.0 999.0 999.0 99.0 99.00
2017 11 29 04 50 999 99.0 99.0  2.10 12.90  6.95 191 9999.0 999.0 999.0 999.0 99.0 99.00
2017 11 29 05 50 999 99.0 99.0  1.88 12.90  6.34 196 9999.0 999.0 999.0 999.0 99.0 99.00
2017 11 29 06 50 999 99.0 99.0  2.05 14.81  6.51 174 9999.0 999.0 999.0 999.0 99.0 99.00
2017 11 29 07 50 999 99.0 99.0  1.88  8.33  6.35 164 9999.0 999.0 999.0 999.0 99.0 99.00
2017 11 29 08 50 999 99.0 99.0  1.98 13.79  6.37 206 9999.0 999.0 999.0 999.0 99.0 99.00
2017 11 29 09 50 999 99.0 99.0  1.83 12.90  6.15 178 9999.0 999.0 999.0 999.0 99.0 99.00
2017 11 29 10 50 999 99.0 99.0  1.97 13.79  6.21 191 9999.0 999.0 999.0 999.0 99.0 99.00
2017 11 29 11 50 999 99.0 99.0  1.97 12.90  6.37 186 9999.0 999.0 999.0 999.0 99.0 99.00
2017 11 29 12 50 999 99.0 99.0  1.85 12.12  6.25 195 9999.0 999.0 999.0 999.0 99.0 99.00
2017 11 29 13 50 999 99.0 99.0  2.07 12.90  5.95 204 9999.0 999.0 999.0 999.0 99.0 99.00
2017 11 29 14 50 999 99.0 99.0  2.06 12.90  6.17 196 9999.0 999.0 999.0 999.0 99.0 99.00
2017 11 29 15 50 999 99.0 99.0  1.94 12.90  5.92 223 9999.0 999.0 999.0 999.0 99.0 99.00
2017 11 29 16 50 999 99.0 99.0  2.12 12.90  5.97 194 9999.0 999.0 999.0 999.0 99.0 99.00
2017 11 29 17 50 999 99.0 99.0  2.00 11.43  5.84 187 9999.0 999.0 999.0 999.0 99.0 99.00
2017 11 29 18 50 999 99.0 99.0  2.14 12.90  5.99 188 9999.0 999.0 999.0 999.0 99.0 99.00
2017 11 29 19 50 999 99.0 99.0  1.92 12.90  5.81 206 9999.0 999.0 999.0 999.0 99.0 99.00
2017 11 29 20 50 999 99.0 99.0  2.04  6.25  5.99 151 9999.0 999.0 999.0 999.0 99.0 99.00
2017 11 29 21 50 999 99.0 99.0  2.08 12.12  6.14 186 9999.0 999.0 999.0 999.0 99.0 99.00
2017 11 29 22 50 999 99.0 99.0  2.03 12.90  5.92 209 9999.0 999.0 999.0 999.0 99.0 99.00
2017 11 29 23 50 999 99.0 99.0  2.12 12.12  6.23 206 9999.0 999.0 999.0 999.0 99.0 99.00
2017 11 30 00 50 999 99.0 99.0  1.94 12.12  5.80 199 9999.0 999.0 999.0 999.0 99.0 99.00
2017 11 30 01 50 999 99.0 99.0  2.12 12.12  6.02 191 9999.0 999.0 999.0 999.0 99.0 99.00
2017 11 30 02 50 999 99.0 99.0  2.07 12.12  5.91 193 9999.0 999.0 999.0 999.0 99.0 99.00
2017 11 30 03 50 999 99.0 99.0  2.12 11.43  5.91 199 9999.0 999.0 999.0 999.0 99.0 99.00
2017 11 30 04 50 999 99.0 99.0  2.10 12.12  6.16 201 9999.0 999.0 999.0 999.0 99.0 99.00
2017 11 30 05 50 999 99.0 99.0  2.06 11.43  6.03 188 9999.0 999.0 999.0 999.0 99.0 99.00
2017 11 30 06 50 999 99.0 99.0  2.00  6.25  5.79 156 9999.0 999.0 999.0 999.0 99.0 99.00
2017 11 30 07 50 999 99.0 99.0  2.14 11.43  6.11 201 9999.0 999.0 999.0 999.0 99.0 99.00
2017 11 30 08 50 999 99.0 99.0  2.07  6.25  5.98 162 9999.0 999.0 999.0 999.0 99.0 99.00
2017 11 30 09 50 999 99.0 99.0  2.06 10.81  5.88 202 9999.0 999.0 999.0 999.0 99.0 99.00
2017 11 30 10 50 999 99.0 99.0  2.02 12.12  5.78 228 9999.0 999.0 999.0 999.0 99.0 99.00
2017 11 30 11 50 999 99.0 99.0  2.09  6.25  5.77 132 9999.0 999.0 999.0 999.0 99.0 99.00
2017 11 30 12 50 999 99.0 99.0  2.07  6.25  5.79 129 9999.0 999.0 999.0 999.0 99.0 99.00
2017 11 30 13 50 999 99.0 99.0  1.95  7.14  5.56 154 9999.0 999.0 999.0 999.0 99.0 99.00
2017 11 30 14 50 999 99.0 99.0  2.10 10.81  5.94 186 9999.0 999.0 999.0 999.0 99.0 99.00
2017 11 30 15 50 999 99.0 99.0  1.96  6.25  5.91 140 9999.0 999.0 999.0 999.0 99.0 99.00
2017 11 30 16 50 999 99.0 99.0  1.99  7.14  5.87 146 9999.0 999.0 999.0 999.0 99.0 99.00
2017 11 30 17 50 999 99.0 99.0  1.95  6.67  5.97 150 9999.0 999.0 999.0 999.0 99.0 99.00
2017 11 30 18 50 999 99.0 99.0  2.01  6.25  6.17 135 9999.0 999.0 999.0 999.0 99.0 99.00
2017 11 30 19 50 999 99.0 99.0  1.95  6.67  5.89 157 9999.0 999.0 999.0 999.0 99.0 99.00
2017 11 30 20 50 999 99.0 99.0  1.96  7.14  5.93 151 9999.0 999.0 999.0 999.0 99.0 99.00
2017 11 30 21 50 999 99.0 99.0  1.83  6.67  5.75 151 9999.0 999.0 999.0 999.0 99.0 99.00
2017 11 30 22 50 999 99.0 99.0  1.99  7.14  5.94 144 9999.0 999.0 999.0 999.0 99.0 99.00
2017 11 30 23 50 999 99.0 99.0  1.94  6.25  5.88 136 9999.0 999.0 999.0 999.0 99.0 99.00
2017 12 01 00 50 999 99.0 99.0  1.97  7.14  5.79 159 9999.0 999.0 999.0 999.0 99.0 99.00
2017 12 01 01 50 999 99.0 99.0  1.93 16.00  5.87 323 9999.0 999.0 999.0 999.0 99.0 99.00
2017 12 01 02 50 999 99.0 99.0  1.88 16.00  5.77 231 9999.0 999.0 999.0 999.0 99.0 99.00
2017 12 01 03 50 999 99.0 99.0  2.01 16.00  5.86 280 9999.0 999.0 999.0 999.0 99.0 99.00
2017 12 01 04 50 999 99.0 99.0  2.03  7.14  5.68 151 9999.0 999.0 999.0 999.0 99.0 99.00
2017 12 01 05 50 999 99.0 99.0  1.98 16.00  5.79 239 9999.0 999.0 999.0 999.0 99.0 99.00
2017 12 01 06 50 999 99.0 99.0  1.97  6.67  5.67 141 9999.0 999.0 999.0 999.0 99.0 99.00
2017 12 01 07 50 999 99.0 99.0  2.03 16.00  6.13 255 9999.0 999.0 999.0 999.0 99.0 99.00
2017 12 01 08 50 999 99.0 99.0  2.03  5.88  6.05 142 9999.0 999.0 999.0 999.0 99.0 99.00
2017 12 01 09 50 999 99.0 99.0  2.14 16.00  6.16 242 9999.0 999.0 999.0 999.0 99.0 99.00
2017 12 01 10 50 999 99.0 99.0  2.13 16.00  6.50 196 9999.0 999.0 999.0 999.0 99.0 99.00
2017 12 01 11 50 999 99.0 99.0  2.05 16.00  6.17 213 9999.0 999.0 999.0 999.0 99.0 99.00
2017 12 01 12 50 999 99.0 99.0  2.23 16.00  6.78 214 9999.0 999.0 999.0 999.0 99.0 99.00
2017 12 01 13 50 999 99.0 99.0  2.23 16.00  6.71 211 9999.0 999.0 999.0 999.0 99.0 99.00
2017 12 01 14 50 999 99.0 99.0  2.34 16.00  6.82 215 9999.0 999.0 999.0 999.0 99.0 99.00
2017 12 01 15 50 999 99.0 99.0  2.27 16.00  6.66 200 9999.0 999.0 999.0 999.0 99.0 99.00
2017 12 01 16 50 999 99.0 99.0  2.48 16.00  7.24 203 9999.0 999.0 999.0 999.0 99.0 99.00
2017 12 01 17 50 999 99.0 99.0  2.66 16.00  8.13 209 9999.0 999.0 999.0 999.0 99.0 99.00
2017 12 01 18 50 999 99.0 99.0  2.81 14.81  8.22 212 9999.0 999.0 999.0 999.0 99.0 99.00
2017 12 01 19 50 999 99.0 99.0  2.59 14.81  7.33 219 9999.0 999.0 999.0 999.0 99.0 99.00
2017 12 01 20 50 999 99.0 99.0  2.23 14.81  6.85 199 9999.0 999.0 999.0 999.0 99.0 99.00
2017 12 01 21 50 999 99.0 99.0  2.72 14.81  7.52 216 9999.0 999.0 999.0 999.0 99.0 99.00
2017 12 01 22 50 999 99.0 99.0  2.58 14.81  7.31 204 9999.0 999.0 999.0 999.0 99.0 99.00
2017 12 01 23 50 999 99.0 99.0  2.64 14.81  7.85 215 9999.0 999.0 999.0 999.0 99.0 99.00
2017 12 02 00 50 999 99.0 99.0  2.48 14.81  7.39 228 9999.0 999.0 999.0 999.0 99.0 99.00
2017 12 02 01 50 999 99.0 99.0  2.57 14.81  7.66 228 9999.0 999.0 999.0 999.0 99.0 99.00
2017 12 02 02 50 999 99.0 99.0  2.59 14.81  7.58 223 9999.0 999.0 999.0 999.0 99.0 99.00
2017 12 02 03 50 999 99.0 99.0  2.32 14.81  6.85 215 9999.0 999.0 999.0 999.0 99.0 99.00
2017 12 02 04 50 999 99.0 99.0  2.57 14.81  7.54 220 9999.0 999.0 999.0 999.0 99.0 99.00
2017 12 02 05 50 999 99.0 99.0  2.61 14.81  7.64 200 9999.0 999.0 999.0 999.0 99.0 99.00
2017 12 02 06 50 999 99.0 99.0  2.55 14.81  7.20 212 9999.0 999.0 999.0 999.0 99.0 99.00
2017 12 02 07 50 999 99.0 99.0  2.39 14.81  6.81 212 9999.0 999.0 999.0 999.0 99.0 99.00
2017 12 02 08 50 999 99.0 99.0  2.59 14.81  7.03 217 9999.0 999.0 999.0 999.0 99.0 99.00
2017 12 02 09 50 999 99.0 99.0  2.57 13.79  6.92 194 9999.0 999.0 999.0 999.0 99.0 99.00
2017 12 02 10 50 999 99.0 99.0  2.89 13.79  7.36 204 9999.0 999.0 999.0 999.0 99.0 99.00
2017 12 02 11 50 999 99.0 99.0  2.84 14.81  7.25 207 9999.0 999.0 999.0 999.0 99.0 99.00
2017 12 02 12 50 999 99.0 99.0  2.64 13.79  7.00 233 9999.0 999.0 999.0 999.0 99.0 99.00
2017 12 02 13 50 999 99.0 99.0  2.44 14.81  6.92 223 9999.0 999.0 999.0 999.0 99.0 99.00
2017 12 02 14 50 999 99.0 99.0  2.50 14.81  7.24 212 9999.0 999.0 999.0 999.0 99.0 99.00
2017 12 02 15 50 999 99.0 99.0  2.82 14.81  7.92 225 9999.0 999.0 999.0 999.0 99.0 99.00
2017 12 02 16 50 999 99.0 99.0  2.69 14.81  7.34 215 9999.0 999.0 999.0 999.0 99.0 99.00
2017 12 02 17 50 999 99.0 99.0  2.59 13.79  7.54 218 9999.0 999.0 999.0 999.0 99.0 99.00
2017 12 02 18 50 999 99.0 99.0  2.79 13.79  7.71 217 9999.0 999.0 999.0 999.0 99.0 99.00
2017 12 02 19 50 999 99.0 99.0  2.79 14.81  7.89 224 9999.0 999.0 999.0 999.0 99.0 99.00
2017 12 02 20 50 999 99.0 99.0  2.80 13.79  7.59 197 9999.0 999.0 999.0 999.0 99.0 99.00
2017 12 02 21 50 999 99.0 99.0  2.77 14.81  7.66 208 9999.0 999.0 999.0 999.0 99.0 99.00
2017 12 02 22 50 999 99.0 99.0  2.82 14.81  7.94 209 9999.0 999.0 999.0 999.0 99.0 99.00
2017 12 02 23 50 999 99.0 99.0  2.56 13.79  7.47 226 9999.0 999.0 999.0 999.0 99.0 99.00
2017 12 03 00 50 999 99.0 99.0  2.91 14.81  7.90 215 9999.0 999.0 999.0 999.0 99.0 99.00
2017 12 03 01 50 999 99.0 99.0  3.11 14.81  8.39 211 9999.0 999.0 999.0 999.0 99.0 99.00
2017 12 03 02 50 999 99.0 99.0  2.72 14.81  7.27 219 9999.0 999.0 999.0 999.0 99.0 99.00
2017 12 03 03 50 999 99.0 99.0  3.08 14.81  7.69 220 9999.0 999.0 999.0 999.0 99.0 99.00
2017 12 03 04 50 999 99.0 99.0  3.06 14.81  7.96 217 9999.0 999.0 999.0 999.0 99.0 99.00
2017 12 03 05 50 999 99.0 99.0  2.95 14.81  7.77 209 9999.0 999.0 999.0 999.0 99.0 99.00
2017 12 03 06 50 999 99.0 99.0  2.88 14.81  7.40 215 9999.0 999.0 999.0 999.0 99.0 99.00
2017 12 03 07 50 999 99.0 99.0  2.88 13.79  7.38 224 9999.0 999.0 999.0 999.0 99.0 99.00
2017 12 03 08 50 999 99.0 99.0  3.13 13.79  7.67 217 9999.0 999.0 999.0 999.0 99.0 99.00
2017 12 03 09 50 999 99.0 99.0  2.65 14.81  6.76 208 9999.0 999.0 999.0 999.0 99.0 99.00
2017 12 03 10 50 999 99.0 99.0  2.86 14.81  7.56 214 9999.0 999.0 999.0 999.0 99.0 99.00
2017 12 03 11 50 999 99.0 99.0  2.64 12.90  7.25 204 9999.0 999.0 999.0 999.0 99.0 99.00
2017 12 03 12 50 999 99.0 99.0  2.84 13.79  7.48 211 9999.0 999.0 999.0 999.0 99.0 99.00
2017 12 03 13 50 999 99.0 99.0  2.67 13.79  7.23 220 9999.0 999.0 999.0 999.0 99.0 99.00
2017 12 03 14 50 999 99.0 99.0  2.77 13.79  7.27 218 9999.0 999.0 999.0 999.0 99.0 99.00
2017 12 03 15 50 999 99.0 99.0  2.59 13.79  7.15 219 9999.0 999.0 999.0 999.0 99.0 99.00
2017 12 03 16 50 999 99.0 99.0  2.78 12.90  7.40 203 9999.0 999.0 999.0 999.0 99.0 99.00
2017 12 03 17 50 999 99.0 99.0  2.91 12.90  7.65 213 9999.0 999.0 999.0 999.0 99.0 99.00
2017 12 03 18 50 999 99.0 99.0  2.71 13.79  7.06 224 9999.0 999.0 999.0 999.0 99.0 99.00
2017 12 03 19 50 999 99.0 99.0  2.63 12.90  6.90 208 9999.0 999.0 999.0 999.0 99.0 99.00
2017 12 03 20 50 999 99.0 99.0  2.83 13.79  7.22 209 9999.0 999.0 999.0 999.0 99.0 99.00
2017 12 03 21 50 999 99.0 99.0  2.59 13.79  7.37 212 9999.0 999.0 999.0 999.0 99.0 99.00
2017 12 03 22 50 999 99.0 99.0  2.58 13.79  7.23 214 9999.0 999.0 999.0 999.0 99.0 99.00
2017 12 03 23 50 999 99.0 99.0  2.44 13.79  7.18 202 9999.0 999.0 999.0 999.0 99.0 99.00
2017 12 04 00 50 999 99.0 99.0  2.31 13.79  7.07 206 9999.0 999.0 999.0 999.0 99.0 99.00
2017 12 04 01 50 999 99.0 99.0  2.61 13.79  7.18 202 9999.0 999.0 999.0 999.0 99.0 99.00
2017 12 04 02 50 999 99.0 99.0  2.37 12.90  6.99 220 9999.0 999.0 999.0 999.0 99.0 99.00
2017 12 04 03 50 999 99.0 99.0  2.80 13.79  7.54 201 9999.0 999.0 999.0 999.0 99.0 99.00
2017 12 04 04 50 999 99.0 99.0  2.40 13.79  7.22 205 9999.0 999.0 999.0 999.0 99.0 99.00
2017 12 04 05 50 999 99.0 99.0  2.64 13.79  7.28 222 9999.0 999.0 999.0 999.0 99.0 99.00
2017 12 04 06 50 999 99.0 99.0  2.49 12.90  6.88 195 9999.0 999.0 999.0 999.0 99.0 99.00
2017 12 04 07 50 999 99.0 99.0  2.50 12.90  6.95 204 9999.0 999.0 999.0 999.0 99.0 99.00
2017 12 04 08 50 999 99.0 99.0  2.69 12.90  6.96 202 9999.0 999.0 999.0 999.0 99.0 99.00
2017 12 04 09 50 999 99.0 99.0  2.79 12.90  6.92 208 9999.0 999.0 999.0 999.0 99.0 99.00
2017 12 04 10 50 999 99.0 99.0  2.54 12.90  6.67 212 9999.0 999.0 999.0 999.0 99.0 99.00
2017 12 04 11 50 999 99.0 99.0  2.84 12.90  7.41 207 9999.0 999.0 999.0 999.0 99.0 99.00
2017 12 04 12 50 999 99.0 99.0  2.52  9.09  6.65 167 9999.0 999.0 999.0 999.0 99.0 99.00
2017 12 04 13 50 999 99.0 99.0  2.73 12.90  6.81 217 9999.0 999.0 999.0 999.0 99.0 99.00
2017 12 04 14 50 999 99.0 99.0  2.50 12.90  6.56 209 9999.0 999.0 999.0 999.0 99.0 99.00
2017 12 04 15 50 999 99.0 99.0  2.47 12.12  7.03 217 9999.0 999.0 999.0 999.0 99.0 99.00
2017 12 04 16 50 999 99.0 99.0  2.51 11.43  6.86 205 9999.0 999.0 999.0 999.0 99.0 99.00
2017 12 04 17 50 999 99.0 99.0  2.37 12.12  7.03 209 9999.0 999.0 999.0 999.0 99.0 99.00
2017 12 04 18 50 999 99.0 99.0  2.45 12.90  6.91 199 9999.0 999.0 999.0 999.0 99.0 99.00
2017 12 04 19 50 999 99.0 99.0  2.35 12.90  6.94 203 9999.0 999.0 999.0 999.0 99.0 99.00
2017 12 04 20 50 999 99.0 99.0  2.38 14.81  7.07 231 9999.0 999.0 999.0 999.0 99.0 99.00
2017 12 04 21 50 999 99.0 99.0  2.84 16.00  8.15 197 9999.0 999.0 999.0 999.0 99.0 99.00
2017 12 04 22 50 999 99.0 99.0  2.45 16.00  7.19 225 9999.0 999.0 999.0 999.0 99.0 99.00
2017 12 04 23 50 999 99.0 99.0  2.47 16.00  7.24 237 9999.0 999.0 999.0 999.0 99.0 99.00
2017 12 05 00 50 999 99.0 99.0  2.60 14.81  7.23 216 9999.0 999.0 999.0 999.0 99.0 99.00
2017 12 05 01 50 999 99.0 99.0  2.73 14.81  7.74 212 9999.0 999.0 999.0 999.0 99.0 99.00
2017 12 05 02 50 999 99.0 99.0  2.62 14.81  7.61 213 9999.0 999.0 999.0 999.0 99.0 99.00
2017 12 05 03 50 999 99.0 99.0  2.42 14.81  7.62 209 9999.0 999.0 999.0 999.0 99.0 99.00
2017 12 05 04 50 999 99.0 99.0  2.62 14.81  7.85 201 9999.0 999.0 999.0 999.0 99.0 99.00
2017 12 05 05 50 999 99.0 99.0  2.73 14.81  7.58 212 9999.0 999.0 999.0 999.0 99.0 99.00
2017 12 05 06 50 999 99.0 99.0  2.82 14.81  8.03 212 9999.0 999.0 999.0 999.0 99.0 99.00
2017 12 05 07 50 999 99.0 99.0  2.48 14.81  7.36 225 9999.0 999.0 999.0 999.0 99.0 99.00
2017 12 05 08 50 999 99.0 99.0  2.70 14.81  7.52 210 9999.0 999.0 999.0 999.0 99.0 99.00
2017 12 05 09 50 999 99.0 99.0  2.54 13.79  7.25 211 9999.0 999.0 999.0 999.0 99.0 99.00
2017 12 05 10 50 999 99.0 99.0  2.56 14.81  7.37 229 9999.0 999.0 999.0 999.0 99.0 99.00
2017 12 05 11 50 999 99.0 99.0  2.54 14.81  7.20 231 9999.0 999.0 999.0 999.0 99.0 99.00
2017 12 05 12 50 999 99.0 99.0  2.47 14.81  7.53 222 9999.0 999.0 999.0 999.0 99.0 99.00
2017 12 05 13 50 999 99.0 99.0  2.60 13.79  7.54 207 9999.0 999.0 999.0 999.0 99.0 99.00
2017 12 05 14 50 999 99.0 99.0  2.48 14.81  7.38 217 9999.0 999.0 999.0 999.0 99.0 99.00
2017 12 05 15 50 999 99.0 99.0  2.53 13.79  7.62 220 9999.0 999.0 999.0 999.0 99.0 99.00
2017 12 05 16 50 999 99.0 99.0  2.41 13.79  7.38 206 9999.0 999.0 999.0 999.0 99.0 99.00
2017 12 05 17 50 999 99.0 99.0  2.46 14.81  7.66 222 9999.0 999.0 999.0 999.0 99.0 99.00
2017 12 05 18 50 999 99.0 99.0  2.43 13.79  7.94 214 9999.0 999.0 999.0 999.0 99.0 99.00
2017 12 05 19 50 999 99.0 99.0  2.47 13.79  8.09 227 9999.0 999.0 999.0 999.0 99.0 99.00
2017 12 05 20 50 999 99.0 99.0  2.55 14.81  7.93 225 9999.0 999.0 999.0 999.0 99.0 99.00
2017 12 05 21 50 999 99.0 99.0  2.38 12.90  7.77 213 9999.0 999.0 999.0 999.0 99.0 99.00
2017 12 05 22 50 999 99.0 99.0  2.47 13.79  8.01 217 9999.0 999.0 999.0 999.0 99.0 99.00
2017 12 05 23 50 999 99.0 99.0  2.29 13.79  7.28 236 9999.0 999.0 999.0 999.0 99.0 99.00
2017 12 06 00 50 999 99.0 99.0  2.19 12.90  7.06 213 9999.0 999.0 999.0 999.0 99.0 99.00
2017 12 06 01 50 999 99.0 99.0  2.40 14.81  7.77 205 9999.0 999.0 999.0 999.0 99.0 99.00
2017 12 06 02 50 999 99.0 99.0  2.10 13.79  7.27 223 9999.0 999.0 999.0 999.0 99.0 99.00
2017 12 06 03 50 999 99.0 99.0  2.26 13.79  7.33 217 9999.0 999.0 999.0 999.0 99.0 99.00
2017 12 06 04 50 999 99.0 99.0  2.12 13.79  6.98 225 9999.0 999.0 999.0 999.0 99.0 99.00
2017 12 06 05 50 999 99.0 99.0  2.22 13.79  7.53 213 9999.0 999.0 999.0 999.0 99.0 99.00
2017 12 06 06 50 999 99.0 99.0  2.23 13.79  7.41 230 9999.0 999.0 999.0 999.0 99.0 99.00
2017 12 06 07 50 999 99.0 99.0  2.17 12.90  7.28 203 9999.0 999.0 999.0 999.0 99.0 99.00
2017 12 06 08 50 999 99.0 99.0  2.19 12.90  7.32 208 9999.0 999.0 999.0 999.0 99.0 99.00
2017 12 06 09 50 999 99.0 99.0  2.22 12.90  7.11 204 9999.0 999.0 999.0 999.0 99.0 99.00
2017 12 06 10 50 999 99.0 99.0  2.13 13.79  6.82 206 9999.0 999.0 999.0 999.0 99.0 99.00
2017 12 06 11 50 999 99.0 99.0  2.06 13.79  6.86 226 9999.0 999.0 999.0 999.0 99.0 99.00
2017 12 06 12 50 999 99.0 99.0  2.04 13.79  6.92 205 9999.0 999.0 999.0 999.0 99.0 99.00
2017 12 06 13 50 999 99.0 99.0  2.04 12.12  6.56 204 9999.0 999.0 999.0 999.0 99.0 99.00
2017 12 06 14 50 999 99.0 99.0  2.02 12.12  6.98 206 9999.0 999.0 999.0 999.0 99.0 99.00
2017 12 06 15 50 999 99.0 99.0  2.16 17.39  7.01 300 9999.0 999.0 999.0 999.0 99.0 99.00
2017 12 06 16 50 999 99.0 99.0  1.97 17.39  6.56 306 9999.0 999.0 999.0 999.0 99.0 99.00
2017 12 06 17 50 999 99.0 99.0  2.07 17.39  7.09 310 9999.0 999.0 999.0 999.0 99.0 99.00
2017 12 06 18 50 999 99.0 99.0  2.04 17.39  6.92 326 9999.0 999.0 999.0 999.0 99.0 99.00
2017 12 06 19 50 999 99.0 99.0  1.89 12.12  6.51 213 9999.0 999.0 999.0 999.0 99.0 99.00
2017 12 06 20 50 999 99.0 99.0  1.89 16.00  6.61 253 9999.0 999.0 999.0 999.0 99.0 99.00
2017 12 06 21 50 999 99.0 99.0  1.93 16.00  6.86 282 9999.0 999.0 999.0 999.0 99.0 99.00
2017 12 06 22 50 999 99.0 99.0  2.12 16.00  7.06 346 9999.0 999.0 999.0 999.0 99.0 99.00
2017 12 06 23 50 999 99.0 99.0  2.02 16.00  6.67 289 9999.0 999.0 999.0 999.0 99.0 99.00
2017 12 07 00 50 999 99.0 99.0  1.97 13.79  6.45 244 9999.0 999.0 999.0 999.0 99.0 99.00
2017 12 07 01 50 999 99.0 99.0  1.94 12.90  6.56 218 9999.0 999.0 999.0 999.0 99.0 99.00
2017 12 07 02 50 999 99.0 99.0  1.93 16.00  6.90 274 9999.0 999.0 999.0 999.0 99.0 99.00
2017 12 07 03 50 999 99.0 99.0  1.96 16.00  7.22 274 9999.0 999.0 999.0 999.0 99.0 99.00
2017 12 07 04 50 999 99.0 99.0  1.90 16.00  6.67 291 9999.0 999.0 999.0 999.0 99.0 99.00
2017 12 07 05 50 999 99.0 99.0  1.88 16.00  6.90 267 9999.0 999.0 999.0 999.0 99.0 99.00
2017 12 07 06 50 999 99.0 99.0  1.86 16.00  6.98 233 9999.0 999.0 999.0 999.0 99.0 99.00
2017 12 07 07 50 999 99.0 99.0  1.94 16.00  6.96 267 9999.0 999.0 999.0 999.0 99.0 99.00
2017 12 07 08 50 999 99.0 99.0  1.80 16.00  6.87 257 9999.0 999.0 999.0 999.0 99.0 99.00
2017 12 07 09 50 999 99.0 99.0  1.95 16.00  7.59 267 9999.0 999.0 999.0 999.0 99.0 99.00
2017 12 07 10 50 999 99.0 99.0  1.92 14.81  7.43 215 9999.0 999.0 999.0 999.0 99.0 99.00
2017 12 07 11 50 999 99.0 99.0  1.79 14.81  6.96 240 9999.0 999.0 999.0 999.0 99.0 99.00
2017 12 07 12 50 999 99.0 99.0  2.00 16.00  7.60 204 9999.0 999.0 999.0 999.0 99.0 99.00
2017 12 07 13 50 999 99.0 99.0  2.03 16.00  7.84 260 9999.0 999.0 999.0 999.0 99.0 99.00
2017 12 07 14 50 999 99.0 99.0  2.08 14.81  7.93 228 9999.0 999.0 999.0 999.0 99.0 99.00
2017 12 07 15 50 999 99.0 99.0  1.99 14.81  7.50 227 9999.0 999.0 999.0 999.0 99.0 99.00
2017 12 07 16 50 999 99.0 99.0  2.01 16.00  7.45 247 9999.0 999.0 999.0 999.0 99.0 99.00
2017 12 07 17 50 999 99.0 99.0  1.84 14.81  7.42 216 9999.0 999.0 999.0 999.0 99.0 99.00
2017 12 07 18 50 999 99.0 99.0  1.95 14.81  7.71 257 9999.0 999.0 999.0 999.0 99.0 99.00
2017 12 07 19 50 999 99.0 99.0  1.82 14.81  7.46 239 9999.0 999.0 999.0 999.0 99.0 99.00
2017 12 07 20 50 999 99.0 99.0  2.04 14.81  8.20 225 9999.0 999.0 999.0 999.0 99.0 99.00
2017 12 07 21 50 999 99.0 99.0  2.05 14.81  7.99 225 9999.0 999.0 999.0 999.0 99.0 99.00
2017 12 07 22 50 999 99.0 99.0  2.12 14.81  8.07 220 9999.0 999.0 999.0 999.0 99.0 99.00
2017 12 07 23 50 999 99.0 99.0  2.11 13.79  7.96 228 9999.0 999.0 999.0 999.0 99.0 99.00
2017 12 08 00 50 999 99.0 99.0  1.91 14.81  7.64 231 9999.0 999.0 999.0 999.0 99.0 99.00
2017 12 08 01 50 999 99.0 99.0  1.95 14.81  7.60 279 9999.0 999.0 999.0 999.0 99.0 99.00
2017 12 08 02 50 999 99.0 99.0  1.87 14.81  7.89 216 9999.0 999.0 999.0 999.0 99.0 99.00
2017 12 08 03 50 999 99.0 99.0  1.94 14.81  8.01 241 9999.0 999.0 999.0 999.0 99.0 99.00
2017 12 08 04 50 999 99.0 99.0  1.79 13.79  7.84 194 9999.0 999.0 999.0 999.0 99.0 99.00
2017 12 08 05 50 999 99.0 99.0  2.02 16.00  8.52 250 9999.0 999.0 999.0 999.0 99.0 99.00
2017 12 08 06 50 999 99.0 99.0  2.22 13.79  8.92 212 9999.0 999.0 999.0 999.0 99.0 99.00
2017 12 08 07 50 999 99.0 99.0  2.07 13.79  8.84 215 9999.0 999.0 999.0 999.0 99.0 99.00
2017 12 08 08 50 999 99.0 99.0  2.04 13.79  8.50 206 9999.0 999.0 999.0 999.0 99.0 99.00
2017 12 08 09 50 999 99.0 99.0  1.91 13.79  8.15 221 9999.0 999.0 999.0 999.0 99.0 99.00
2017 12 08 10 50 999 99.0 99.0  1.95 12.90  8.22 221 9999.0 999.0 999.0 999.0 99.0 99.00
2017 12 08 11 50 999 99.0 99.0  2.10 13.79  8.33 232 9999.0 999.0 999.0 999.0 99.0 99.00
2017 12 08 12 50 999 99.0 99.0  1.95 13.79  7.70 219 9999.0 999.0 999.0 999.0 99.0 99.00
2017 12 08 13 50 999 99.0 99.0  2.08 13.79  8.55 235 9999.0 999.0 999.0 999.0 99.0 99.00
2017 12 08 14 50 999 99.0 99.0  2.13 13.79  8.55 222 9999.0 999.0 999.0 999.0 99.0 99.00
2017 12 08 15 50 999 99.0 99.0  1.83 13.79  8.05 245 9999.0 999.0 999.0 999.0 99.0 99.00
2017 12 08 16 50 999 99.0 99.0  1.92 13.79  7.52 218 9999.0 999.0 999.0 999.0 99.0 99.00
2017 12 08 17 50 999 99.0 99.0  1.97 13.79  8.22 218 9999.0 999.0 999.0 999.0 99.0 99.00
2017 12 08 18 50 999 99.0 99.0  2.11 14.81  8.66 234 9999.0 999.0 999.0 999.0 99.0 99.00
2017 12 08 19 50 999 99.0 99.0  1.96 13.79  8.62 215 9999.0 999.0 999.0 999.0 99.0 99.00
2017 12 08 20 50 999 99.0 99.0  2.28 13.79  8.96 212 9999.0 999.0 999.0 999.0 99.0 99.00
2017 12 08 21 50 999 99.0 99.0  2.07 16.00  8.04 286 9999.0 999.0 999.0 999.0 99.0 99.00
2017 12 08 22 50 999 99.0 99.0  2.05 13.79  7.88 229 9999.0 999.0 999.0 999.0 99.0 99.00
2017 12 08 23 50 999 99.0 99.0  2.11 13.79  8.02 224 9999.0 999.0 999.0 999.0 99.0 99.00
2017 12 09 00 50 999 99.0 99.0  2.08 13.79  8.09 226 9999.0 999.0 999.0 999.0 99.0 99.00
2017 12 09 01 50 999 99.0 99.0  2.07 16.00  8.07 280 9999.0 999.0 999.0 999.0 99.0 99.00
2017 12 09 02 50 999 99.0 99.0  2.19 16.00  8.29 300 9999.0 999.0 999.0 999.0 99.0 99.00
2017 12 09 03 50 999 99.0 99.0  2.14 13.79  8.13 222 9999.0 999.0 999.0 999.0 99.0 99.00
2017 12 09 04 50 999 99.0 99.0  1.90 16.00  7.59 260 9999.0 999.0 999.0 999.0 99.0 99.00
2017 12 09 05 50 999 99.0 99.0  1.99 14.81  7.54 217 9999.0 999.0 999.0 999.0 99.0 99.00
2017 12 09 06 50 999 99.0 99.0  1.98 12.90  7.42 213 9999.0 999.0 999.0 999.0 99.0 99.00
2017 12 09 07 50 999 99.0 99.0  2.02 13.79  7.57 230 9999.0 999.0 999.0 999.0 99.0 99.00
2017 12 09 08 50 999 99.0 99.0  2.17 13.79  8.02 229 9999.0 999.0 999.0 999.0 99.0 99.00
2017 12 09 09 50 999 99.0 99.0  1.92 16.00  7.51 266 9999.0 999.0 999.0 999.0 99.0 99.00
2017 12 09 10 50 999 99.0 99.0  2.06 13.79  7.46 219 9999.0 999.0 999.0 999.0 99.0 99.00
2017 12 09 11 50 999 99.0 99.0  1.96 16.00  7.59 266 9999.0 999.0 999.0 999.0 99.0 99.00
2017 12 09 12 50 999 99.0 99.0  1.89 14.81  7.57 252 9999.0 999.0 999.0 999.0 99.0 99.00
2017 12 09 13 50 999 99.0 99.0  2.07 13.79  7.69 212 9999.0 999.0 999.0 999.0 99.0 99.00
2017 12 09 14 50 999 99.0 99.0  1.99 13.79  7.21 212 9999.0 999.0 999.0 999.0 99.0 99.00
2017 12 09 15 50 999 99.0 99.0  1.90 12.90  7.20 220 9999.0 999.0 999.0 999.0 99.0 99.00
2017 12 09 16 50 999 99.0 99.0  1.81 14.81  7.21 262 9999.0 999.0 999.0 999.0 99.0 99.00
2017 12 09 17 50 999 99.0 99.0  1.90 14.81  7.33 269 9999.0 999.0 999.0 999.0 99.0 99.00
2017 12 09 18 50 999 99.0 99.0  1.68 13.79  7.26 233 9999.0 999.0 999.0 999.0 99.0 99.00
2017 12 09 19 50 999 99.0 99.0  1.79 13.79  7.63 249 9999.0 999.0 999.0 999.0 99.0 99.00
2017 12 09 20 50 999 99.0 99.0  1.71 14.81  7.61 255 9999.0 999.0 999.0 999.0 99.0 99.00
2017 12 09 21 50 999 99.0 99.0  1.75 14.81  8.11 277 9999.0 999.0 999.0 999.0 99.0 99.00
2017 12 09 22 50 999 99.0 99.0  1.69 13.79  7.73 226 9999.0 999.0 999.0 999.0 99.0 99.00
2017 12 09 23 50 999 99.0 99.0  1.69 14.81  7.73 291 9999.0 999.0 999.0 999.0 99.0 99.00
2017 12 10 00 50 999 99.0 99.0  1.83 14.81  7.91 251 9999.0 999.0 999.0 999.0 99.0 99.00
2017 12 10 01 50 999 99.0 99.0  1.79 12.90  7.86 223 9999.0 999.0 999.0 999.0 99.0 99.00
2017 12 10 02 50 999 99.0 99.0  1.78 13.79  7.92 241 9999.0 999.0 999.0 999.0 99.0 99.00
2017 12 10 03 50 999 99.0 99.0  1.80 14.81  8.17 254 9999.0 999.0 999.0 999.0 99.0 99.00
2017 12 10 04 50 999 99.0 99.0  1.62 14.81  7.57 328 9999.0 999.0 999.0 999.0 99.0 99.00
2017 12 10 05 50 999 99.0 99.0  1.92 13.79  8.99 220 9999.0 999.0 999.0 999.0 99.0 99.00
2017 12 10 06 50 999 99.0 99.0  1.72 14.81  8.42 258 9999.0 999.0 999.0 999.0 99.0 99.00
2017 12 10 07 50 999 99.0 99.0  1.57 14.81  8.03 220 9999.0 999.0 999.0 999.0 99.0 99.00
2017 12 10 08 50 999 99.0 99.0  1.63 14.81  8.04 252 9999.0 999.0 999.0 999.0 99.0 99.00
2017 12 10 09 50 999 99.0 99.0  1.82 12.90  8.62 230 9999.0 999.0 999.0 999.0 99.0 99.00
2017 12 10 10 50 999 99.0 99.0  1.65 13.79  7.51 218 9999.0 999.0 999.0 999.0 99.0 99.00
2017 12 10 11 50 999 99.0 99.0  1.64 14.81  7.64 243 9999.0 999.0 999.0 999.0 99.0 99.00
2017 12 10 12 50 999 99.0 99.0  1.73 13.79  7.75 217 9999.0 999.0 999.0 999.0 99.0 99.00
2017 12 10 13 50 999 99.0 99.0  1.78 13.79  7.77 223 9999.0 999.0 999.0 999.0 99.0 99.00
2017 12 10 14 50 999 99.0 99.0  1.68 14.81  7.22 233 9999.0 999.0 999.0 999.0 99.0 99.00
2017 12 10 15 50 999 99.0 99.0  1.67 14.81  7.25 323 9999.0 999.0 999.0 999.0 99.0 99.00
2017 12 10 16 50 999 99.0 99.0  1.70 13.79  7.69 208 9999.0 999.0 999.0 999.0 99.0 99.00
2017 12 10 17 50 999 99.0 99.0  1.65 13.79  7.68 218 9999.0 999.0 999.0 999.0 99.0 99.00
2017 12 10 18 50 999 99.0 99.0  1.85 13.79  8.70 216 9999.0 999.0 999.0 999.0 99.0 99.00
2017 12 10 19 50 999 99.0 99.0  1.56 12.90  7.87 222 9999.0 999.0 999.0 999.0 99.0 99.00
2017 12 10 20 50 999 99.0 99.0  1.73 13.79  8.16 206 9999.0 999.0 999.0 999.0 99.0 99.00
2017 12 10 21 50 999 99.0 99.0  1.48 12.90  7.76 230 9999.0 999.0 999.0 999.0 99.0 99.00
2017 12 10 22 50 999 99.0 99.0  1.75 12.90  8.77 217 9999.0 999.0 999.0 999.0 99.0 99.00
2017 12 10 23 50 999 99.0 99.0  1.62 12.90  8.27 207 9999.0 999.0 999.0 999.0 99.0 99.00
2017 12 11 00 50 999 99.0 99.0  1.55 13.79  8.19 261 9999.0 999.0 999.0 999.0 99.0 99.00
2017 12 11 01 50 999 99.0 99.0  1.66 13.79  8.04 215 9999.0 999.0 999.0 999.0 99.0 99.00
2017 12 11 02 50 999 99.0 99.0  1.53 12.90  7.62 231 9999.0 999.0 999.0 999.0 99.0 99.00
2017 12 11 03 50 999 99.0 99.0  1.61 12.90  7.47 211 9999.0 999.0 999.0 999.0 99.0 99.00
2017 12 11 04 50 999 99.0 99.0  1.44 12.90  7.15 212 9999.0 999.0 999.0 999.0 99.0 99.00
2017 12 11 05 50 999 99.0 99.0  1.56 13.79  7.80 208 9999.0 999.0 999.0 999.0 99.0 99.00
2017 12 11 06 50 999 99.0 99.0  1.54 12.12  7.71 219 9999.0 999.0 999.0 999.0 99.0 99.00
2017 12 11 07 50 999 99.0 99.0  1.53 12.90  7.79 204 9999.0 999.0 999.0 999.0 99.0 99.00
2017 12 11 08 50 999 99.0 99.0  1.57 13.79  7.90 187 9999.0 999.0 999.0 999.0 99.0 99.00
2017 12 11 09 50 999 99.0 99.0  1.56 12.12  8.35 198 9999.0 999.0 999.0 999.0 99.0 99.00
2017 12 11 10 50 999 99.0 99.0  1.48 12.90  7.96 207 9999.0 999.0 999.0 999.0 99.0 99.00
2017 12 11 11 50 999 99.0 99.0  1.43 12.90  7.79 197 9999.0 999.0 999.0 999.0 99.0 99.00
2017 12 11 12 50 999 99.0 99.0  1.57 12.90  8.21 211 9999.0 999.0 999.0 999.0 99.0 99.00
2017 12 11 13 50 999 99.0 99.0  1.47 12.12  7.93 199 9999.0 999.0 999.0 999.0 99.0 99.00
2017 12 11 14 50 999 99.0 99.0  1.31 12.90  7.10 215 9999.0 999.0 999.0 999.0 99.0 99.00
2017 12 11 15 50 999 99.0 99.0  1.34 10.81  7.30 200 9999.0 999.0 999.0 999.0 99.0 99.00
2017 12 11 16 50 999 99.0 99.0  1.45 11.43  7.56 193 9999.0 999.0 999.0 999.0 99.0 99.00
2017 12 11 17 50 999 99.0 99.0  1.45 12.12  7.09 211 9999.0 999.0 999.0 999.0 99.0 99.00
2017 12 11 18 50 999 99.0 99.0  1.37 13.79  6.57 259 9999.0 999.0 999.0 999.0 99.0 99.00
2017 12 11 19 50 999 99.0 99.0  1.39 12.12  7.15 201 9999.0 999.0 999.0 999.0 99.0 99.00
2017 12 11 20 50 999 99.0 99.0  1.42 12.12  7.01 208 9999.0 999.0 999.0 999.0 99.0 99.00
2017 12 11 21 50 999 99.0 99.0  1.49 12.90  7.58 200 9999.0 999.0 999.0 999.0 99.0 99.00
2017 12 11 22 50 999 99.0 99.0  1.44 11.43  7.66 198 9999.0 999.0 999.0 999.0 99.0 99.00
2017 12 11 23 50 999 99.0 99.0  1.40 11.43  7.88 215 9999.0 999.0 999.0 999.0 99.0 99.00
2017 12 12 00 50 999 99.0 99.0  1.35 11.43  7.77 191 9999.0 999.0 999.0 999.0 99.0 99.00
2017 12 12 01 50 999 99.0 99.0  1.24 12.12  7.34 206 9999.0 999.0 999.0 999.0 99.0 99.00
2017 12 12 02 50 999 99.0 99.0  1.41 11.43  7.75 197 9999.0 999.0 999.0 999.0 99.0 99.00
2017 12 12 03 50 999 99.0 99.0  1.26 12.90  6.97 256 9999.0 999.0 999.0 999.0 99.0 99.00
2017 12 12 04 50 999 99.0 99.0  1.27 13.79  7.34 282 9999.0 999.0 999.0 999.0 99.0 99.00
2017 12 12 05 50 999 99.0 99.0  1.20 11.43  7.11 189 9999.0 999.0 999.0 999.0 99.0 99.00
2017 12 12 06 50 999 99.0 99.0  1.38 11.43  7.71 213 9999.0 999.0 999.0 999.0 99.0 99.00
2017 12 12 07 50 999 99.0 99.0  1.28 12.90  7.44 236 9999.0 999.0 999.0 999.0 99.0 99.00
2017 12 12 08 50 999 99.0 99.0  1.39 17.39  7.95 182 9999.0 999.0 999.0 999.0 99.0 99.00
2017 12 12 09 50 999 99.0 99.0  1.44 16.00  7.80 175 9999.0 999.0 999.0 999.0 99.0 99.00
2017 12 12 10 50 999 99.0 99.0  1.41 16.00  7.63 207 9999.0 999.0 999.0 999.0 99.0 99.00
2017 12 12 11 50 999 99.0 99.0  1.24 16.00  6.50 249 9999.0 999.0 999.0 999.0 99.0 99.00
2017 12 12 12 50 999 99.0 99.0  1.54 16.00  6.82 162 9999.0 999.0 999.0 999.0 99.0 99.00
2017 12 12 13 50 999 99.0 99.0  1.45 16.00  6.26 216 9999.0 999.0 999.0 999.0 99.0 99.00
2017 12 12 14 50 999 99.0 99.0  1.44 16.00  6.37 210 9999.0 999.0 999.0 999.0 99.0 99.00
2017 12 12 15 50 999 99.0 99.0  1.49 16.00  7.10 204 9999.0 999.0 999.0 999.0 99.0 99.00
2017 12 12 16 50 999 99.0 99.0  1.42 16.00  6.53 218 9999.0 999.0 999.0 999.0 99.0 99.00
2017 12 12 17 50 999 99.0 99.0  1.34 16.00  6.78 213 9999.0 999.0 999.0 999.0 99.0 99.00
2017 12 12 18 50 999 99.0 99.0  1.44 14.81  7.36 212 9999.0 999.0 999.0 999.0 99.0 99.00
2017 12 12 19 50 999 99.0 99.0  1.64 14.81  8.36 181 9999.0 999.0 999.0 999.0 99.0 99.00
2017 12 12 20 50 999 99.0 99.0  1.48 16.00  7.91 232 9999.0 999.0 999.0 999.0 99.0 99.00
2017 12 12 21 50 999 99.0 99.0  1.65 13.79  8.80 217 9999.0 999.0 999.0 999.0 99.0 99.00
2017 12 12 22 50 999 99.0 99.0  1.55 13.79  8.56 205 9999.0 999.0 999.0 999.0 99.0 99.00
2017 12 12 23 50 999 99.0 99.0  1.50 14.81  8.85 193 9999.0 999.0 999.0 999.0 99.0 99.00
2017 12 13 00 50 999 99.0 99.0  1.70 13.79  9.45 204 9999.0 999.0 999.0 999.0 99.0 99.00
2017 12 13 01 50 999 99.0 99.0  1.47 13.79  8.82 224 9999.0 999.0 999.0 999.0 99.0 99.00
2017 12 13 02 50 999 99.0 99.0  1.73 12.90  9.28 218 9999.0 999.0 999.0 999.0 99.0 99.00
2017 12 13 03 50 999 99.0 99.0  1.73 12.90  8.96 217 9999.0 999.0 999.0 999.0 99.0 99.00
2017 12 13 04 50 999 99.0 99.0  1.72 13.79  8.49 214 9999.0 999.0 999.0 999.0 99.0 99.00
2017 12 13 05 50 999 99.0 99.0  1.54 13.79  8.06 207 9999.0 999.0 999.0 999.0 99.0 99.00
2017 12 13 06 50 999 99.0 99.0  1.50 13.79  7.78 196 9999.0 999.0 999.0 999.0 99.0 99.00
2017 12 13 07 50 999 99.0 99.0  1.67 13.79  8.31 204 9999.0 999.0 999.0 999.0 99.0 99.00
2017 12 13 08 50 999 99.0 99.0  1.49 13.79  7.53 191 9999.0 999.0 999.0 999.0 99.0 99.00
2017 12 13 09 50 999 99.0 99.0  1.58 12.90  7.17 209 9999.0 999.0 999.0 999.0 99.0 99.00
2017 12 13 10 50 999 99.0 99.0  1.83 13.79  7.44 200 9999.0 999.0 999.0 999.0 99.0 99.00
2017 12 13 11 50 999 99.0 99.0  1.68 13.79  6.64 219 9999.0 999.0 999.0 999.0 99.0 99.00
2017 12 13 12 50 999 99.0 99.0  1.57 12.90  6.67 200 9999.0 999.0 999.0 999.0 99.0 99.00
2017 12 13 13 50 999 99.0 99.0  1.62 12.90  7.07 199 9999.0 999.0 999.0 999.0 99.0 99.00
2017 12 13 14 50 999 99.0 99.0  1.61 12.90  6.34 212 9999.0 999.0 999.0 999.0 99.0 99.00
2017 12 13 15 50 999 99.0 99.0  1.63 12.90  6.28 200 9999.0 999.0 999.0 999.0 99.0 99.00
2017 12 13 16 50 999 99.0 99.0  1.73 12.90  6.52 209 9999.0 999.0 999.0 999.0 99.0 99.00
2017 12 13 17 50 999 99.0 99.0  1.65 12.90  6.55 212 9999.0 999.0 999.0 999.0 99.0 99.00
2017 12 13 18 50 999 99.0 99.0  1.68 12.12  6.56 210 9999.0 999.0 999.0 999.0 99.0 99.00
2017 12 13 19 50 999 99.0 99.0  1.56 12.12  6.31 205 9999.0 999.0 999.0 999.0 99.0 99.00
2017 12 13 20 50 999 99.0 99.0  1.72 12.90  7.03 207 9999.0 999.0 999.0 999.0 99.0 99.00
2017 12 13 21 50 999 99.0 99.0  1.60 12.90  6.39 220 9999.0 999.0 999.0 999.0 99.0 99.00
2017 12 13 22 50 999 99.0 99.0  1.49 12.90  6.30 204 9999.0 999.0 999.0 999.0 99.0 99.00
2017 12 13 23 50 999 99.0 99.0  1.67 12.90  6.84 214 9999.0 999.0 999.0 999.0 99.0 99.00
2017 12 14 00 50 999 99.0 99.0  1.54 12.12  6.08 213 9999.0 999.0 999.0 999.0 99.0 99.00
2017 12 14 01 50 999 99.0 99.0  1.57 12.12  6.14 214 9999.0 999.0 999.0 999.0 99.0 99.00
2017 12 14 02 50 999 99.0 99.0  1.58 12.90  6.05 206 9999.0 999.0 999.0 999.0 99.0 99.00
2017 12 14 03 50 999 99.0 99.0  1.65 11.43  6.47 214 9999.0 999.0 999.0 999.0 99.0 99.00
2017 12 14 04 50 999 99.0 99.0  1.67 12.12  6.61 211 9999.0 999.0 999.0 999.0 99.0 99.00
2017 12 14 05 50 999 99.0 99.0  1.59 11.43  5.81 222 9999.0 999.0 999.0 999.0 99.0 99.00
2017 12 14 06 50 999 99.0 99.0  1.61 12.12  5.55 202 9999.0 999.0 999.0 999.0 99.0 99.00
2017 12 14 07 50 999 99.0 99.0  1.48 11.43  5.50 212 9999.0 999.0 999.0 999.0 99.0 99.00
2017 12 14 08 50 999 99.0 99.0  1.51 12.12  5.74 200 9999.0 999.0 999.0 999.0 99.0 99.00
2017 12 14 09 50 999 99.0 99.0  1.43 12.12  5.92 213 9999.0 999.0 999.0 999.0 99.0 99.00
2017 12 14 10 50 999 99.0 99.0  1.58 12.12  5.70 228 9999.0 999.0 999.0 999.0 99.0 99.00
2017 12 14 11 50 999 99.0 99.0  1.50 12.12  5.93 200 9999.0 999.0 999.0 999.0 99.0 99.00
2017 12 14 12 50 999 99.0 99.0  1.65 12.12  6.08 183 9999.0 999.0 999.0 999.0 99.0 99.00
2017 12 14 13 50 999 99.0 99.0  1.51 10.00  5.90 197 9999.0 999.0 999.0 999.0 99.0 99.00
2017 12 14 14 50 999 99.0 99.0  1.58 10.81  5.91 207 9999.0 999.0 999.0 999.0 99.0 99.00
2017 12 14 15 50 999 99.0 99.0  1.45 11.43  5.79 205 9999.0 999.0 999.0 999.0 99.0 99.00
2017 12 14 16 50 999 99.0 99.0  1.58 11.43  5.78 187 9999.0 999.0 999.0 999.0 99.0 99.00
2017 12 14 17 50 999 99.0 99.0  1.59 12.12  5.79 222 9999.0 999.0 999.0 999.0 99.0 99.00
2017 12 14 18 50 999 99.0 99.0  1.52 12.12  5.53 194 9999.0 999.0 999.0 999.0 99.0 99.00
2017 12 14 19 50 999 99.0 99.0  1.59 16.00  5.65 227 9999.0 999.0 999.0 999.0 99.0 99.00
2017 12 14 20 50 999 99.0 99.0  1.54 11.43  5.63 210 9999.0 999.0 999.0 999.0 99.0 99.00
2017 12 14 21 50 999 99.0 99.0  1.61 16.00  5.89 235 9999.0 999.0 999.0 999.0 99.0 99.00
2017 12 14 22 50 999 99.0 99.0  1.57 16.00  5.92 246 9999.0 999.0 999.0 999.0 99.0 99.00
2017 12 14 23 50 999 99.0 99.0  1.55 16.00  5.99 228 9999.0 999.0 999.0 999.0 99.0 99.00
2017 12 15 00 50 999 99.0 99.0  1.62 16.00  6.19 243 9999.0 999.0 999.0 999.0 99.0 99.00
2017 12 15 01 50 999 99.0 99.0  1.63 14.81  6.50 256 9999.0 999.0 999.0 999.0 99.0 99.00
2017 12 15 02 50 999 99.0 99.0  1.63 16.00  6.17 278 9999.0 999.0 999.0 999.0 99.0 99.00
2017 12 15 03 50 999 99.0 99.0  1.71 14.81  6.45 222 9999.0 999.0 999.0 999.0 99.0 99.00
2017 12 15 04 50 999 99.0 99.0  1.51 10.81  6.09 227 9999.0 999.0 999.0 999.0 99.0 99.00
2017 12 15 05 50 999 99.0 99.0  1.63 14.81  6.40 243 9999.0 999.0 999.0 999.0 99.0 99.00
2017 12 15 06 50 999 99.0 99.0  1.60  5.56  6.00 125 9999.0 999.0 999.0 999.0 99.0 99.00
2017 12 15 07 50 999 99.0 99.0  1.48 14.81  6.35 227 9999.0 999.0 999.0 999.0 99.0 99.00
2017 12 15 08 50 999 99.0 99.0  1.49 14.81  6.34 233 9999.0 999.0 999.0 999.0 99.0 99.00
2017 12 15 09 50 999 99.0 99.0  1.57 14.81  6.99 232 9999.0 999.0 999.0 999.0 99.0 99.00
2017 12 15 10 50 999 99.0 99.0  1.71 13.79  7.39 213 9999.0 999.0 999.0 999.0 99.0 99.00
2017 12 15 11 50 999 99.0 99.0  1.65 13.79  7.30 219 9999.0 999.0 999.0 999.0 99.0 99.00
2017 12 15 12 50 999 99.0 99.0  1.53 13.79  6.67 234 9999.0 999.0 999.0 999.0 99.0 99.00
2017 12 15 13 50 999 99.0 99.0  1.65 13.79  6.79 220 9999.0 999.0 999.0 999.0 99.0 99.00
2017 12 15 14 50 999 99.0 99.0  1.63 13.79  6.99 224 9999.0 999.0 999.0 999.0 99.0 99.00
2017 12 15 15 50 999 99.0 99.0  1.75 13.79  7.12 219 9999.0 999.0 999.0 999.0 99.0 99.00
2017 12 15 16 50 999 99.0 99.0  1.63 12.90  6.69 226 9999.0 999.0 999.0 999.0 99.0 99.00
2017 12 15 17 50 999 99.0 99.0  1.86 12.90  6.79 214 9999.0 999.0 999.0 999.0 99.0 99.00
2017 12 15 18 50 999 99.0 99.0  1.65 13.79  6.64 228 9999.0 999.0 999.0 999.0 99.0 99.00
2017 12 15 19 50 999 99.0 99.0  1.66 12.90  6.71 214 9999.0 999.0 999.0 999.0 99.0 99.00
2017 12 15 20 50 999 99.0 99.0  1.54 12.90  6.50 213 9999.0 999.0 999.0 999.0 99.0 99.00
2017 12 15 21 50 999 99.0 99.0  1.55 12.12  6.62 226 9999.0 999.0 999.0 999.0 99.0 99.00
2017 12 15 22 50 999 99.0 99.0  1.77 12.90  7.42 217 9999.0 999.0 999.0 999.0 99.0 99.00
2017 12 15 23 50 999 99.0 99.0  1.63 12.90  7.14 206 9999.0 999.0 999.0 999.0 99.0 99.00
2017 12 16 00 50 999 99.0 99.0  1.79 12.90  7.94 209 9999.0 999.0 999.0 999.0 99.0 99.00
2017 12 16 01 50 999 99.0 99.0  1.59 12.90  7.08 208 9999.0 999.0 999.0 999.0 99.0 99.00
2017 12 16 02 50 999 99.0 99.0  1.57 12.90  6.94 205 9999.0 999.0 999.0 999.0 99.0 99.00
2017 12 16 03 50 999 99.0 99.0  1.72 12.90  7.30 206 9999.0 999.0 999.0 999.0 99.0 99.00
2017 12 16 04 50 999 99.0 99.0  1.83 12.90  7.31 211 9999.0 999.0 999.0 999.0 99.0 99.00
2017 12 16 05 50 999 99.0 99.0  1.77 12.90  7.07 210 9999.0 999.0 999.0 999.0 99.0 99.00
2017 12 16 06 50 999 99.0 99.0  1.72 12.12  6.53 206 9999.0 999.0 999.0 999.0 99.0 99.00
2017 12 16 07 50 999 99.0 99.0  1.71 12.90  6.90 216 9999.0 999.0 999.0 999.0 99.0 99.00
2017 12 16 08 50 999 99.0 99.0  1.69 12.90  6.90 216 9999.0 999.0 999.0 999.0 99.0 99.00
2017 12 16 09 50 999 99.0 99.0  1.64 12.90  6.80 212 9999.0 999.0 999.0 999.0 99.0 99.00
2017 12 16 10 50 999 99.0 99.0  1.65 12.90  6.76 213 9999.0 999.0 999.0 999.0 99.0 99.00
2017 12 16 11 50 999 99.0 99.0  1.71 12.90  7.34 216 9999.0 999.0 999.0 999.0 99.0 99.00
2017 12 16 12 50 999 99.0 99.0  1.47 11.43  6.45 205 9999.0 999.0 999.0 999.0 99.0 99.00
2017 12 16 13 50 999 99.0 99.0  1.54 12.12  6.69 212 9999.0 999.0 999.0 999.0 99.0 99.00
2017 12 16 14 50 999 99.0 99.0  1.60 12.12  6.85 221 9999.0 999.0 999.0 999.0 99.0 99.00
2017 12 16 15 50 999 99.0 99.0  1.47 12.90  6.38 221 9999.0 999.0 999.0 999.0 99.0 99.00
2017 12 16 16 50 999 99.0 99.0  1.43 12.12  6.32 225 9999.0 999.0 999.0 999.0 99.0 99.00
2017 12 16 17 50 999 99.0 99.0  1.44 12.12  6.25 223 9999.0 999.0 999.0 999.0 99.0 99.00
2017 12 16 18 50 999 99.0 99.0  1.58 12.12  6.48 210 9999.0 999.0 999.0 999.0 99.0 99.00
2017 12 16 19 50 999 99.0 99.0  1.45 11.43  6.17 223 9999.0 999.0 999.0 999.0 99.0 99.00
2017 12 16 20 50 999 99.0 99.0  1.59 12.12  6.88 203 9999.0 999.0 999.0 999.0 99.0 99.00
2017 12 16 21 50 999 99.0 99.0  1.40 11.43  6.56 219 9999.0 999.0 999.0 999.0 99.0 99.00
2017 12 16 22 50 999 99.0 99.0  1.37 11.43  6.53 220 9999.0 999.0 999.0 999.0 99.0 99.00
2017 12 16 23 50 999 99.0 99.0  1.35 12.12  6.31 204 9999.0 999.0 999.0 999.0 99.0 99.00
2017 12 17 00 50 999 99.0 99.0  1.43 11.43  6.17 208 9999.0 999.0 999.0 999.0 99.0 99.00
2017 12 17 01 50 999 99.0 99.0  1.34 10.81  5.75 218 9999.0 999.0 999.0 999.0 99.0 99.00
2017 12 17 02 50 999 99.0 99.0  1.55 11.43  6.01 207 9999.0 999.0 999.0 999.0 99.0 99.00
2017 12 17 03 50 999 99.0 99.0  1.54 11.43  6.31 208 9999.0 999.0 999.0 999.0 99.0 99.00
2017 12 17 04 50 999 99.0 99.0  1.44 11.43  5.61 217 9999.0 999.0 999.0 999.0 99.0 99.00
2017 12 17 05 50 999 99.0 99.0  1.53 10.81  5.71 208 9999.0 999.0 999.0 999.0 99.0 99.00
2017 12 17 06 50 999 99.0 99.0  1.49  7.69  5.85 153 9999.0 999.0 999.0 999.0 99.0 99.00
2017 12 17 07 50 999 99.0 99.0  1.44 11.43  5.57 213 9999.0 999.0 999.0 999.0 99.0 99.00
2017 12 17 08 50 999 99.0 99.0  1.67 11.43  6.07 210 9999.0 999.0 999.0 999.0 99.0 99.00
2017 12 17 09 50 999 99.0 99.0  1.58 11.43  5.63 204 9999.0 999.0 999.0 999.0 99.0 99.00
2017 12 17 10 50 999 99.0 99.0  1.53 10.81  5.74 217 9999.0 999.0 999.0 999.0 99.0 99.00
2017 12 17 11 50 999 99.0 99.0  1.44 10.81  5.98 209 9999.0 999.0 999.0 999.0 99.0 99.00
2017 12 17 12 50 999 99.0 99.0  1.53  7.69  5.97 153 9999.0 999.0 999.0 999.0 99.0 99.00
2017 12 17 13 50 999 99.0 99.0  1.51 11.43  6.01 202 9999.0 999.0 999.0 999.0 99.0 99.00
2017 12 17 14 50 999 99.0 99.0  1.52  8.33  6.14 146 9999.0 999.0 999.0 999.0 99.0 99.00
2017 12 17 15 50 999 99.0 99.0  1.54 11.43  5.98 218 9999.0 999.0 999.0 999.0 99.0 99.00
2017 12 17 16 50 999 99.0 99.0  1.53 11.43  6.19 223 9999.0 999.0 999.0 999.0 99.0 99.00
2017 12 17 17 50 999 99.0 99.0  1.60 10.81  6.55 216 9999.0 999.0 999.0 999.0 99.0 99.00
2017 12 17 18 50 999 99.0 99.0  1.51  9.09  6.31 154 9999.0 999.0 999.0 999.0 99.0 99.00
2017 12 17 19 50 999 99.0 99.0  1.50  9.09  6.17 158 9999.0 999.0 999.0 999.0 99.0 99.00
2017 12 17 20 50 999 99.0 99.0  1.51 11.43  6.02 197 9999.0 999.0 999.0 999.0 99.0 99.00
2017 12 17 21 50 999 99.0 99.0  1.57 11.43  5.92 220 9999.0 999.0 999.0 999.0 99.0 99.00
2017 12 17 22 50 999 99.0 99.0  1.66 11.43  5.69 216 9999.0 999.0 999.0 999.0 99.0 99.00
2017 12 17 23 50 999 99.0 99.0  1.59  8.33  5.51 146 9999.0 999.0 999.0 999.0 99.0 99.00
2017 12 18 00 50 999 99.0 99.0  1.66 10.81  5.58 182 9999.0 999.0 999.0 999.0 99.0 99.00
2017 12 18 01 50 999 99.0 99.0  1.60  7.69  5.47 153 9999.0 999.0 999.0 999.0 99.0 99.00
2017 12 18 02 50 999 99.0 99.0  1.66 12.12  5.79 238 9999.0 999.0 999.0 999.0 99.0 99.00
2017 12 18 03 50 999 99.0 99.0  1.60 10.00  5.55 164 9999.0 999.0 999.0 999.0 99.0 99.00
2017 12 18 04 50 999 99.0 99.0  1.63 10.81  5.68 200 9999.0 999.0 999.0 999.0 99.0 99.00
2017 12 18 05 50 999 99.0 99.0  1.61 11.43  5.64 227 9999.0 999.0 999.0 999.0 99.0 99.00
2017 12 18 06 50 999 99.0 99.0  1.66 10.81  5.63 227 9999.0 999.0 999.0 999.0 99.0 99.00
2017 12 18 07 50 999 99.0 99.0  1.78 11.43  5.80 231 9999.0 999.0 999.0 999.0 99.0 99.00
2017 12 18 08 50 999 99.0 99.0  1.76 12.12  5.79 211 9999.0 999.0 999.0 999.0 99.0 99.00
2017 12 18 09 50 999 99.0 99.0  1.91 11.43  5.93 218 9999.0 999.0 999.0 999.0 99.0 99.00
2017 12 18 10 50 999 99.0 99.0  1.89 11.43  5.87 208 9999.0 999.0 999.0 999.0 99.0 99.00
2017 12 18 11 50 999 99.0 99.0  1.68 11.43  5.92 225 9999.0 999.0 999.0 999.0 99.0 99.00
2017 12 18 12 50 999 99.0 99.0  1.73 11.43  5.97 218 9999.0 999.0 999.0 999.0 99.0 99.00
2017 12 18 13 50 999 99.0 99.0  1.79 11.43  5.98 212 9999.0 999.0 999.0 999.0 99.0 99.00
2017 12 18 14 50 999 99.0 99.0  1.65 12.12  6.02 208 9999.0 999.0 999.0 999.0 99.0 99.00
2017 12 18 15 50 999 99.0 99.0  1.65 10.81  6.04 209 9999.0 999.0 999.0 999.0 99.0 99.00
2017 12 18 16 50 999 99.0 99.0  1.70  8.33  5.94 140 9999.0 999.0 999.0 999.0 99.0 99.00
2017 12 18 17 50 999 99.0 99.0  1.78 11.43  6.06 200 9999.0 999.0 999.0 999.0 99.0 99.00
2017 12 18 18 50 999 99.0 99.0  1.66  8.33  6.02 153 9999.0 999.0 999.0 999.0 99.0 99.00
2017 12 18 19 50 999 99.0 99.0  1.83 11.43  6.31 214 9999.0 999.0 999.0 999.0 99.0 99.00
2017 12 18 20 50 999 99.0 99.0  1.65 10.81  5.90 204 9999.0 999.0 999.0 999.0 99.0 99.00
2017 12 18 21 50 999 99.0 99.0  1.68 10.81  6.12 203 9999.0 999.0 999.0 999.0 99.0 99.00
2017 12 18 22 50 999 99.0 99.0  1.63  7.69  5.73 145 9999.0 999.0 999.0 999.0 99.0 99.00
2017 12 18 23 50 999 99.0 99.0  1.59 10.81  5.89 201 9999.0 999.0 999.0 999.0 99.0 99.00
2017 12 19 00 50 999 99.0 99.0  1.55  7.69  5.83 136 9999.0 999.0 999.0 999.0 99.0 99.00
2017 12 19 01 50 999 99.0 99.0  1.55 10.81  6.04 198 9999.0 999.0 999.0 999.0 99.0 99.00
2017 12 19 02 50 999 99.0 99.0  1.57  7.69  6.02 151 9999.0 999.0 999.0 999.0 99.0 99.00
2017 12 19 03 50 999 99.0 99.0  1.59 10.81  6.03 194 9999.0 999.0 999.0 999.0 99.0 99.00
2017 12 19 04 50 999 99.0 99.0  1.57 10.81  6.14 203 9999.0 999.0 999.0 999.0 99.0 99.00
2017 12 19 05 50 999 99.0 99.0  1.61 11.43  6.14 196 9999.0 999.0 999.0 999.0 99.0 99.00
2017 12 19 06 50 999 99.0 99.0  1.47 11.43  6.26 190 9999.0 999.0 999.0 999.0 99.0 99.00
2017 12 19 07 50 999 99.0 99.0  1.66 10.81  6.36 182 9999.0 999.0 999.0 999.0 99.0 99.00
2017 12 19 08 50 999 99.0 99.0  1.58 11.43  6.29 193 9999.0 999.0 999.0 999.0 99.0 99.00
2017 12 19 09 50 999 99.0 99.0  1.63 11.43  5.85 173 9999.0 999.0 999.0 999.0 99.0 99.00
2017 12 19 10 50 999 99.0 99.0  1.68 11.43  5.65 199 9999.0 999.0 999.0 999.0 99.0 99.00
2017 12 19 11 50 999 99.0 99.0  1.70 10.81  5.87 186 9999.0 999.0 999.0 999.0 99.0 99.00
2017 12 19 12 50 999 99.0 99.0  1.67 10.81  5.58 214 9999.0 999.0 999.0 999.0 99.0 99.00
2017 12 19 13 50 999 99.0 99.0  1.61 11.43  5.63 202 9999.0 999.0 999.0 999.0 99.0 99.00
2017 12 19 14 50 999 99.0 99.0  1.54 10.81  5.53 197 9999.0 999.0 999.0 999.0 99.0 99.00
2017 12 19 15 50 999 99.0 99.0  1.64 11.43  5.68 208 9999.0 999.0 999.0 999.0 99.0 99.00
2017 12 19 16 50 999 99.0 99.0  1.69 10.81  5.86 204 9999.0 999.0 999.0 999.0 99.0 99.00
2017 12 19 17 50 999 99.0 99.0  1.71 10.81  5.89 209 9999.0 999.0 999.0 999.0 99.0 99.00
2017 12 19 18 50 999 99.0 99.0  1.89  7.14  6.11 149 9999.0 999.0 999.0 999.0 99.0 99.00
2017 12 19 19 50 999 99.0 99.0  1.76  7.14  5.91 137 9999.0 999.0 999.0 999.0 99.0 99.00
2017 12 19 20 50 999 99.0 99.0  1.73  7.14  5.89 138 9999.0 999.0 999.0 999.0 99.0 99.00
2017 12 19 21 50 999 99.0 99.0  1.90 10.81  6.22 203 9999.0 999.0 999.0 999.0 99.0 99.00
2017 12 19 22 50 999 99.0 99.0  1.81 10.81  5.98 208 9999.0 999.0 999.0 999.0 99.0 99.00
2017 12 19 23 50 999 99.0 99.0  1.84  7.14  6.09 139 9999.0 999.0 999.0 999.0 99.0 99.00
2017 12 20 00 50 999 99.0 99.0  1.92 10.81  6.06 203 9999.0 999.0 999.0 999.0 99.0 99.00
2017 12 20 01 50 999 99.0 99.0  1.94 14.81  6.27 262 9999.0 999.0 999.0 999.0 99.0 99.00
2017 12 20 02 50 999 99.0 99.0  2.02 21.05  6.38 249 9999.0 999.0 999.0 999.0 99.0 99.00
2017 12 20 03 50 999 99.0 99.0  1.88 21.05  6.42 103 9999.0 999.0 999.0 999.0 99.0 99.00
2017 12 20 04 50 999 99.0 99.0  2.07 21.05  6.59 226 9999.0 999.0 999.0 999.0 99.0 99.00
2017 12 20 05 50 999 99.0 99.0  2.26 21.05  7.20 198 9999.0 999.0 999.0 999.0 99.0 99.00
2017 12 20 06 50 999 99.0 99.0  2.16 21.05  7.20 217 9999.0 999.0 999.0 999.0 99.0 99.00
2017 12 20 07 50 999 99.0 99.0  2.35 21.05  7.63 195 9999.0 999.0 999.0 999.0 99.0 99.00
2017 12 20 08 50 999 99.0 99.0  2.75 19.05  8.18 197 9999.0 999.0 999.0 999.0 99.0 99.00
2017 12 20 09 50 999 99.0 99.0  2.67 19.05  7.93 223 9999.0 999.0 999.0 999.0 99.0 99.00
2017 12 20 10 50 999 99.0 99.0  2.66 19.05  8.12 203 9999.0 999.0 999.0 999.0 99.0 99.00
2017 12 20 11 50 999 99.0 99.0  3.50 19.05 10.15 213 9999.0 999.0 999.0 999.0 99.0 99.00
2017 12 20 12 50 999 99.0 99.0  3.48 19.05  9.92 203 9999.0 999.0 999.0 999.0 99.0 99.00
2017 12 20 13 50 999 99.0 99.0  2.57 19.05  7.77 209 9999.0 999.0 999.0 999.0 99.0 99.00
2017 12 20 14 50 999 99.0 99.0  3.14 19.05  9.51 204 9999.0 999.0 999.0 999.0 99.0 99.00
2017 12 20 15 50 999 99.0 99.0  2.71 19.05  8.59 207 9999.0 999.0 999.0 999.0 99.0 99.00
2017 12 20 16 50 999 99.0 99.0  3.49 17.39 10.43 214 9999.0 999.0 999.0 999.0 99.0 99.00
2017 12 20 17 50 999 99.0 99.0  2.90 17.39  8.66 204 9999.0 999.0 999.0 999.0 99.0 99.00
2017 12 20 18 50 999 99.0 99.0  2.56 17.39  8.21 206 9999.0 999.0 999.0 999.0 99.0 99.00
2017 12 20 19 50 999 99.0 99.0  3.27 17.39 10.12 204 9999.0 999.0 999.0 999.0 99.0 99.00
2017 12 20 20 50 999 99.0 99.0  3.13 17.39  9.02 208 9999.0 999.0 999.0 999.0 99.0 99.00
2017 12 20 21 50 999 99.0 99.0  3.89 17.39 10.46 209 9999.0 999.0 999.0 999.0 99.0 99.00
2017 12 20 22 50 999 99.0 99.0  3.24 17.39  9.03 213 9999.0 999.0 999.0 999.0 99.0 99.00
2017 12 20 23 50 999 99.0 99.0  3.23 17.39  9.17 209 9999.0 999.0 999.0 999.0 99.0 99.00
2017 12 21 00 50 999 99.0 99.0  3.48 16.00  9.27 208 9999.0 999.0 999.0 999.0 99.0 99.00
2017 12 21 01 50 999 99.0 99.0  3.48 17.39  9.44 200 9999.0 999.0 999.0 999.0 99.0 99.00
2017 12 21 02 50 999 99.0 99.0  2.81 16.00  8.16 202 9999.0 999.0 999.0 999.0 99.0 99.00
2017 12 21 03 50 999 99.0 99.0  3.15 14.81  8.69 195 9999.0 999.0 999.0 999.0 99.0 99.00
2017 12 21 04 50 999 99.0 99.0  3.61 16.00 10.03 200 9999.0 999.0 999.0 999.0 99.0 99.00
2017 12 21 05 50 999 99.0 99.0  3.33 17.39  9.42 199 9999.0 999.0 999.0 999.0 99.0 99.00
2017 12 21 06 50 999 99.0 99.0  3.17 16.00  9.37 200 9999.0 999.0 999.0 999.0 99.0 99.00
2017 12 21 07 50 999 99.0 99.0  2.80 16.00  8.29 209 9999.0 999.0 999.0 999.0 99.0 99.00
2017 12 21 09 50 999 99.0 99.0  3.08 16.00  8.95 207 9999.0 999.0 999.0 999.0 99.0 99.00
2017 12 21 10 50 999 99.0 99.0  3.26 16.00  8.97 211 9999.0 999.0 999.0 999.0 99.0 99.00
2017 12 21 11 50 999 99.0 99.0  3.25 16.00  8.95 204 9999.0 999.0 999.0 999.0 99.0 99.00
2017 12 21 12 50 999 99.0 99.0  3.02 16.00  8.50 198 9999.0 999.0 999.0 999.0 99.0 99.00
2017 12 21 13 50 999 99.0 99.0  2.89 16.00  8.44 214 9999.0 999.0 999.0 999.0 99.0 99.00
2017 12 21 14 50 999 99.0 99.0  3.07 16.00  8.72 214 9999.0 999.0 999.0 999.0 99.0 99.00
2017 12 21 15 50 999 99.0 99.0  2.83 16.00  8.34 215 9999.0 999.0 999.0 999.0 99.0 99.00
2017 12 21 16 50 999 99.0 99.0  2.83 16.00  8.67 205 9999.0 999.0 999.0 999.0 99.0 99.00
2017 12 21 17 50 999 99.0 99.0  2.64 16.00  8.04 227 9999.0 999.0 999.0 999.0 99.0 99.00
2017 12 21 18 50 999 99.0 99.0  2.62 14.81  7.87 197 9999.0 999.0 999.0 999.0 99.0 99.00
2017 12 21 19 50 999 99.0 99.0  2.61 14.81  7.90 214 9999.0 999.0 999.0 999.0 99.0 99.00
2017 12 21 20 50 999 99.0 99.0  2.56 13.79  7.82 214 9999.0 999.0 999.0 999.0 99.0 99.00
2017 12 21 21 50 999 99.0 99.0  2.68 14.81  8.16 194 9999.0 999.0 999.0 999.0 99.0 99.00
2017 12 21 22 50 999 99.0 99.0  2.63 14.81  7.94 207 9999.0 999.0 999.0 999.0 99.0 99.00
2017 12 21 23 50 999 99.0 99.0  2.66 13.79  7.46 205 9999.0 999.0 999.0 999.0 99.0 99.00
2017 12 22 00 50 999 99.0 99.0  2.82 14.81  8.06 216 9999.0 999.0 999.0 999.0 99.0 99.00
2017 12 22 01 50 999 99.0 99.0  2.79 14.81  7.98 206 9999.0 999.0 999.0 999.0 99.0 99.00
2017 12 22 02 50 999 99.0 99.0  2.71 13.79  7.92 207 9999.0 999.0 999.0 999.0 99.0 99.00
2017 12 22 03 50 999 99.0 99.0  2.65 14.81  8.16 209 9999.0 999.0 999.0 999.0 99.0 99.00
2017 12 22 04 50 999 99.0 99.0  2.58 12.90  7.93 203 9999.0 999.0 999.0 999.0 99.0 99.00
2017 12 22 05 50 999 99.0 99.0  2.60 13.79  7.54 207 9999.0 999.0 999.0 999.0 99.0 99.00
2017 12 22 06 50 999 99.0 99.0  2.58 14.81  7.61 200 9999.0 999.0 999.0 999.0 99.0 99.00
2017 12 22 07 50 999 99.0 99.0  2.67 14.81  7.98 212 9999.0 999.0 999.0 999.0 99.0 99.00
2017 12 22 08 50 999 99.0 99.0  2.42 13.79  7.50 206 9999.0 999.0 999.0 999.0 99.0 99.00
2017 12 22 09 50 999 99.0 99.0  2.36 12.90  7.25 210 9999.0 999.0 999.0 999.0 99.0 99.00
2017 12 22 10 50 999 99.0 99.0  2.54 13.79  7.43 204 9999.0 999.0 999.0 999.0 99.0 99.00
2017 12 22 11 50 999 99.0 99.0  2.35 13.79  6.88 194 9999.0 999.0 999.0 999.0 99.0 99.00
2017 12 22 12 50 999 99.0 99.0  2.61 13.79  7.44 207 9999.0 999.0 999.0 999.0 99.0 99.00
2017 12 22 13 50 999 99.0 99.0  2.33 12.12  6.90 201 9999.0 999.0 999.0 999.0 99.0 99.00
2017 12 22 14 50 999 99.0 99.0  2.62 13.79  7.86 208 9999.0 999.0 999.0 999.0 99.0 99.00
2017 12 22 15 50 999 99.0 99.0  2.21 13.79  6.91 193 9999.0 999.0 999.0 999.0 99.0 99.00
2017 12 22 16 50 999 99.0 99.0  2.19 13.79  6.94 214 9999.0 999.0 999.0 999.0 99.0 99.00
2017 12 22 17 50 999 99.0 99.0  2.16 13.79  7.21 198 9999.0 999.0 999.0 999.0 99.0 99.00
2017 12 22 18 50 999 99.0 99.0  2.25 13.79  7.08 209 9999.0 999.0 999.0 999.0 99.0 99.00
2017 12 22 19 50 999 99.0 99.0  2.30 13.79  7.31 218 9999.0 999.0 999.0 999.0 99.0 99.00
2017 12 22 20 50 999 99.0 99.0  2.18 12.90  6.83 212 9999.0 999.0 999.0 999.0 99.0 99.00
2017 12 22 21 50 999 99.0 99.0  2.22 13.79  6.75 208 9999.0 999.0 999.0 999.0 99.0 99.00
2017 12 22 22 50 999 99.0 99.0  2.47 13.79  7.39 204 9999.0 999.0 999.0 999.0 99.0 99.00
2017 12 22 23 50 999 99.0 99.0  2.29 12.90  6.98 208 9999.0 999.0 999.0 999.0 99.0 99.00
2017 12 23 00 50 999 99.0 99.0  2.39 12.90  7.30 192 9999.0 999.0 999.0 999.0 99.0 99.00
2017 12 23 01 50 999 99.0 99.0  2.45 13.79  7.12 216 9999.0 999.0 999.0 999.0 99.0 99.00
2017 12 23 02 50 999 99.0 99.0  2.49 12.90  7.29 202 9999.0 999.0 999.0 999.0 99.0 99.00
2017 12 23 03 50 999 99.0 99.0  2.56 12.90  7.38 214 9999.0 999.0 999.0 999.0 99.0 99.00
2017 12 23 04 50 999 99.0 99.0  2.34 11.43  7.28 207 9999.0 999.0 999.0 999.0 99.0 99.00
2017 12 23 05 50 999 99.0 99.0  2.42 12.90  7.31 206 9999.0 999.0 999.0 999.0 99.0 99.00
2017 12 23 06 50 999 99.0 99.0  2.35 12.90  7.31 196 9999.0 999.0 999.0 999.0 99.0 99.00
2017 12 23 07 50 999 99.0 99.0  2.59 12.90  7.56 201 9999.0 999.0 999.0 999.0 99.0 99.00
2017 12 23 08 50 999 99.0 99.0  2.41 12.90  7.20 202 9999.0 999.0 999.0 999.0 99.0 99.00
2017 12 23 09 50 999 99.0 99.0  2.26 12.12  6.63 209 9999.0 999.0 999.0 999.0 99.0 99.00
2017 12 23 10 50 999 99.0 99.0  2.64 12.12  6.88 200 9999.0 999.0 999.0 999.0 99.0 99.00
2017 12 23 11 50 999 99.0 99.0  2.80 13.79  6.80 196 9999.0 999.0 999.0 999.0 99.0 99.00
2017 12 23 12 50 999 99.0 99.0  2.62 12.90  6.41 205 9999.0 999.0 999.0 999.0 99.0 99.00
2017 12 23 13 50 999 99.0 99.0  2.91 12.90  6.92 206 9999.0 999.0 999.0 999.0 99.0 99.00
2017 12 23 14 50 999 99.0 99.0  2.63 12.90  6.56 203 9999.0 999.0 999.0 999.0 99.0 99.00
2017 12 23 15 50 999 99.0 99.0  2.47 12.90  6.45 216 9999.0 999.0 999.0 999.0 99.0 99.00
2017 12 23 16 50 999 99.0 99.0  2.74 12.90  7.08 210 9999.0 999.0 999.0 999.0 99.0 99.00
2017 12 23 17 50 999 99.0 99.0  2.69 12.12  6.97 201 9999.0 999.0 999.0 999.0 99.0 99.00
2017 12 23 18 50 999 99.0 99.0  2.37 12.90  6.53 208 9999.0 999.0 999.0 999.0 99.0 99.00
2017 12 23 19 50 999 99.0 99.0  2.39 12.90  6.73 220 9999.0 999.0 999.0 999.0 99.0 99.00
2017 12 23 20 50 999 99.0 99.0  2.54 12.90  6.95 213 9999.0 999.0 999.0 999.0 99.0 99.00
2017 12 23 21 50 999 99.0 99.0  2.47 12.90  6.97 206 9999.0 999.0 999.0 999.0 99.0 99.00
2017 12 23 22 50 999 99.0 99.0  2.57 12.90  6.90 206 9999.0 999.0 999.0 999.0 99.0 99.00
2017 12 23 23 50 999 99.0 99.0  2.45 12.90  6.85 212 9999.0 999.0 999.0 999.0 99.0 99.00
2017 12 24 00 50 999 99.0 99.0  2.63 13.79  6.79 208 9999.0 999.0 999.0 999.0 99.0 99.00
2017 12 24 01 50 999 99.0 99.0  2.52 12.90  6.57 196 9999.0 999.0 999.0 999.0 99.0 99.00
2017 12 24 02 50 999 99.0 99.0  2.60 12.12  6.75 208 9999.0 999.0 999.0 999.0 99.0 99.00
2017 12 24 03 50 999 99.0 99.0  2.65 12.12  7.02 204 9999.0 999.0 999.0 999.0 99.0 99.00
2017 12 24 04 50 999 99.0 99.0  2.59 11.43  7.04 199 9999.0 999.0 999.0 999.0 99.0 99.00
2017 12 24 05 50 999 99.0 99.0  2.52 12.12  6.50 216 9999.0 999.0 999.0 999.0 99.0 99.00
2017 12 24 06 50 999 99.0 99.0  2.49 12.12  6.65 201 9999.0 999.0 999.0 999.0 99.0 99.00
2017 12 24 07 50 999 99.0 99.0  2.33 12.90  6.30 192 9999.0 999.0 999.0 999.0 99.0 99.00
2017 12 24 08 50 999 99.0 99.0  2.57 12.90  6.69 205 9999.0 999.0 999.0 999.0 99.0 99.00
2017 12 24 09 50 999 99.0 99.0  2.51 11.43  6.57 197 9999.0 999.0 999.0 999.0 99.0 99.00
2017 12 24 10 50 999 99.0 99.0  2.61 12.12  6.67 206 9999.0 999.0 999.0 999.0 99.0 99.00
2017 12 24 11 50 999 99.0 99.0  2.60 12.12  6.60 193 9999.0 999.0 999.0 999.0 99.0 99.00
2017 12 24 12 50 999 99.0 99.0  2.52 12.90  6.73 198 9999.0 999.0 999.0 999.0 99.0 99.00
2017 12 24 13 50 999 99.0 99.0  2.60 13.79  6.61 178 9999.0 999.0 999.0 999.0 99.0 99.00
2017 12 24 14 50 999 99.0 99.0  2.64 12.12  6.82 209 9999.0 999.0 999.0 999.0 99.0 99.00
2017 12 24 16 50 999 99.0 99.0  2.53 12.12  6.58 201 9999.0 999.0 999.0 999.0 99.0 99.00
2017 12 24 17 50 999 99.0 99.0  2.42 13.79  6.53 196 9999.0 999.0 999.0 999.0 99.0 99.00
2017 12 24 18 50 999 99.0 99.0  2.38 12.12  6.50 204 9999.0 999.0 999.0 999.0 99.0 99.00
2017 12 24 19 50 999 99.0 99.0  2.45 13.79  6.62 202 9999.0 999.0 999.0 999.0 99.0 99.00
2017 12 24 20 50 999 99.0 99.0  2.60 12.90  7.30 201 9999.0 999.0 999.0 999.0 99.0 99.00
2017 12 24 21 50 999 99.0 99.0  2.42 12.12  6.93 203 9999.0 999.0 999.0 999.0 99.0 99.00
2017 12 24 22 50 999 99.0 99.0  2.56 12.90  6.85 206 9999.0 999.0 999.0 999.0 99.0 99.00
2017 12 24 23 50 999 99.0 99.0  2.43 12.90  7.12 207 9999.0 999.0 999.0 999.0 99.0 99.00
2017 12 25 00 50 999 99.0 99.0  2.53 12.90  7.20 205 9999.0 999.0 999.0 999.0 99.0 99.00
2017 12 25 01 50 999 99.0 99.0  2.43 12.90  6.93 200 9999.0 999.0 999.0 999.0 99.0 99.00
2017 12 25 02 50 999 99.0 99.0  2.46 12.90  7.06 198 9999.0 999.0 999.0 999.0 99.0 99.00
2017 12 25 03 50 999 99.0 99.0  2.30 12.90  6.49 193 9999.0 999.0 999.0 999.0 99.0 99.00
2017 12 25 04 50 999 99.0 99.0  2.22 12.90  6.56 221 9999.0 999.0 999.0 999.0 99.0 99.00
2017 12 25 05 50 999 99.0 99.0  2.27 12.12  6.44 203 9999.0 999.0 999.0 999.0 99.0 99.00
2017 12 25 06 50 999 99.0 99.0  2.27 12.90  6.58 194 9999.0 999.0 999.0 999.0 99.0 99.00
2017 12 25 07 50 999 99.0 99.0  2.46 12.90  7.04 207 9999.0 999.0 999.0 999.0 99.0 99.00
2017 12 25 08 50 999 99.0 99.0  2.18 12.12  6.57 208 9999.0 999.0 999.0 999.0 99.0 99.00
2017 12 25 09 50 999 99.0 99.0  2.02 11.43  6.45 203 9999.0 999.0 999.0 999.0 99.0 99.00
2017 12 25 10 50 999 99.0 99.0  2.10 12.90  6.33 208 9999.0 999.0 999.0 999.0 99.0 99.00
2017 12 25 11 50 999 99.0 99.0  2.19 12.12  6.54 204 9999.0 999.0 999.0 999.0 99.0 99.00
2017 12 25 12 50 999 99.0 99.0  2.04 11.43  6.63 197 9999.0 999.0 999.0 999.0 99.0 99.00
2017 12 25 13 50 999 99.0 99.0  2.27 12.12  6.76 206 9999.0 999.0 999.0 999.0 99.0 99.00
2017 12 25 14 50 999 99.0 99.0  2.10 11.43  6.29 200 9999.0 999.0 999.0 999.0 99.0 99.00
2017 12 25 15 50 999 99.0 99.0  1.94 11.43  6.10 203 9999.0 999.0 999.0 999.0 99.0 99.00
2017 12 25 16 50 999 99.0 99.0  2.03 12.12  6.46 201 9999.0 999.0 999.0 999.0 99.0 99.00
2017 12 25 17 50 999 99.0 99.0  2.05 12.90  6.50 191 9999.0 999.0 999.0 999.0 99.0 99.00
2017 12 25 18 50 999 99.0 99.0  1.97 11.43  6.44 187 9999.0 999.0 999.0 999.0 99.0 99.00
2017 12 25 19 50 999 99.0 99.0  2.22 11.43  7.04 190 9999.0 999.0 999.0 999.0 99.0 99.00
2017 12 25 20 50 999 99.0 99.0  1.94 12.90  6.80 203 9999.0 999.0 999.0 999.0 99.0 99.00
2017 12 25 21 50 999 99.0 99.0  1.99 11.43  6.82 203 9999.0 999.0 999.0 999.0 99.0 99.00
2017 12 25 22 50 999 99.0 99.0  2.14 12.12  7.10 198 9999.0 999.0 999.0 999.0 99.0 99.00
2017 12 25 23 50 999 99.0 99.0  2.18 12.90  7.13 187 9999.0 999.0 999.0 999.0 99.0 99.00
2017 12 26 00 50 999 99.0 99.0  1.99 12.12  7.02 196 9999.0 999.0 999.0 999.0 99.0 99.00
2017 12 26 01 50 999 99.0 99.0  2.26 12.12  7.24 186 9999.0 999.0 999.0 999.0 99.0 99.00
2017 12 26 02 50 999 99.0 99.0  2.06 11.43  6.54 203 9999.0 999.0 999.0 999.0 99.0 99.00
2017 12 26 03 50 999 99.0 99.0  2.21 12.12  7.15 188 9999.0 999.0 999.0 999.0 99.0 99.00
2017 12 26 04 50 999 99.0 99.0  2.12 10.81  6.69 178 9999.0 999.0 999.0 999.0 99.0 99.00
2017 12 26 05 50 999 99.0 99.0  2.00 12.12  6.74 185 9999.0 999.0 999.0 999.0 99.0 99.00
2017 12 26 06 50 999 99.0 99.0  1.85 10.00  6.26 175 9999.0 999.0 999.0 999.0 99.0 99.00
2017 12 26 07 50 999 99.0 99.0  1.94 12.12  6.60 192 9999.0 999.0 999.0 999.0 99.0 99.00
2017 12 26 08 50 999 99.0 99.0  1.85 12.12  6.36 198 9999.0 999.0 999.0 999.0 99.0 99.00
2017 12 26 09 50 999 99.0 99.0  2.07 11.43  6.81 196 9999.0 999.0 999.0 999.0 99.0 99.00
2017 12 26 10 50 999 99.0 99.0  1.83 12.12  6.57 193 9999.0 999.0 999.0 999.0 99.0 99.00
2017 12 26 11 50 999 99.0 99.0  1.90 11.43  6.54 182 9999.0 999.0 999.0 999.0 99.0 99.00
2017 12 26 12 50 999 99.0 99.0  1.80 12.12  6.49 190 9999.0 999.0 999.0 999.0 99.0 99.00
2017 12 26 13 50 999 99.0 99.0  1.74  9.09  6.20 178 9999.0 999.0 999.0 999.0 99.0 99.00
2017 12 26 14 50 999 99.0 99.0  1.80 11.43  6.27 191 9999.0 999.0 999.0 999.0 99.0 99.00
2017 12 26 15 50 999 99.0 99.0  1.78 11.43  6.44 182 9999.0 999.0 999.0 999.0 99.0 99.00
2017 12 26 16 50 999 99.0 99.0  1.77 11.43  6.15 205 9999.0 999.0 999.0 999.0 99.0 99.00
2017 12 26 17 50 999 99.0 99.0  1.84 11.43  6.85 188 9999.0 999.0 999.0 999.0 99.0 99.00
2017 12 26 18 50 999 99.0 99.0  1.83 11.43  6.85 188 9999.0 999.0 999.0 999.0 99.0 99.00
2017 12 26 19 50 999 99.0 99.0  1.78 11.43  6.92 190 9999.0 999.0 999.0 999.0 99.0 99.00
2017 12 26 20 50 999 99.0 99.0  1.58 12.90  6.38 218 9999.0 999.0 999.0 999.0 99.0 99.00
2017 12 26 21 50 999 99.0 99.0  1.77 11.43  7.08 175 9999.0 999.0 999.0 999.0 99.0 99.00
2017 12 26 22 50 999 99.0 99.0  1.72 11.43  6.76 183 9999.0 999.0 999.0 999.0 99.0 99.00
2017 12 26 23 50 999 99.0 99.0  1.60 12.12  6.49 174 9999.0 999.0 999.0 999.0 99.0 99.00
2017 12 27 00 50 999 99.0 99.0  1.51 11.43  6.50 190 9999.0 999.0 999.0 999.0 99.0 99.00
2017 12 27 01 50 999 99.0 99.0  1.56 10.00  6.58 188 9999.0 999.0 999.0 999.0 99.0 99.00
2017 12 27 02 50 999 99.0 99.0  1.57 11.43  6.21 195 9999.0 999.0 999.0 999.0 99.0 99.00
2017 12 27 03 50 999 99.0 99.0  1.54 11.43  5.98 172 9999.0 999.0 999.0 999.0 99.0 99.00
2017 12 27 04 50 999 99.0 99.0  1.51 11.43  6.08 182 9999.0 999.0 999.0 999.0 99.0 99.00
2017 12 27 05 50 999 99.0 99.0  1.56  9.09  5.98 174 9999.0 999.0 999.0 999.0 99.0 99.00
2017 12 27 06 50 999 99.0 99.0  1.50 11.43  5.82 194 9999.0 999.0 999.0 999.0 99.0 99.00
2017 12 27 07 50 999 99.0 99.0  1.46 10.81  5.92 186 9999.0 999.0 999.0 999.0 99.0 99.00
2017 12 27 08 50 999 99.0 99.0  1.41  8.33  5.78 156 9999.0 999.0 999.0 999.0 99.0 99.00
2017 12 27 09 50 999 99.0 99.0  1.45 12.12  5.77 188 9999.0 999.0 999.0 999.0 99.0 99.00
2017 12 27 10 50 999 99.0 99.0  1.58 11.43  6.16 204 9999.0 999.0 999.0 999.0 99.0 99.00
2017 12 27 11 50 999 99.0 99.0  1.41  8.33  5.76 168 9999.0 999.0 999.0 999.0 99.0 99.00
2017 12 27 12 50 999 99.0 99.0  1.42  9.09  5.64 175 9999.0 999.0 999.0 999.0 99.0 99.00
2017 12 27 13 50 999 99.0 99.0  1.39  6.25  5.54 147 9999.0 999.0 999.0 999.0 99.0 99.00
2017 12 27 14 50 999 99.0 99.0  1.46 11.43  5.56 177 9999.0 999.0 999.0 999.0 99.0 99.00
2017 12 27 16 50 999 99.0 99.0  1.46 11.43  5.57 174 9999.0 999.0 999.0 999.0 99.0 99.00
2017 12 27 17 50 999 99.0 99.0  1.36 10.81  5.51 170 9999.0 999.0 999.0 999.0 99.0 99.00
2017 12 27 18 50 999 99.0 99.0  1.36 11.43  5.69 159 9999.0 999.0 999.0 999.0 99.0 99.00
2017 12 27 19 50 999 99.0 99.0  1.35  8.33  5.61 154 9999.0 999.0 999.0 999.0 99.0 99.00
2017 12 27 20 50 999 99.0 99.0  1.31  8.33  5.70 171 9999.0 999.0 999.0 999.0 99.0 99.00
2017 12 27 21 50 999 99.0 99.0  1.23 10.81  5.73 171 9999.0 999.0 999.0 999.0 99.0 99.00
2017 12 27 22 50 999 99.0 99.0  1.21 10.00  5.62 169 9999.0 999.0 999.0 999.0 99.0 99.00
2017 12 27 23 50 999 99.0 99.0  1.29 10.00  5.66 178 9999.0 999.0 999.0 999.0 99.0 99.00
2017 12 28 00 50 999 99.0 99.0  1.20 10.00  5.57 190 9999.0 999.0 999.0 999.0 99.0 99.00
2017 12 28 01 50 999 99.0 99.0  1.23  9.09  5.54 171 9999.0 999.0 999.0 999.0 99.0 99.00
2017 12 28 02 50 999 99.0 99.0  1.23 10.81  5.45 201 9999.0 999.0 999.0 999.0 99.0 99.00
2017 12 28 03 50 999 99.0 99.0  1.17  6.67  5.65 155 9999.0 999.0 999.0 999.0 99.0 99.00
2017 12 28 04 50 999 99.0 99.0  1.15 10.00  5.59 177 9999.0 999.0 999.0 999.0 99.0 99.00
2017 12 28 05 50 999 99.0 99.0  1.16 10.81  5.40 180 9999.0 999.0 999.0 999.0 99.0 99.00
2017 12 28 06 50 999 99.0 99.0  1.21  9.09  5.13 152 9999.0 999.0 999.0 999.0 99.0 99.00
2017 12 28 07 50 999 99.0 99.0  1.23 10.81  5.21 218 9999.0 999.0 999.0 999.0 99.0 99.00
2017 12 28 08 50 999 99.0 99.0  1.18  7.69  5.21 159 9999.0 999.0 999.0 999.0 99.0 99.00
2017 12 28 09 50 999 99.0 99.0  1.25 12.90  5.31 222 9999.0 999.0 999.0 999.0 99.0 99.00
2017 12 28 10 50 999 99.0 99.0  1.15  8.33  5.42 155 9999.0 999.0 999.0 999.0 99.0 99.00
2017 12 28 11 50 999 99.0 99.0  1.09 12.90  5.52 216 9999.0 999.0 999.0 999.0 99.0 99.00
2017 12 28 12 50 999 99.0 99.0  1.06 12.90  5.37 228 9999.0 999.0 999.0 999.0 99.0 99.00
2017 12 28 13 50 999 99.0 99.0  1.09 13.79  5.75 233 9999.0 999.0 999.0 999.0 99.0 99.00
2017 12 28 14 50 999 99.0 99.0  1.09 12.90  5.70 217 9999.0 999.0 999.0 999.0 99.0 99.00
2017 12 28 15 50 999 99.0 99.0  1.11 10.00  5.15 167 9999.0 999.0 999.0 999.0 99.0 99.00
2017 12 28 16 50 999 99.0 99.0  1.14 11.43  5.20 221 9999.0 999.0 999.0 999.0 99.0 99.00
2017 12 28 17 50 999 99.0 99.0  1.20 12.12  5.45 205 9999.0 999.0 999.0 999.0 99.0 99.00
2017 12 28 18 50 999 99.0 99.0  1.08  5.56  5.11 132 9999.0 999.0 999.0 999.0 99.0 99.00
2017 12 28 19 50 999 99.0 99.0  1.17 12.12  5.46 261 9999.0 999.0 999.0 999.0 99.0 99.00
2017 12 28 20 50 999 99.0 99.0  1.07 12.12  5.25 228 9999.0 999.0 999.0 999.0 99.0 99.00
2017 12 28 21 50 999 99.0 99.0  1.15 10.00  5.38 210 9999.0 999.0 999.0 999.0 99.0 99.00
2017 12 28 22 50 999 99.0 99.0  1.17 12.90  5.40 239 9999.0 999.0 999.0 999.0 99.0 99.00
2017 12 28 23 50 999 99.0 99.0  1.18 11.43  5.33 200 9999.0 999.0 999.0 999.0 99.0 99.00
2017 12 29 00 50 999 99.0 99.0  1.15 13.79  5.20 168 9999.0 999.0 999.0 999.0 99.0 99.00
2017 12 29 01 50 999 99.0 99.0  1.13 12.12  5.10 221 9999.0 999.0 999.0 999.0 99.0 99.00
2017 12 29 02 50 999 99.0 99.0  1.19  5.00  4.92 122 9999.0 999.0 999.0 999.0 99.0 99.00
2017 12 29 03 50 999 99.0 99.0  1.20 17.39  4.97 221 9999.0 999.0 999.0 999.0 99.0 99.00
2017 12 29 04 50 999 99.0 99.0  1.24  4.76  4.81 118 9999.0 999.0 999.0 999.0 99.0 99.00
2017 12 29 05 50 999 99.0 99.0  1.36  5.56  4.90 143 9999.0 999.0 999.0 999.0 99.0 99.00
2017 12 29 06 50 999 99.0 99.0  1.35  5.00  4.96 134 9999.0 999.0 999.0 999.0 99.0 99.00
2017 12 29 07 50 999 99.0 99.0  1.31  4.17  5.01 140 9999.0 999.0 999.0 999.0 99.0 99.00
2017 12 29 08 50 999 99.0 99.0  1.32  5.00  5.18 145 9999.0 999.0 999.0 999.0 99.0 99.00
2017 12 29 09 50 999 99.0 99.0  1.32  5.00  5.22 136 9999.0 999.0 999.0 999.0 99.0 99.00
2017 12 29 10 50 999 99.0 99.0  1.26  5.26  5.23 137 9999.0 999.0 999.0 999.0 99.0 99.00
2017 12 29 11 50 999 99.0 99.0  1.26  5.88  5.17 140 9999.0 999.0 999.0 999.0 99.0 99.00
2017 12 29 12 50 999 99.0 99.0  1.25  5.88  5.07 145 9999.0 999.0 999.0 999.0 99.0 99.00
2017 12 29 13 50 999 99.0 99.0  1.25  5.26  5.15 135 9999.0 999.0 999.0 999.0 99.0 99.00
2017 12 29 14 50 999 99.0 99.0  1.29  5.56  5.12 140 9999.0 999.0 999.0 999.0 99.0 99.00
2017 12 29 15 50 999 99.0 99.0  1.33  5.26  5.12 132 9999.0 999.0 999.0 999.0 99.0 99.00
2017 12 29 16 50 999 99.0 99.0  1.22  5.88  5.27 135 9999.0 999.0 999.0 999.0 99.0 99.00
2017 12 29 17 50 999 99.0 99.0  1.31  5.56  5.26 139 9999.0 999.0 999.0 999.0 99.0 99.00
2017 12 29 18 50 999 99.0 99.0  1.36  5.88  5.18 141 9999.0 999.0 999.0 999.0 99.0 99.00
2017 12 29 19 50 999 99.0 99.0  1.35  5.56  5.16 132 9999.0 999.0 999.0 999.0 99.0 99.00
2017 12 29 20 50 999 99.0 99.0  1.27  5.88  5.09 127 9999.0 999.0 999.0 999.0 99.0 99.00
2017 12 29 21 50 999 99.0 99.0  1.23  6.67  5.28 140 9999.0 999.0 999.0 999.0 99.0 99.00
2017 12 29 22 50 999 99.0 99.0  1.30  5.88  5.16 141 9999.0 999.0 999.0 999.0 99.0 99.00
2017 12 29 23 50 999 99.0 99.0  1.34 16.00  5.31 197 9999.0 999.0 999.0 999.0 99.0 99.00
2017 12 30 00 50 999 99.0 99.0  1.41 16.00  5.42 199 9999.0 999.0 999.0 999.0 99.0 99.00
2017 12 30 01 50 999 99.0 99.0  1.36  6.25  5.20 140 9999.0 999.0 999.0 999.0 99.0 99.00
2017 12 30 02 50 999 99.0 99.0  1.32  6.25  5.24 137 9999.0 999.0 999.0 999.0 99.0 99.00
2017 12 30 03 50 999 99.0 99.0  1.50 16.00  5.27 148 9999.0 999.0 999.0 999.0 99.0 99.00
2017 12 30 04 50 999 99.0 99.0  1.42 16.00  5.14 196 9999.0 999.0 999.0 999.0 99.0 99.00
2017 12 30 05 50 999 99.0 99.0  1.41 16.00  5.03 236 9999.0 999.0 999.0 999.0 99.0 99.00
2017 12 30 06 50 999 99.0 99.0  1.51 16.00  5.12 181 9999.0 999.0 999.0 999.0 99.0 99.00
2017 12 30 07 50 999 99.0 99.0  1.46  5.56  4.87 138 9999.0 999.0 999.0 999.0 99.0 99.00
2017 12 30 08 50 999 99.0 99.0  1.59  5.26  5.01 135 9999.0 999.0 999.0 999.0 99.0 99.00
2017 12 30 09 50 999 99.0 99.0  1.53  6.25  5.00 138 9999.0 999.0 999.0 999.0 99.0 99.00
2017 12 30 10 50 999 99.0 99.0  1.63  5.88  5.00 134 9999.0 999.0 999.0 999.0 99.0 99.00
2017 12 30 11 50 999 99.0 99.0  1.71  5.56  5.21 128 9999.0 999.0 999.0 999.0 99.0 99.00
2017 12 30 12 50 999 99.0 99.0  1.62  5.88  4.98 134 9999.0 999.0 999.0 999.0 99.0 99.00
2017 12 30 13 50 999 99.0 99.0  1.67  5.56  5.10 138 9999.0 999.0 999.0 999.0 99.0 99.00
2017 12 30 14 50 999 99.0 99.0  1.63  6.25  4.99 140 9999.0 999.0 999.0 999.0 99.0 99.00
2017 12 30 16 50 999 99.0 99.0  1.69  6.25  5.08 136 9999.0 999.0 999.0 999.0 99.0 99.00
2017 12 30 17 50 999 99.0 99.0  1.61  6.25  5.16 131 9999.0 999.0 999.0 999.0 99.0 99.00
2017 12 30 18 50 999 99.0 99.0  1.62  6.67  5.26 139 9999.0 999.0 999.0 999.0 99.0 99.00
2017 12 30 19 50 999 99.0 99.0  1.61  6.25  5.15 130 9999.0 999.0 999.0 999.0 99.0 99.00
2017 12 30 20 50 999 99.0 99.0  1.79  5.88  5.32 131 9999.0 999.0 999.0 999.0 99.0 99.00
2017 12 30 21 50 999 99.0 99.0  1.67  6.67  5.38 148 9999.0 999.0 999.0 999.0 99.0 99.00
2017 12 30 22 50 999 99.0 99.0  1.56  6.67  5.27 139 9999.0 999.0 999.0 999.0 99.0 99.00
2017 12 30 23 50 999 99.0 99.0  1.57  6.67  5.36 136 9999.0 999.0 999.0 999.0 99.0 99.00
2017 12 31 00 50 999 99.0 99.0  1.66  6.25  5.34 141 9999.0 999.0 999.0 999.0 99.0 99.00
2017 12 31 01 50 999 99.0 99.0  1.66  6.67  5.45 136 9999.0 999.0 999.0 999.0 99.0 99.00
2017 12 31 02 50 999 99.0 99.0  1.60  7.14  5.26 140 9999.0 999.0 999.0 999.0 99.0 99.00
2017 12 31 03 50 999 99.0 99.0  1.76  6.67  5.42 139 9999.0 999.0 999.0 999.0 99.0 99.00
2017 12 31 04 50 999 99.0 99.0  1.70  6.67  5.34 150 9999.0 999.0 999.0 999.0 99.0 99.00
2017 12 31 05 50 999 99.0 99.0  1.79  7.14  5.42 132 9999.0 999.0 999.0 999.0 99.0 99.00
2017 12 31 06 50 999 99.0 99.0  1.83  6.25  5.63 137 9999.0 999.0 999.0 999.0 99.0 99.00
2017 12 31 07 50 999 99.0 99.0  1.89  6.67  5.47 143 9999.0 999.0 999.0 999.0 99.0 99.00
2017 12 31 08 50 999 99.0 99.0  1.84  6.25  5.55 131 9999.0 999.0 999.0 999.0 99.0 99.00
2017 12 31 09 50 999 99.0 99.0  1.81  5.56  5.50 136 9999.0 999.0 999.0 999.0 99.0 99.00
2017 12 31 10 50 999 99.0 99.0  1.87  6.67  5.56 118 9999.0 999.0 999.0 999.0 99.0 99.00
2017 12 31 11 50 999 99.0 99.0  2.03  6.67  5.53 135 9999.0 999.0 999.0 999.0 99.0 99.00
2017 12 31 12 50 999 99.0 99.0  2.07  7.14  5.79 132 9999.0 999.0 999.0 999.0 99.0 99.00
2017 12 31 13 50 999 99.0 99.0  2.07  6.67  5.71 126 9999.0 999.0 999.0 999.0 99.0 99.00
2017 12 31 14 50 999 99.0 99.0  1.99 13.79  5.83 199 9999.0 999.0 999.0 999.0 99.0 99.00
2017 12 31 15 50 999 99.0 99.0  2.29  7.14  6.21 133 9999.0 999.0 999.0 999.0 99.0 99.00
2017 12 31 16 50 999 99.0 99.0  2.16 12.90  6.04 199 9999.0 999.0 999.0 999.0 99.0 99.00
2017 12 31 17 50 999 99.0 99.0  2.25 13.79  6.47 213 9999.0 999.0 999.0 999.0 99.0 99.00
2017 12 31 18 50 999 99.0 99.0  2.16 13.79  6.54 212 9999.0 999.0 999.0 999.0 99.0 99.00
2017 12 31 19 50 999 99.0 99.0  2.07 12.90  6.30 216 9999.0 999.0 999.0 999.0 99.0 99.00
2017 12 31 20 50 999 99.0 99.0  2.03 12.90  6.55 222 9999.0 999.0 999.0 999.0 99.0 99.00
2017 12 31 21 50 999 99.0 99.0  2.13 12.90  6.98 198 9999.0 999.0 999.0 999.0 99.0 99.00
2017 12 31 22 50 999 99.0 99.0  2.11 12.90  6.66 215 9999.0 999.0 999.0 999.0 99.0 99.00